dgp,alpha,trigger_regime,reference_size,evaluation_size,outer_repetitions,true_delta_pi,mean_delta_pi,bias_delta_pi,standardized_bias_delta_pi,empirical_variance_delta_pi,exact_variance_delta_pi,empirical_to_exact_variance_ratio_delta_pi,normal_coverage_delta_pi,true_delta_s,mean_delta_s,bias_delta_s,standardized_bias_delta_s,empirical_variance_delta_s,exact_variance_delta_s,empirical_to_exact_variance_ratio_delta_s,normal_coverage_delta_s,bridge_rms_delta_pi,bridge_rms_to_empirical_sd_delta_pi,bridge_rms_delta_s,bridge_rms_to_empirical_sd_delta_s,strict_sign_reversal_frequency_delta_pi,strict_sign_reversal_frequency_delta_s,mean_interval_union_probability,mean_pathwise_disagreement_probability,cell_key,declared_trigger_cdf,benchmark_trigger_cdf,trigger_cdf_error,trigger_cdf_mcse,trigger_cdf_error_z,predicted_delta_pi_bias_from_cdf,predicted_delta_s_bias_from_cdf,finite_n_covariance_bias_delta_pi,predicted_delta_pi_bias_cdf_plus_finite_n,benchmark_mcse_delta_pi,benchmark_mcse_delta_s,benchmark_beta_delta_trigger,benchmark_maximum_density,benchmark_delta_pi,benchmark_delta_s,delta_pi_bias_fail,delta_pi_bias_excess,delta_pi_standardized_bias_mcse,delta_pi_bias_excess_in_mcse,delta_pi_variance_fail,delta_pi_variance_boundary_distance,delta_pi_variance_ratio_mcse_approx,delta_pi_variance_excess_in_mcse_approx,delta_pi_coverage_fail,delta_pi_coverage_boundary_distance,delta_pi_coverage_mcse,delta_pi_coverage_excess_in_mcse,delta_s_bias_fail,delta_s_bias_excess,delta_s_standardized_bias_mcse,delta_s_bias_excess_in_mcse,delta_s_variance_fail,delta_s_variance_boundary_distance,delta_s_variance_ratio_mcse_approx,delta_s_variance_excess_in_mcse_approx,delta_s_coverage_fail,delta_s_coverage_boundary_distance,delta_s_coverage_mcse,delta_s_coverage_excess_in_mcse,plus_one_delta_pi_fail,plus_one_delta_s_fail,plus_one_sign_delta_pi_fail,plus_one_sign_delta_s_fail
transparent_k3_max_trigger,0.01,above_all_base_thresholds,1000,1000,2000,-7.833227541999971e-05,-9.248500000000003e-05,-1.4152724580000323e-05,-0.2712999086883113,3.466061805902955e-09,2.7213275294684373e-09,1.273665800375006,0.9255,-0.0079474034683633,-0.0094172819384889,-0.0014698784701256,-0.2764672378880546,3.635801537050693e-05,2.8266726061504044e-05,1.2862478410622258,0.921,1.565073480703058e-05,0.2658377064114428,0.001606606377322,0.2664461210268125,0.0,0.0,0.0030305,0.002912,main|transparent_k3_max_trigger|0.01|above_all_base_thresholds,0.9919021077407658,0.9918846,1.7507740765809743e-05,2.837171176161212e-05,0.6170844012837571,1.689899661938254e-07,1.71459985602441e-05,7.83322754199997e-08,2.4732224161382513e-07,3.6976218373626415e-07,3.7683022545570335e-05,0.0096523,0.024541956089632364,-7.833227541999971e-05,-0.007947403468363312,True,0.07129990868831126,0.025235548343309346,2.825375843565328,True,0.023665800375006096,0.04028692206025982,0.5874313341587026,False,0.0,0.005871530890662162,0.0,True,0.0764672378880546,0.025359888022842548,3.0152829468007845,True,0.03624784106222578,0.04068490062918723,0.8909408773686837,True,-0.0040000000000000036,0.006031542091372652,-0.6631803176374234,True,True,False,False
transparent_k3_max_trigger,0.01,above_all_base_thresholds,3000,3000,2000,-7.833227541999971e-05,-8.25471111111111e-05,-4.214835691111388e-06,-0.1399428997945483,1.0855650445469651e-09,9.071091764894791e-10,1.1967303084156988,0.935,-0.0079474034683633,-0.0083855320755209,-0.0004381286071576,-0.1427330293247398,1.1315764376812796e-05,9.42224202050135e-06,1.2009630353573422,0.935,4.805714833583893e-06,0.1458579385866852,0.0004915914449889,0.1461377338607598,0.0,0.0,0.0009738333333333,0.0009423333333333,main|transparent_k3_max_trigger|0.01|above_all_base_thresholds,0.9919021077407658,0.9918846,1.7507740765809743e-05,2.837171176161212e-05,0.6170844012837571,1.689899661938254e-07,1.71459985602441e-05,2.6110758473333238e-08,1.9510072466715864e-07,3.6976218373626415e-07,3.7683022545570335e-05,0.0096523,0.024541956089632364,-7.833227541999971e-05,-0.007947403468363312,False,-0.06005710020545171,0.024461503514866974,-2.455167981352855,False,0.0,0.03785339972864051,0.0,False,0.0,0.005512485827646179,0.0,False,-0.05726697067526021,0.024504724395076782,-2.3369767295471258,False,0.0,0.03798728378233037,0.0,False,0.0,0.005512485827646179,0.0,False,False,False,False
transparent_k3_max_trigger,0.01,above_all_base_thresholds,3000,5000,2000,-7.833227541999971e-05,-8.351065999999998e-05,-5.178384580000275e-06,-0.1923455258973868,8.497996197742897e-10,7.248104131275982e-10,1.172443999676213,0.9255,-0.0079474034683633,-0.0084827687304085,-0.0005353652620452,-0.1951122624050295,8.858702952320138e-06,7.528895102941399e-06,1.1766272250039993,0.9255,4.843174578724147e-06,0.1661391016598348,0.0004955148100655,0.1664836426626506,0.0,0.0,0.0010023,0.0009654,main|transparent_k3_max_trigger|0.01|above_all_base_thresholds,0.9919021077407658,0.9918846,1.7507740765809743e-05,2.837171176161212e-05,0.6170844012837571,1.689899661938254e-07,1.71459985602441e-05,1.5666455083999942e-08,1.8465642127782535e-07,3.6976218373626415e-07,3.7683022545570335e-05,0.0096523,0.024541956089632364,-7.833227541999971e-05,-0.007947403468363312,False,-0.007654474102613218,0.02421202180401518,-0.31614353252167665,False,0.0,0.03708520714073323,0.0,False,0.0,0.005871530890662162,0.0,False,-0.00488773759497052,0.024255177024750812,-0.20151316933217622,False,0.0,0.037217525424455236,0.0,False,0.0,0.005871530890662162,0.0,True,True,False,False
transparent_k3_max_trigger,0.01,above_all_base_thresholds,5000,5000,2000,-7.833227541999971e-05,-8.019314000000002e-05,-1.860864580000311e-06,-0.0797644480172594,5.890930746777412e-10,5.442655058936874e-10,1.08236342060746,0.951,-0.0079474034683633,-0.0081427062987332,-0.0001953028303699,-0.0821402053673371,6.133057603848919e-06,5.653345212300809e-06,1.084854607941565,0.95,2.864052373822739e-06,0.1180018991133129,0.0002928202684625,0.1182395076333102,0.0,0.0,0.0006128,0.0005882,main|transparent_k3_max_trigger|0.01|above_all_base_thresholds,0.9919021077407658,0.9918846,1.7507740765809743e-05,2.837171176161212e-05,0.6170844012837571,1.689899661938254e-07,1.71459985602441e-05,1.5666455083999942e-08,1.8465642127782535e-07,3.6976218373626415e-07,3.7683022545570335e-05,0.0096523,0.024541956089632364,-7.833227541999971e-05,-0.007947403468363312,False,-0.12023555198274061,0.023263312539355395,-5.168462220474137,False,0.0,0.03423589669601734,0.0,False,0.0,0.004826955562256609,0.0,False,-0.11785979463266291,0.023290068784157392,-5.060517241273014,False,0.0,0.03431469465851037,0.0,False,0.0,0.004873397172404485,0.0,False,False,False,False
transparent_k3_max_trigger,0.01,below_all_base_thresholds,1000,1000,2000,1.7710254349996568e-05,-3.327650000000001e-05,-5.098675434999658e-05,-0.079617311527738,4.394116368661831e-07,4.10109393814909e-07,1.0714498216651405,0.9445,0.0017975353658081,-0.0034015645167675,-0.0051990998825757,-0.0799887792941717,0.0045507093856985,0.0042247224618688,1.077161737077861,0.945,0.0002649068487223,0.3996293801049844,0.026923589450622,0.3991107343926211,0.0475,0.0475,0.0029945,0.002872,main|transparent_k3_max_trigger|0.01|below_all_base_thresholds,0.9575605261892287,0.9575345,2.6026189228756103e-05,6.376690466829172e-05,0.4081457201685015,-1.5345611976191265e-07,-1.557591700671509e-05,-1.7710254349996567e-08,-1.7116637411190922e-07,6.36072466501844e-06,0.0006455943581600921,-0.00589621932020537,0.10263553878095752,1.7710254349996568e-05,0.0017975353658081783,False,-0.12038268847226201,0.02314573202196401,-5.201075012793959,False,0.0,0.03389069208280036,0.0,False,0.0,0.005119558086397692,0.0,False,-0.12001122070582831,0.023207345141978877,-5.171260218332541,False,0.0,0.0340713638814616,0.0,False,0.0,0.005097793640389931,0.0,True,True,True,True
transparent_k3_max_trigger,0.01,below_all_base_thresholds,3000,3000,2000,1.7710254349996568e-05,9.353888888888929e-06,-8.356365461107641e-06,-0.0226010280410744,1.4162400844588968e-07,1.3670313127163632e-07,1.0359968138877178,0.9575,0.0017975353658081,0.0009429813963124,-0.0008545539694957,-0.0227719924599935,0.0014617556465849,0.0014082408206229,1.0380011892698102,0.9575,8.57026656600281e-05,0.2277329590143757,0.0087009936203862,0.227578620291604,0.0355,0.035,0.0009676666666666,0.000928,main|transparent_k3_max_trigger|0.01|below_all_base_thresholds,0.9575605261892287,0.9575345,2.6026189228756103e-05,6.376690466829172e-05,0.4081457201685015,-1.5345611976191265e-07,-1.557591700671509e-05,-5.903418116665523e-09,-1.5935953787857818e-07,6.36072466501844e-06,0.0006455943581600921,-0.00589621932020537,0.10263553878095752,1.7710254349996568e-05,0.0017975353658081783,False,-0.17739897195892562,0.022759578356020986,-7.794475327439236,False,0.0,0.03276928915221191,0.0,False,0.0,0.004510751046111944,0.0,False,-0.1772280075400065,0.022781584550572973,-7.779441642725817,False,0.0,0.03283268891906918,0.0,False,0.0,0.004510751046111944,0.0,True,True,True,True
transparent_k3_max_trigger,0.01,below_all_base_thresholds,3000,5000,2000,1.7710254349996568e-05,1.0302200000000028e-05,-7.40805434999654e-06,-0.0257512942276467,8.237254407039522e-08,8.275804025273772e-08,0.9953418884598374,0.9565,0.0017975353658081,0.001036694656999,-0.0007608407088091,-0.0260580521641367,0.0008494552187297,0.000852518053572,0.9964073079397162,0.9565,6.726477299746127e-05,0.2343669893793086,0.0068310025370333,0.2343765742960367,0.0465,0.0465,0.0009963,0.0009618,main|transparent_k3_max_trigger|0.01|below_all_base_thresholds,0.9575605261892287,0.9575345,2.6026189228756103e-05,6.376690466829172e-05,0.4081457201685015,-1.5345611976191265e-07,-1.557591700671509e-05,-3.5420508699993136e-09,-1.5699817063191196e-07,6.36072466501844e-06,0.0006455943581600921,-0.00589621932020537,0.10263553878095752,1.7710254349996568e-05,0.0017975353658081783,False,-0.1742487057723533,0.02230853971531796,-7.810852166747023,False,0.0,0.031483346001664525,0.0,False,0.0,0.004561126505590477,0.0,False,-0.1739419478358633,0.022320476114318397,-7.792931788058096,False,0.0,0.03151704594990426,0.0,False,0.0,0.004561126505590477,0.0,True,True,True,True
transparent_k3_max_trigger,0.01,below_all_base_thresholds,5000,5000,2000,1.7710254349996568e-05,2.940129999999998e-05,1.169104565000341e-05,0.0408214568473253,8.346150198530267e-08,8.20218787629818e-08,1.0175516977181291,0.951,0.0017975353658081,0.0029829029650599,0.0011853675992517,0.0407792244862107,0.0008604900106249,0.0008449444923737,1.018398271592355,0.951,5.55370363415262e-05,0.1922381606543618,0.0056384615777227,0.1922151915981513,0.0375,0.0375,0.000609,0.0005833,main|transparent_k3_max_trigger|0.01|below_all_base_thresholds,0.9575605261892287,0.9575345,2.6026189228756103e-05,6.376690466829172e-05,0.4081457201685015,-1.5345611976191265e-07,-1.557591700671509e-05,-3.5420508699993136e-09,-1.5699817063191196e-07,6.36072466501844e-06,0.0006455943581600921,-0.00589621932020537,0.10263553878095752,1.7710254349996568e-05,0.0017975353658081783,False,-0.1591785431526747,0.022556060136004794,-7.057018920542254,False,0.0,0.032185857488036054,0.0,False,0.0,0.004826955562256609,0.0,False,-0.15922077551378933,0.0225654411832824,-7.055956682635037,False,0.0,0.032212635199802477,0.0,False,0.0,0.004826955562256609,0.0,True,True,True,True
transparent_k3_max_trigger,0.05,above_all_base_thresholds,1000,1000,2000,-0.0022153187561699,-0.0022997245,-8.44057438300046e-05,-0.1389070003958592,3.838801896945973e-07,3.6922894273146155e-07,1.0396806568162007,0.9445,-0.0476057782615166,-0.0496416494837939,-0.0020358712222772,-0.151920823786365,0.0001893883722745,0.0001795833189486,1.0545989092047925,0.942,7.967775097227584e-05,0.1285994812114077,0.0017680102795785,0.1284718949667186,0.0,0.0,0.003031,0.0027265,main|transparent_k3_max_trigger|0.05|above_all_base_thresholds,0.9494056242091341,0.9493793,2.6324209134065413e-05,6.932405407325078e-05,0.37972691421436666,1.152028996755018e-06,2.4786614129097497e-05,2.2153187561699953e-06,3.3673477529250133e-06,4.352696550401956e-06,9.592676580060837e-05,0.0437631,0.1185320163832252,-0.0022153187561699955,-0.047605778261516685,False,-0.0610929996041408,0.022800007201930886,-2.6795166801073185,False,0.0,0.03288581162843631,0.0,False,0.0,0.005119558086397692,0.0,False,-0.048079176213635,0.02296300186392006,-2.093767030049237,False,0.0,0.03335768617439454,0.0,False,0.0,0.005226662414964259,0.0,False,False,False,False
transparent_k3_max_trigger,0.05,above_all_base_thresholds,3000,3000,2000,-0.0022153187561699,-0.0022180673888888,-2.748632718893671e-06,-0.0078348280753311,1.221342734905447e-07,1.2307631424382056e-07,0.9923458810164756,0.9515,-0.0476057782615166,-0.0477288786984616,-0.0001231004369449,-0.0159106244535991,5.974310979837094e-05,5.986110631620071e-05,0.9980288283145572,0.9505,2.635057335333304e-05,0.0753999907574366,0.0005825401694993,0.0753671278721526,0.0,0.0,0.0010078333333333,0.0009078333333333,main|transparent_k3_max_trigger|0.05|above_all_base_thresholds,0.9494056242091341,0.9493793,2.6324209134065413e-05,6.932405407325078e-05,0.37972691421436666,1.152028996755018e-06,2.4786614129097497e-05,7.384395853899985e-07,1.8904685821450164e-06,4.352696550401956e-06,9.592676580060837e-05,0.0437631,0.1185320163832252,-0.0022153187561699955,-0.047605778261516685,False,-0.19216517192466892,0.022274939741966482,-8.626967082771742,False,0.0,0.03138858023318182,0.0,False,0.0,0.004803527349771207,0.0,False,-0.18408937554640092,0.022338630534508568,-8.240853227865552,False,0.0,0.0315683357505263,0.0,False,0.0,0.004850244839180801,0.0,False,False,False,False
transparent_k3_max_trigger,0.05,above_all_base_thresholds,3000,5000,2000,-0.0022153187561699,-0.00221114272,4.1760361699956505e-06,0.0133524655890422,9.575485957278805e-08,9.781502456397907e-08,0.978938153924978,0.959,-0.0476057782615166,-0.047562264952458,4.351330905862788e-05,0.0063074792568552,4.686904428379582e-05,4.7591847120247686e-05,0.9848124651555212,0.9565,2.255418662687705e-05,0.0728864432585679,0.000501792253991,0.0732961062611267,0.0,0.0,0.0009949,0.0008921,main|transparent_k3_max_trigger|0.05|above_all_base_thresholds,0.9494056242091341,0.9493793,2.6324209134065413e-05,6.932405407325078e-05,0.37972691421436666,1.152028996755018e-06,2.4786614129097497e-05,4.430637512339991e-07,1.595092747989017e-06,4.352696550401956e-06,9.592676580060837e-05,0.0437631,0.1185320163832252,-0.0022153187561699955,-0.047605778261516685,False,-0.1866475344109578,0.02212394804194064,-8.436447873459464,False,0.0,0.030964484637475816,0.0,False,0.0,0.00443390347211123,0.0,False,-0.1936925207431448,0.022190228312880436,-8.728730412868936,False,0.0,0.03115029312713843,0.0,False,0.0,0.004561126505590477,0.0,False,False,False,False
transparent_k3_max_trigger,0.05,above_all_base_thresholds,5000,5000,2000,-0.0022153187561699,-0.00220777508,7.543676169995475e-06,0.0277600453223568,7.269801426932834e-08,7.384578854629232e-08,0.984457146445874,0.949,-0.0476057782615166,-0.0474729000993226,0.000132878162194,0.0221720382018437,3.537138540744156e-05,3.591666378972043e-05,0.9848182340801116,0.95,1.5933439854595453e-05,0.0590946644716693,0.0003520335420818,0.0591913179769244,0.0,0.0,0.0006084999999999,0.000547,main|transparent_k3_max_trigger|0.05|above_all_base_thresholds,0.9494056242091341,0.9493793,2.6324209134065413e-05,6.932405407325078e-05,0.37972691421436666,1.152028996755018e-06,2.4786614129097497e-05,4.430637512339991e-07,1.595092747989017e-06,4.352696550401956e-06,9.592676580060837e-05,0.0437631,0.1185320163832252,-0.0022153187561699955,-0.047605778261516685,False,-0.17223995467764322,0.02218622485288872,-7.763373706870956,False,0.0,0.031139054152865987,0.0,False,0.0,0.004919298730510276,0.0,False,-0.1778279617981563,0.02219029330676041,-8.013772478797291,False,0.0,0.031150475602176448,0.0,False,0.0,0.004873397172404485,0.0,False,False,False,False
transparent_k3_max_trigger,0.05,below_all_base_thresholds,1000,1000,2000,-0.0028221921638099,-0.003012899,-0.00019070683619,-0.0945259249385216,4.032276747172587e-06,4.070339657814441e-06,0.9906487139055388,0.949,-0.0609309588691659,-0.0653224332771081,-0.0043914744079421,-0.1003788216653956,0.0019113834839606,0.0019139761680921,0.9986453937229156,0.948,0.0004163934287425,0.2073617748603196,0.0090708560146305,0.207479101584345,0.018,0.018,0.002921,0.002628,main|transparent_k3_max_trigger|0.05|below_all_base_thresholds,0.8459317452415175,0.8458749,5.6845241517500256e-05,0.00011417992535905337,0.4978567058854096,-7.857506628697615e-07,-1.6769965317683144e-05,2.8221921638099946e-06,2.036441500940233e-06,1.914782117524407e-05,0.00041407708141994576,-0.01382262862983636,0.2754544205963272,-0.0028221921638099945,-0.060930958869165996,False,-0.1054740750614784,0.02225588364798777,-4.7391546761170575,False,0.0,0.03133489767445926,0.0,False,0.0,0.004919298730510276,0.0,False,-0.0996211783346044,0.02234552968406562,-4.458215121463122,False,0.0,0.03158783813690134,0.0,False,0.0,0.0049646752159632785,0.0,True,True,True,True
transparent_k3_max_trigger,0.05,below_all_base_thresholds,3000,3000,2000,-0.0028221921638099,-0.0028344987222222,-1.230655841222804e-05,-0.0105653020872219,1.3396213901749362e-06,1.3567798859381469e-06,0.98735351552522,0.943,-0.0609309588691659,-0.0612759074456246,-0.0003449485764586,-0.0136567299427352,0.0006315249156073,0.0006379920560307,0.9898632900484444,0.9415,0.0001444146791553,0.1247729097168608,0.0031368314601869,0.1248233805437087,0.0015,0.0015,0.0009788333333333,0.0008766666666666,main|transparent_k3_max_trigger|0.05|below_all_base_thresholds,0.8459317452415175,0.8458749,5.6845241517500256e-05,0.00011417992535905337,0.4978567058854096,-7.857506628697615e-07,-1.6769965317683144e-05,9.407307212699982e-07,1.549800584002367e-07,1.914782117524407e-05,0.00041407708141994576,-0.01382262862983636,0.2754544205963272,-0.0028221921638099945,-0.060930958869165996,False,-0.18943469791277812,0.022218837903063473,-8.525859846462058,False,0.0,0.031230668291616515,0.0,False,0.0,0.005184158562389852,0.0,False,-0.1863432700572648,0.02224705924440851,-8.376085486628963,False,0.0,0.031310054179638475,0.0,False,0.0,0.0052477495176503994,0.0,False,False,False,False
transparent_k3_max_trigger,0.05,below_all_base_thresholds,3000,5000,2000,-0.0028221921638099,-0.0028574887199999,-3.5296556190005275e-05,-0.0378870273758414,9.25187052743133e-07,8.679278115926468e-07,1.0659723543659876,0.937,-0.0609309588691659,-0.0617649722825383,-0.0008340134133723,-0.0412202177278498,0.0004372222506749,0.000409378950221,1.0680135127584276,0.937,0.0001146877032431,0.1192345404772628,0.0025020305706737,0.1196579295635924,0.0005,0.0005,0.0010157,0.0009128,main|transparent_k3_max_trigger|0.05|below_all_base_thresholds,0.8459317452415175,0.8458749,5.6845241517500256e-05,0.00011417992535905337,0.4978567058854096,-7.857506628697615e-07,-1.6769965317683144e-05,5.644384327619989e-07,-2.213122301077626e-07,1.914782117524407e-05,0.00041407708141994576,-0.01382262862983636,0.2754544205963272,-0.0028221921638099945,-0.060930958869165996,False,-0.1621129726241586,0.023086493392955845,-7.021983367713286,False,0.0,0.03371743603862957,0.0,False,0.0,0.00543281694887652,0.0,False,-0.15877978227215023,0.023108586204681883,-6.871029705832063,False,0.0,0.033781999277310126,0.0,False,0.0,0.00543281694887652,0.0,False,False,False,False
transparent_k3_max_trigger,0.05,below_all_base_thresholds,5000,5000,2000,-0.0028221921638099,-0.00285580424,-3.361207619000583e-05,-0.0372533228189377,8.144337346797625e-07,8.140679315628882e-07,1.0004493520782376,0.947,-0.0609309588691659,-0.061699737530496,-0.00076877866133,-0.0392932597835882,0.0003835906089158,0.0003827952336184,1.002077808780263,0.9475,8.620193788076926e-05,0.0955188647171381,0.0018728205931042,0.095622962179367,0.0,0.0,0.0005848,0.0005264,main|transparent_k3_max_trigger|0.05|below_all_base_thresholds,0.8459317452415175,0.8458749,5.6845241517500256e-05,0.00011417992535905337,0.4978567058854096,-7.857506628697615e-07,-1.6769965317683144e-05,5.644384327619989e-07,-2.213122301077626e-07,1.914782117524407e-05,0.00041407708141994576,-0.01382262862983636,0.2754544205963272,-0.0028221921638099945,-0.060930958869165996,False,-0.1627466771810623,0.022365703119712532,-7.276617967696341,False,0.0,0.03164489857586375,0.0,False,0.0,0.005009540897128201,0.0,False,-0.16070674021641182,0.022383898328712352,-7.1795688961948825,False,0.0,0.03169640777726783,0.0,False,0.0,0.004987171041783106,0.0,False,False,False,False
transparent_k3_max_trigger,0.1,above_all_base_thresholds,1000,1000,2000,-0.0086945432999999,-0.0088097649999999,-0.0001152217,-0.0723374102467624,2.596982692121061e-06,2.53712955332153e-06,1.0235908878682105,0.9505,-0.1006736919550885,-0.102435361539509,-0.0017616695844204,-0.0903418174878548,0.0003941435878264,0.0003802517886852,1.0365331592238696,0.9495,0.0001633889684158,0.1013883845032917,0.0019910382206205,0.1002887836870246,0.0,0.0,0.003017,0.002565,main|transparent_k3_max_trigger|0.1|above_all_base_thresholds,0.889318200684541,0.8893295999999999,-1.1399315458904269e-05,9.920809571997642e-05,-0.11490307697347442,-8.955587207401665e-07,-1.0424821125828079e-05,8.694543299999997e-06,7.798984579259831e-06,1.1588414232946694e-05,0.00014151624443854238,0.0785625,0.21776406705563178,-0.008694543299999996,-0.10067369195508857,False,-0.12766258975323763,0.02262289645324191,-5.643070064750409,False,0.0,0.03237688121090887,0.0,False,0.0,0.004850244839180801,0.0,False,-0.10965818251214521,0.022765469018053083,-4.816864630602864,False,0.0,0.032786254122731305,0.0,False,0.0,0.0048964145045124596,0.0,False,False,False,False
transparent_k3_max_trigger,0.1,above_all_base_thresholds,3000,3000,2000,-0.0086945432999999,-0.0087206450555555,-2.610175555555969e-05,-0.0283830474632142,8.084039536147061e-07,8.457098511071766e-07,0.9558880655775372,0.9555,-0.1006736919550885,-0.1011259304878781,-0.0004522385327896,-0.0401691422373199,0.0001224476984997,0.0001267505962284,0.9660522486147928,0.9525,5.37318780820309e-05,0.0597609931460441,0.0006525919756034,0.0589747917509338,0.0,0.0,0.000978,0.0008166666666666,main|transparent_k3_max_trigger|0.1|above_all_base_thresholds,0.889318200684541,0.8893295999999999,-1.1399315458904269e-05,9.920809571997642e-05,-0.11490307697347442,-8.955587207401665e-07,-1.0424821125828079e-05,2.898181099999999e-06,2.0026223792598325e-06,1.1588414232946694e-05,0.00014151624443854238,0.0785625,0.21776406705563178,-0.008694543299999996,-0.10067369195508857,False,-0.1716169525367858,0.021861931131278604,-7.8500362802464245,False,0.0,0.03023539454770342,0.0,False,0.0,0.004610843198374891,0.0,False,-0.1598308577626801,0.02197785531637235,-7.272359175265591,False,0.0,0.03055689462229721,0.0,False,0.0,0.00475624589355933,0.0,False,False,False,False
transparent_k3_max_trigger,0.1,above_all_base_thresholds,3000,5000,2000,-0.0086945432999999,-0.00873447992,-3.993662000000356e-05,-0.0489126085940892,6.696593682313093e-07,6.666547251946946e-07,1.0045070452860545,0.946,-0.1006736919550885,-0.1012647939398977,-0.0005911019848091,-0.0590959778657607,0.0001003058436428,0.000100048132975,1.0025758668365148,0.9485,4.85397598593153e-05,0.0593158350810655,0.0005982068514074,0.0597294155628018,0.0,0.0,0.0009878,0.0008279,main|transparent_k3_max_trigger|0.1|above_all_base_thresholds,0.889318200684541,0.8893295999999999,-1.1399315458904269e-05,9.920809571997642e-05,-0.11490307697347442,-8.955587207401665e-07,-1.0424821125828079e-05,1.7389086599999992e-06,8.433499392598327e-07,1.1588414232946694e-05,0.00014151624443854238,0.0785625,0.21776406705563178,-0.008694543299999996,-0.10067369195508857,False,-0.15108739140591082,0.022411013422936218,-6.741658155060613,False,0.0,0.03177324619260877,0.0,False,0.0,0.005053909377897473,0.0,False,-0.1409040221342393,0.022389460319942003,-6.293319272583712,False,0.0,0.031712161694887185,0.0,False,0.0,0.004942051699446293,0.0,False,False,False,False
transparent_k3_max_trigger,0.1,above_all_base_thresholds,5000,5000,2000,-0.0086945432999999,-0.0087074806199999,-1.2937320000001517e-05,-0.018161762849399,5.154381395085703e-07,5.07425910664306e-07,1.0157899481990875,0.95,-0.1006736919550885,-0.1009006259327819,-0.0002269339776933,-0.0260224926687053,7.800493024764157e-05,7.605035773704461e-05,1.025701029801269,0.95,3.193368104055656e-05,0.0444795830767618,0.0003897196506937,0.0441256664913259,0.0,0.0,0.0005996,0.0005027999999999,main|transparent_k3_max_trigger|0.1|above_all_base_thresholds,0.889318200684541,0.8893295999999999,-1.1399315458904269e-05,9.920809571997642e-05,-0.11490307697347442,-8.955587207401665e-07,-1.0424821125828079e-05,1.7389086599999992e-06,8.433499392598327e-07,1.1588414232946694e-05,0.00014151624443854238,0.0785625,0.21776406705563178,-0.008694543299999996,-0.10067369195508857,False,-0.18183823715060102,0.022536525333323766,-8.068601279973041,False,0.0,0.03213013214348929,0.0,False,0.0,0.004873397172404485,0.0,False,-0.17397750733129472,0.022646203101196336,-7.682413981445921,False,0.0,0.03244362644625097,0.0,False,0.0,0.004873397172404485,0.0,False,False,False,False
transparent_k3_max_trigger,0.1,below_all_base_thresholds,1000,1000,2000,-0.0111011629187499,-0.0112364035,-0.00013524058125,-0.0399086648276203,1.1451584487931717e-05,1.1483642409821202e-05,0.9972083838258436,0.9455,-0.1302362897946867,-0.1324333823759302,-0.0021970925812435,-0.0540806469177151,0.0016645724988819,0.0016504902350039,1.008532170369341,0.9465,0.0005395105772827,0.1594289452106307,0.0065303593177178,0.1600610716841495,0.0,0.0,0.0030495,0.00256,main|transparent_k3_max_trigger|0.1|below_all_base_thresholds,0.7382068043992457,0.7381669,3.9904399245727085e-05,0.00013902392878364141,0.28703259643761797,-1.0852443322866149e-06,-1.2140203149697641e-05,1.1101162918749991e-05,1.0015918586463376e-05,3.067756919347835e-05,0.0003638145467509351,-0.027196107516963094,0.3819838077633023,-0.01110116291874999,-0.1302362897946867,False,-0.16009133517237972,0.022329446744443128,-7.169516423966922,False,0.0,0.031542384529129094,0.0,False,0.0,0.005075911248239078,0.0,False,-0.1459193530822849,0.02245586972674785,-6.49804950143953,False,0.0,0.0319005636572572,0.0,False,0.0,0.005031786462082825,0.0,True,True,False,False
transparent_k3_max_trigger,0.1,below_all_base_thresholds,3000,3000,2000,-0.0111011629187499,-0.0111207314444444,-1.9568525694454303e-05,-0.0100018169960957,3.860996730366556e-06,3.827880803273734e-06,1.0086512430231631,0.9485,-0.1302362897946867,-0.130616979060763,-0.0003806892660763,-0.0162302339267046,0.0005543340987684,0.0005501634116679,1.007580815103324,0.9465,0.0001810748858625,0.0921527931465939,0.0021818901641184,0.0926716909282273,0.0,0.0,0.0010004999999999,0.0008473333333333,main|transparent_k3_max_trigger|0.1|below_all_base_thresholds,0.7382068043992457,0.7381669,3.9904399245727085e-05,0.00013902392878364141,0.28703259643761797,-1.0852443322866149e-06,-1.2140203149697641e-05,3.7003876395833303e-06,2.6151433072967155e-06,3.067756919347835e-05,0.0003638145467509351,-0.027196107516963094,0.3819838077633023,-0.01110116291874999,-0.1302362897946867,False,-0.1899981830039043,0.022457195317126793,-8.460459123272788,False,0.0,0.03190433000689352,0.0,False,0.0,0.004942051699446293,0.0,False,-0.18376976607329543,0.022445275840400403,-8.187458571683882,False,0.0,0.03187047163826575,0.0,False,0.0,0.005031786462082825,0.0,False,False,False,False
transparent_k3_max_trigger,0.1,below_all_base_thresholds,3000,5000,2000,-0.0111011629187499,-0.01110789496,-6.73204125000923e-06,-0.0041968316376438,2.4765971431749873e-06,2.573063134446198e-06,0.9625092793177912,0.9565,-0.1302362897946867,-0.1304324110892775,-0.0001961212945908,-0.0101455042097635,0.0003603192520648,0.0003736820457645,0.964240204068836,0.9555,0.0001605455297515,0.1020165268061857,0.0019551740194731,0.1030010575958741,0.0,0.0,0.0010236,0.0008562,main|transparent_k3_max_trigger|0.1|below_all_base_thresholds,0.7382068043992457,0.7381669,3.9904399245727085e-05,0.00013902392878364141,0.28703259643761797,-1.0852443322866149e-06,-1.2140203149697641e-05,2.220232583749998e-06,1.1349882514633833e-06,3.067756919347835e-05,0.0003638145467509351,-0.027196107516963094,0.3819838077633023,-0.01110116291874999,-0.1302362897946867,False,-0.1958031683623562,0.021937516715865895,-8.925493751111093,False,0.0,0.03044482807557187,0.0,False,0.0,0.004561126505590477,0.0,False,-0.1898544957902365,0.02195723347861515,-8.646558136531263,False,0.0,0.030499578411583864,0.0,False,0.0,0.004610843198374891,0.0,False,False,False,False
transparent_k3_max_trigger,0.1,below_all_base_thresholds,5000,5000,2000,-0.0111011629187499,-0.01112692558,-2.5762661250009963e-05,-0.0169994901033418,2.1690171182904094e-06,2.2967284819642405e-06,0.9443942265371272,0.9595,-0.1302362897946867,-0.1306180910645032,-0.0003818012698165,-0.0210143466006391,0.000312415089559,0.0003300980470007,0.9464311964205252,0.9615,0.0001069701757949,0.0726325379595806,0.0012888656164061,0.0729191566213331,0.0,0.0,0.0005866,0.0004881999999999,main|transparent_k3_max_trigger|0.1|below_all_base_thresholds,0.7382068043992457,0.7381669,3.9904399245727085e-05,0.00013902392878364141,0.28703259643761797,-1.0852443322866149e-06,-1.2140203149697641e-05,2.220232583749998e-06,1.1349882514633833e-06,3.067756919347835e-05,0.0003638145467509351,-0.027196107516963094,0.3819838077633023,-0.01110116291874999,-0.1302362897946867,False,-0.18300050989665823,0.021730096945677985,-8.42152293908915,False,0.0,0.029871836542567507,0.0,False,0.0,0.004407933189148855,0.0,False,-0.1789856533993609,0.021753519214376845,-8.227894146022578,False,0.0,0.02993626729583684,0.0,False,0.0,0.004302194207610808,0.0,False,False,False,False
gain_coupled_k20_max_trigger,0.01,above_all_base_thresholds,1000,1000,2000,-0.0011584173922599,-0.0012642044999999,-0.00010578710774,-0.2592835869061245,1.8736378057003505e-07,1.6646212520230397e-07,1.1255640305104178,0.929,-0.121583183948406,-0.1336126174895276,-0.0120294335411215,-0.275691446194694,0.0021769684540669,0.0019038984099134,1.1434267935367095,0.928,0.0001576320985713,0.3641680469107464,0.0169490701329113,0.3632618654461431,0.0025,0.0025,0.018776,0.0090805,main|gain_coupled_k20_max_trigger|0.01|above_all_base_thresholds,0.9746196720524254,0.9746009,1.877205242539759e-05,4.975337749257834e-05,0.37730207216983,8.561670302489885e-07,8.991503407171985e-05,1.1584173922599972e-06,2.0145844225089857e-06,2.772883678312209e-06,0.00029611287087657833,0.0456086,0.06808486437144365,-0.0011584173922599972,-0.12158318394840606,True,0.05928358690612451,0.023723027109861187,2.498989131175486,False,0.0,0.035602361590971514,0.0,False,0.0,0.005742778073371805,0.0,True,0.07569144619469398,0.023910528993904646,3.1656115267876133,False,0.0,0.03616737302616057,0.0,False,0.0,0.0057799653978203,0.0,True,True,False,False
gain_coupled_k20_max_trigger,0.01,above_all_base_thresholds,3000,3000,2000,-0.0011584173922599,-0.0011924667222222,-3.404932996222505e-05,-0.144547797952033,5.7125297454897194e-08,5.5487375067434665e-08,1.0295188299225173,0.943,-0.121583183948406,-0.1254296779235721,-0.0038464939751661,-0.1526876103935698,0.0006569982520672,0.0006346328033044,1.0352415580258167,0.942,3.562361662897801e-05,0.1490471826224461,0.003884593314333,0.1515526209011814,0.0,0.0,0.0064651666666666,0.0030273333333333,main|gain_coupled_k20_max_trigger|0.01|above_all_base_thresholds,0.9746196720524254,0.9746009,1.877205242539759e-05,4.975337749257834e-05,0.37730207216983,8.561670302489885e-07,8.991503407171985e-05,3.8613913075333237e-07,1.2423061610023208e-06,2.772883678312209e-06,0.00029611287087657833,0.0456086,0.06808486437144365,-0.0011584173922599972,-0.12158318394840606,False,-0.055452202047967,0.02268831009487614,-2.4440869247679293,False,0.0,0.03256438608027828,0.0,False,0.0,0.005184158562389852,0.0,False,-0.04731238960643022,0.022751280821371535,-2.079548398962536,False,0.0,0.032745399891752056,0.0,False,0.0,0.005226662414964259,0.0,False,True,False,False
gain_coupled_k20_max_trigger,0.01,above_all_base_thresholds,3000,5000,2000,-0.0011584173922599,-0.00119651012,-3.809272774000301e-05,-0.1791027407419452,5.0494829621196214e-08,4.5235529876167666e-08,1.1162647980343303,0.94,-0.121583183948406,-0.125876934094815,-0.004293750146409,-0.1887071293068819,0.0005816312959725,0.0005177223602394,1.123442487018531,0.9385,3.332908518396513e-05,0.1483200754563648,0.0036568974907218,0.1516313156258857,0.0,0.0,0.0064660999999999,0.0030245,main|gain_coupled_k20_max_trigger|0.01|above_all_base_thresholds,0.9746196720524254,0.9746009,1.877205242539759e-05,4.975337749257834e-05,0.37730207216983,8.561670302489885e-07,8.991503407171985e-05,2.3168347845199942e-07,1.087850508700988e-06,2.772883678312209e-06,0.00029611287087657833,0.0456086,0.06808486437144365,-0.0011584173922599972,-0.12158318394840606,False,-0.0208972592580548,0.023624825904483723,-0.8845465927471127,False,0.0,0.03530822049534496,0.0,False,0.0,0.005310367218940704,0.0,False,-0.011292870693118101,0.02370065913659925,-0.4764791826265844,False,0.0,0.03553525571651062,0.0,False,0.0,0.005372045699731156,0.0,False,True,False,False
gain_coupled_k20_max_trigger,0.01,above_all_base_thresholds,5000,5000,2000,-0.0011584173922599,-0.00117886924,-2.045184774000287e-05,-0.112088184658405,3.4109708836240555e-08,3.32924250404608e-08,1.0245486411634626,0.942,-0.121583183948406,-0.1239197390783858,-0.0023365551299798,-0.1197399711186292,0.0003916216226073,0.0003807796819826,1.0284730019422093,0.9415,2.1261693159294904e-05,0.1151221363103884,0.0023199100873242,0.1172297454667684,0.0,0.0,0.0039543999999999,0.0018250999999999,main|gain_coupled_k20_max_trigger|0.01|above_all_base_thresholds,0.9746196720524254,0.9746009,1.877205242539759e-05,4.975337749257834e-05,0.37730207216983,8.561670302489885e-07,8.991503407171985e-05,2.3168347845199942e-07,1.087850508700988e-06,2.772883678312209e-06,0.00029611287087657833,0.0456086,0.06808486437144365,-0.0011584173922599972,-0.12158318394840606,False,-0.087911815341595,0.022633477871987134,-3.884149658254738,False,0.0,0.03240717560394935,0.0,False,0.0,0.005226662414964259,0.0,False,-0.0802600288813708,0.022676783302997466,-3.539303957222269,False,0.0,0.03253130582459527,0.0,False,0.0,0.0052477495176503994,0.0,False,False,False,False
gain_coupled_k20_max_trigger,0.01,below_all_base_thresholds,1000,1000,2000,0.0072832762495,0.0062651035,-0.0010181727495,-0.2992208356390553,1.065251738347949e-05,1.157868597905088e-05,0.92001090648394,0.96,0.7704774205260767,0.6652410609636508,-0.1052363595624259,-0.2923539560097099,0.1201415419451314,0.1295727518856887,0.9272130150567632,0.96,0.001628571072904,0.498977072501659,0.1707852922381979,0.4927241698020704,0.0125,0.0125,0.0184435,0.0090195,main|gain_coupled_k20_max_trigger|0.01|below_all_base_thresholds,0.903948238413394,0.9039825,-3.426158660602141e-05,9.31655192084228e-05,-0.3677496449021445,5.8552289494852204e-06,0.0006230927643560884,-7.283276249500009e-06,-1.428047300014789e-06,3.0121414938003477e-05,0.0031950601820468693,-0.1708977758915629,0.19891646532171148,0.007283276249500009,0.7704774205260767,True,0.09922083563905532,0.021447737718509382,4.626167894314924,False,0.0,0.029100575420329716,0.0,False,0.0,0.004381780460041331,0.0,True,0.09235395600970991,0.02153152357656981,4.289243893089281,False,0.0,0.029328383049817316,0.0,False,0.0,0.004381780460041331,0.0,True,True,True,True
gain_coupled_k20_max_trigger,0.01,below_all_base_thresholds,3000,3000,2000,0.0072832762495,0.0069072317222222,-0.0003760445272777,-0.1914124852583547,3.7827740618727856e-06,3.85956199301696e-06,0.9801044959808636,0.9515,0.7704774205260767,0.7316818650023325,-0.0387955555237442,-0.1866748285588071,0.042483217093592,0.0431909172952296,0.9836146058950288,0.9505,0.0005524233613401,0.2840317141945276,0.0577561549431026,0.280213835328636,0.0,0.0,0.0065023333333333,0.0030543333333333,main|gain_coupled_k20_max_trigger|0.01|below_all_base_thresholds,0.903948238413394,0.9039825,-3.426158660602141e-05,9.31655192084228e-05,-0.3677496449021445,5.8552289494852204e-06,0.0006230927643560884,-2.4277587498333365e-06,3.427470199651884e-06,3.0121414938003477e-05,0.0031950601820468693,-0.1708977758915629,0.19891646532171148,0.007283276249500009,0.7704774205260767,False,-0.008587514741645319,0.02213712375152725,-0.3879236904502042,False,0.0,0.031001376835953026,0.0,False,0.0,0.004803527349771207,0.0,False,-0.013325171441192912,0.022176728860395855,-0.6008628019522559,False,0.0,0.031112404017881977,0.0,False,0.0,0.004850244839180801,0.0,True,True,False,False
gain_coupled_k20_max_trigger,0.01,below_all_base_thresholds,3000,5000,2000,0.0072832762495,0.00691357222,-0.0003697040295,-0.2271147016691756,2.450966734271408e-06,2.649829142527122e-06,0.9249527431545796,0.958,0.7704774205260767,0.7323674071576113,-0.0381100133684654,-0.2215859323782284,0.027439487079512,0.029579704539361,0.9276457458524958,0.9565,0.00046221909215,0.2952427023827408,0.0481468523551742,0.2906564102636818,0.0,0.0,0.0064578,0.0030074999999999,main|gain_coupled_k20_max_trigger|0.01|below_all_base_thresholds,0.903948238413394,0.9039825,-3.426158660602141e-05,9.31655192084228e-05,-0.3677496449021445,5.8552289494852204e-06,0.0006230927643560884,-1.4566552499000019e-06,4.3985736995852186e-06,3.0121414938003477e-05,0.0031950601820468693,-0.1708977758915629,0.19891646532171148,0.007283276249500009,0.7704774205260767,True,0.027114701669175595,0.021505263810920567,1.2608402253315536,False,0.0,0.02925688910067347,0.0,False,0.0,0.00448530935387962,0.0,True,0.021585932378228395,0.021536547377104063,1.0022930788421933,False,0.0,0.02934207062142018,0.0,False,0.0,0.004561126505590477,0.0,True,True,False,False
gain_coupled_k20_max_trigger,0.01,below_all_base_thresholds,5000,5000,2000,0.0072832762495,0.00705964974,-0.0002236265095,-0.1469530652768187,2.395118963133099e-06,2.315737195810176e-06,1.0342792642734016,0.9425,0.7704774205260767,0.7475143571142178,-0.0229630634118589,-0.1426454705710181,0.0268624191087711,0.0259145503771377,1.0365766998785997,0.941,0.0003385252390626,0.2187396479620305,0.0353662134165859,0.2157823919705457,0.0,0.0,0.0040177,0.0018684,main|gain_coupled_k20_max_trigger|0.01|below_all_base_thresholds,0.903948238413394,0.9039825,-3.426158660602141e-05,9.31655192084228e-05,-0.3677496449021445,5.8552289494852204e-06,0.0006230927643560884,-1.4566552499000019e-06,4.3985736995852186e-06,3.0121414938003477e-05,0.0031950601820468693,-0.1708977758915629,0.19891646532171148,0.007283276249500009,0.7704774205260767,False,-0.05304693472318131,0.022740704301685573,-2.3326865350977455,False,0.0,0.032714961880940106,0.0,False,0.0,0.005205465877325487,0.0,False,-0.05735452942898192,0.022765947156648234,-2.519312244482345,False,0.0,0.03278763134347717,0.0,False,0.0,0.005268728499363013,0.0,True,True,False,False
gain_coupled_k20_max_trigger,0.05,above_all_base_thresholds,1000,1000,2000,-0.0141916712588699,-0.014322208,-0.00013053674113,-0.0583191103516385,5.108226631051524e-06,5.010069517565137e-06,1.0195919663673831,0.9495,-0.3498876988385859,-0.355180895259759,-0.005293196421173,-0.0879892125371626,0.0037614089884132,0.003618904798679,1.0393777116729557,0.9495,0.0002847439165285,0.1259851553488707,0.0075774537452074,0.1235514978890844,0.0,0.0,0.0192415,0.005608,main|gain_coupled_k20_max_trigger|0.05|above_all_base_thresholds,0.8774319797369772,0.8776043,-0.00017232026302282932,0.00010364120446111672,-1.6626617175939813,-1.998037940926034e-05,-0.0004970519810936681,1.4191671258869998e-05,-5.78870815039034e-06,1.6052716820125773e-05,0.00042573002823213145,0.1159491,0.2380771415701307,-0.014191671258869998,-0.34988769883858595,False,-0.1416808896483615,0.02257866212120841,-6.274990470550464,False,0.0,0.032250392583529935,0.0,False,0.0,0.0048964145045124596,0.0,False,-0.11201078746283741,0.022796685194046918,-4.913468186685654,False,0.0,0.03287622926595876,0.0,False,0.0,0.0048964145045124596,0.0,False,False,False,False
gain_coupled_k20_max_trigger,0.05,above_all_base_thresholds,3000,3000,2000,-0.0141916712588699,-0.0143229441111111,-0.0001312728522411,-0.1015812781088445,1.8255131200907984e-06,1.6700231725217125e-06,1.0931064611123318,0.9395,-0.3498876988385859,-0.3539887840961524,-0.0041010852575664,-0.1180785050569083,0.0013269634400226,0.0012063015995596,1.100026262509302,0.9375,9.58189391766485e-05,0.0709183918775568,0.0025367623501824,0.0696386437882557,0.0,0.0,0.0065214999999999,0.0018725,main|gain_coupled_k20_max_trigger|0.05|above_all_base_thresholds,0.8774319797369772,0.8776043,-0.00017232026302282932,0.00010364120446111672,-1.6626617175939813,-1.998037940926034e-05,-0.0004970519810936681,4.730557086289999e-06,-1.524982232297034e-05,1.6052716820125773e-05,0.00042573002823213145,0.1159491,0.2380771415701307,-0.014191671258869998,-0.34988769883858595,False,-0.09841872189115551,0.023378477934976133,-4.209800234424713,False,0.0,0.034575706428980696,0.0,False,0.0,0.005331029450303197,0.0,False,-0.08192149494309171,0.023452358756735986,-3.4931025826799713,False,0.0,0.03479458448904177,0.0,False,0.0,0.005412658773652742,0.0,False,False,False,False
gain_coupled_k20_max_trigger,0.05,above_all_base_thresholds,3000,5000,2000,-0.0141916712588699,-0.01429055762,-9.88863611300038e-05,-0.0858604383004972,1.4040763603305013e-06,1.326436882778847e-06,1.0585323572946808,0.9425,-0.3498876988385859,-0.3529889529625747,-0.0031012541239888,-0.0998515196200664,0.0010291306672963,0.0009646401903082,1.0668544371632391,0.944,8.289356627869262e-05,0.069956079191075,0.00226187697945,0.0705072409601652,0.0,0.0,0.0065519,0.0018636,main|gain_coupled_k20_max_trigger|0.05|above_all_base_thresholds,0.8774319797369772,0.8776043,-0.00017232026302282932,0.00010364120446111672,-1.6626617175939813,-1.998037940926034e-05,-0.0004970519810936681,2.8383342517739995e-06,-1.7142045157486338e-05,1.6052716820125773e-05,0.00042573002823213145,0.1159491,0.2380771415701307,-0.014191671258869998,-0.34988769883858595,False,-0.11413956169950282,0.023005785764614525,-4.961341588908571,False,0.0,0.03348210383291905,0.0,False,0.0,0.005205465877325487,0.0,False,-0.10014848037993361,0.023096043353388898,-4.336174765849613,False,0.0,0.03374533692196419,0.0,False,0.0,0.005141206084179083,0.0,False,False,False,False
gain_coupled_k20_max_trigger,0.05,above_all_base_thresholds,5000,5000,2000,-0.0141916712588699,-0.0142473864799999,-5.571522113000105e-05,-0.055659203187083,1.008537872310165e-06,1.0020139035130276e-06,1.006510856560238,0.951,-0.3498876988385859,-0.3517411114791103,-0.0018534126405244,-0.0688919604513652,0.0007353991208137,0.0007237809597358,1.01605204022243,0.952,5.7321156220020686e-05,0.057078011713294,0.0015123486297565,0.0557686798461889,0.0,0.0,0.0040184999999999,0.0011482,main|gain_coupled_k20_max_trigger|0.05|above_all_base_thresholds,0.8774319797369772,0.8776043,-0.00017232026302282932,0.00010364120446111672,-1.6626617175939813,-1.998037940926034e-05,-0.0004970519810936681,2.8383342517739995e-06,-1.7142045157486338e-05,1.6052716820125773e-05,0.00042573002823213145,0.1159491,0.2380771415701307,-0.014191671258869998,-0.34988769883858595,False,-0.144340796812917,0.02243335526130942,-6.434204564212474,False,0.0,0.03183662811634632,0.0,False,0.0,0.004826955562256609,0.0,False,-0.1311080395486348,0.022539432559654536,-5.816829647402814,False,0.0,0.03213842229378924,0.0,False,0.0,0.004779958158812692,0.0,False,False,False,False
gain_coupled_k20_max_trigger,0.05,below_all_base_thresholds,1000,1000,2000,0.0047534510748599,0.00365566,-0.0010977910748599,-0.1871310739062678,3.426485663371686e-05,3.44149839513222e-05,0.9956377339063216,0.943,0.1219714557552205,0.0933894573242963,-0.0285819984309242,-0.190802666011579,0.022664474839365,0.0224396616792704,1.010018562815602,0.941,0.0015419831566849,0.2634238970560348,0.0394107828423713,0.2617834768297203,0.0715,0.0715,0.01957,0.0056315,main|gain_coupled_k20_max_trigger|0.05|below_all_base_thresholds,0.6919832483615674,0.6919946,-1.135163843257736e-05,0.00014599249075580566,-0.07775494735249554,2.3589261088915443e-06,6.0930040193533974e-05,-4.753451074859999e-06,-2.3945249659684546e-06,4.8194503229954025e-05,0.0012354383922998976,-0.2078049017243017,0.4181550894061094,0.004753451074859999,0.1219714557552205,False,-0.01286892609373222,0.022311854852368522,-0.5767752694198849,False,0.0,0.031492703795868375,0.0,False,0.0,0.005184158562389852,0.0,False,-0.009197333988421014,0.02247241156190855,-0.40927222977754585,False,0.0,0.03194757926890025,0.0,False,0.0,0.005268728499363013,0.0,True,True,True,True
gain_coupled_k20_max_trigger,0.05,below_all_base_thresholds,3000,3000,2000,0.0047534510748599,0.0045070574444444,-0.0002463936304155,-0.0727472060360924,1.1715389132365076e-05,1.14716613171074e-05,1.0212460783595667,0.9485,0.1219714557552205,0.1154931484518197,-0.0064783073034007,-0.0749055539661485,0.007673470188791,0.0074798872264234,1.0258804653743556,0.945,0.0005228294707055,0.15275016940109,0.0133056922310528,0.1518943321120367,0.02,0.02,0.0066708333333333,0.0018961666666666,main|gain_coupled_k20_max_trigger|0.05|below_all_base_thresholds,0.6919832483615674,0.6919946,-1.135163843257736e-05,0.00014599249075580566,-0.07775494735249554,2.3589261088915443e-06,6.0930040193533974e-05,-1.5844836916199996e-06,7.744424172715448e-07,4.8194503229954025e-05,0.0012354383922998976,-0.2078049017243017,0.4181550894061094,0.004753451074859999,0.1219714557552205,False,-0.1272527939639076,0.022596969690199243,-5.631409684949911,False,0.0,0.0323027132793423,0.0,False,0.0,0.004942051699446293,0.0,False,-0.1250944460338515,0.022648183871718672,-5.52337647655978,False,0.0,0.03244930211638803,0.0,False,0.0,0.005097793640389931,0.0,True,True,True,True
gain_coupled_k20_max_trigger,0.05,below_all_base_thresholds,3000,5000,2000,0.0047534510748599,0.00449275566,-0.0002606954148599,-0.0900841507199986,8.751287103967546e-06,8.374714461664667e-06,1.044965430645623,0.9465,0.1219714557552205,0.1151198079761393,-0.0068516477790811,-0.0928546526861469,0.005720250196384,0.0054448098648654,1.0505876859532002,0.9455,0.0004833217462701,0.1633805561035274,0.012277188775584,0.1623272462700541,0.015,0.015,0.0066067,0.0018908999999999,main|gain_coupled_k20_max_trigger|0.05|below_all_base_thresholds,0.6919832483615674,0.6919946,-1.135163843257736e-05,0.00014599249075580566,-0.07775494735249554,2.3589261088915443e-06,6.0930040193533974e-05,-9.506902149719998e-07,1.4082358939195445e-06,4.8194503229954025e-05,0.0012354383922998976,-0.2078049017243017,0.4181550894061094,0.004753451074859999,0.1219714557552205,False,-0.10991584928000141,0.022857880814345224,-4.808663155292159,False,0.0,0.033052972646114065,0.0,False,0.0,0.005031786462082825,0.0,False,-0.10714534731385311,0.022919289757245973,-4.674898238501432,False,0.0,0.03323080843420899,0.0,False,0.0,0.005075911248239078,0.0,True,True,True,True
gain_coupled_k20_max_trigger,0.05,below_all_base_thresholds,5000,5000,2000,0.0047534510748599,0.0046079617599999,-0.00014548931486,-0.0554552050133996,6.7196556443710875e-06,6.88299679026444e-06,0.976268891171882,0.948,0.1219714557552205,0.1181630171137965,-0.0038084386414239,-0.0568491286853012,0.0043915047688512,0.004487932335854,0.978514032791337,0.949,0.0003191768307455,0.1231282903321791,0.008123813634187,0.1225894996540926,0.0095,0.0095,0.0039825999999999,0.0011355999999999,main|gain_coupled_k20_max_trigger|0.05|below_all_base_thresholds,0.6919832483615674,0.6919946,-1.135163843257736e-05,0.00014599249075580566,-0.07775494735249554,2.3589261088915443e-06,6.0930040193533974e-05,-9.506902149719998e-07,1.4082358939195445e-06,4.8194503229954025e-05,0.0012354383922998976,-0.2078049017243017,0.4181550894061094,0.004753451074859999,0.1219714557552205,False,-0.14454479498660042,0.02209376485766835,-6.542334270224275,False,0.0,0.030880054027451843,0.0,False,0.0,0.0049646752159632785,0.0,False,-0.1431508713146988,0.02211915496567779,-6.471805615396496,False,0.0,0.03095106939538478,0.0,False,0.0,0.004919298730510276,0.0,False,False,False,False
gain_coupled_k20_max_trigger,0.1,above_all_base_thresholds,1000,1000,2000,-0.03369333679716,-0.033685487,7.849797160022765e-06,0.0021123082868938,1.392717862314257e-05,1.381027299594863e-05,1.0084651206553437,0.95,-0.5000382607667793,-0.5021401972913498,-0.0021019365245705,-0.0326664662573465,0.0041841230593316,0.0041403292667258,1.0105773695241402,0.9555,0.0004150913128457,0.1112274732775684,0.006323333526771,0.0977560995349116,0.0,0.0,0.019572,0.004063,main|gain_coupled_k20_max_trigger|0.1|above_all_base_thresholds,0.768705336666643,0.7687268,-2.146333335706352e-05,0.00013333638174247865,-0.16097131987964897,-3.126913622457163e-06,-4.765029249979729e-05,3.369333679716002e-05,3.056642317470286e-05,2.856581948813591e-05,0.00047793926823531014,0.1456863,0.36047205580589214,-0.03369333679716002,-0.5000382607667793,False,-0.19788769171310622,0.02245512325345091,-8.812585416679678,False,0.0,0.03189844282885686,0.0,False,0.0,0.004873397172404485,0.0,False,-0.1673335337426535,0.022478627288205794,-7.444117098309244,False,0.0,0.031965254708020155,0.0,False,0.0,0.004610843198374891,0.0,False,False,False,False
gain_coupled_k20_max_trigger,0.1,above_all_base_thresholds,3000,3000,2000,-0.03369333679716,-0.0337680623333333,-7.472553617331179e-05,-0.0348279999718126,4.610126708962862e-06,4.603424331982877e-06,1.001455954632168,0.949,-0.5000382607667793,-0.5023620783791333,-0.002323817612354,-0.0625525798602616,0.0013863337464039,0.0013801097555752,1.0045097796052542,0.9505,0.0001368160896564,0.0637207300139835,0.0021339929494548,0.0573137840099358,0.0,0.0,0.0066761666666666,0.0013621666666666,main|gain_coupled_k20_max_trigger|0.1|above_all_base_thresholds,0.768705336666643,0.7687268,-2.146333335706352e-05,0.00013333638174247865,-0.16097131987964897,-3.126913622457163e-06,-4.765029249979729e-05,1.1231112265720008e-05,8.104198643262845e-06,2.856581948813591e-05,0.00047793926823531014,0.1456863,0.36047205580589214,-0.03369333679716002,-0.5000382607667793,False,-0.1651720000281874,0.022376951921923682,-7.38134490365335,False,0.0,0.03167673810443075,0.0,False,0.0,0.004919298730510276,0.0,False,-0.13744742013973843,0.022411043924873895,-6.133021763755783,False,0.0,0.03177333268099878,0.0,False,0.0,0.004850244839180801,0.0,False,False,False,False
gain_coupled_k20_max_trigger,0.1,above_all_base_thresholds,3000,5000,2000,-0.03369333679716,-0.0337033231,-9.986302839978811e-06,-0.0053261862935789,3.4671066918667252e-06,3.51541627461119e-06,0.9862577916893192,0.949,-0.5000382607667793,-0.500605080279545,-0.0005668195127657,-0.0172834779371368,0.0010720256383166,0.0010755418300802,0.9967307717234196,0.951,0.0001100556361155,0.0591056074670847,0.0017502502968161,0.0534561373278603,0.0,0.0,0.0065506,0.0013506,main|gain_coupled_k20_max_trigger|0.1|above_all_base_thresholds,0.768705336666643,0.7687268,-2.146333335706352e-05,0.00013333638174247865,-0.16097131987964897,-3.126913622457163e-06,-4.765029249979729e-05,6.738667359432005e-06,3.611753736974842e-06,2.856581948813591e-05,0.00047793926823531014,0.1456863,0.36047205580589214,-0.03369333679716002,-0.5000382607667793,False,-0.19467381370642112,0.022206505709918875,-8.76652167835064,False,0.0,0.031196009795829385,0.0,False,0.0,0.004919298730510276,0.0,False,-0.1827165220628632,0.022324098769305557,-8.184721092261457,False,0.0,0.03152727733104014,0.0,False,0.0,0.004826955562256609,0.0,False,False,False,False
gain_coupled_k20_max_trigger,0.1,above_all_base_thresholds,5000,5000,2000,-0.03369333679716,-0.0337200431399999,-2.670634283997303e-05,-0.0160693492682066,2.6109154735357072e-06,2.762054599189726e-06,0.9452801817537,0.9545,-0.5000382607667793,-0.5009583250665645,-0.0009200642997851,-0.0319731732910991,0.0007764247639667,0.0008280658533451,0.9376364945254168,0.9545,8.614052086213574e-05,0.0533102952037175,0.0013323648315898,0.0478160251669338,0.0,0.0,0.0039978,0.0008253999999999,main|gain_coupled_k20_max_trigger|0.1|above_all_base_thresholds,0.768705336666643,0.7687268,-2.146333335706352e-05,0.00013333638174247865,-0.16097131987964897,-3.126913622457163e-06,-4.765029249979729e-05,6.738667359432005e-06,3.611753736974842e-06,2.856581948813591e-05,0.00047793926823531014,0.1456863,0.36047205580589214,-0.03369333679716002,-0.5000382607667793,False,-0.1839306507317934,0.021740287276778337,-8.460359717889148,False,0.0,0.029899859913178888,0.0,False,0.0,0.004659922209651143,0.0,False,-0.1680268267089009,0.02165221114026714,-7.7602617866780985,False,0.0,0.029658084848222143,0.0,False,0.0,0.004659922209651143,0.0,False,False,False,False
gain_coupled_k20_max_trigger,0.1,below_all_base_thresholds,1000,1000,2000,-0.0105019941332599,-0.0112304809999999,-0.00072848686674,-0.105108028019096,4.551056961744771e-05,4.8036535433351125e-05,0.9474157369361472,0.9585,-0.1681272352110943,-0.1816993514465514,-0.0135721162354571,-0.1203488174228652,0.0123141067056433,0.0127177852273543,0.9682587404572078,0.953,0.001266114883413,0.1876795607808447,0.0208734941932464,0.1881021238381679,0.018,0.018,0.019415,0.003973,main|gain_coupled_k20_max_trigger|0.1|below_all_base_thresholds,0.5271916934820868,0.5270798,0.00011189348208684446,0.00015788181796266474,0.7087167067793999,-2.6827226772448238e-05,-0.0004210746882896652,1.0501994133259972e-05,-1.6325232639188265e-05,5.5236614763187925e-05,0.0008911225748064207,-0.2397568318736089,0.4764445168299707,-0.010501994133259973,-0.1681272352110943,False,-0.09489197198090402,0.021764831000218532,-4.359876351897759,False,0.0,0.029967408987013878,0.0,False,0.0,0.004459694496263168,0.0,False,-0.07965118257713481,0.022002940036018003,-3.620024526120089,False,0.0,0.030626687471297164,0.0,False,0.0,0.004732388403332932,0.0,True,True,True,True
gain_coupled_k20_max_trigger,0.1,below_all_base_thresholds,3000,3000,2000,-0.0105019941332599,-0.0107058283333333,-0.0002038342000733,-0.0509391674084736,1.5678191937622827e-05,1.6012178477783708e-05,0.9791417176229784,0.9565,-0.1681272352110943,-0.1718778684430665,-0.0037506332319722,-0.0576049072110012,0.0041726083821133,0.0042392617424514,0.9842771302204368,0.955,0.0004333587491406,0.1094459210791093,0.0071186124056867,0.1102025221302376,0.0005,0.0005,0.006552,0.001359,main|gain_coupled_k20_max_trigger|0.1|below_all_base_thresholds,0.5271916934820868,0.5270798,0.00011189348208684446,0.00015788181796266474,0.7087167067793999,-2.6827226772448238e-05,-0.0004210746882896652,3.5006647110866576e-06,-2.332656206136158e-05,5.5236614763187925e-05,0.0008911225748064207,-0.2397568318736089,0.4764445168299707,-0.010501994133259973,-0.1681272352110943,False,-0.14906083259152642,0.022126248186520217,-6.736832712666463,False,0.0,0.030970923496737978,0.0,False,0.0,0.004561126505590477,0.0,False,-0.1423950927889988,0.022184196291734765,-6.418762749681015,False,0.0,0.031133360116297183,0.0,False,0.0,0.004635461142108735,0.0,False,False,False,False
gain_coupled_k20_max_trigger,0.1,below_all_base_thresholds,3000,5000,2000,-0.0105019941332599,-0.01067718554,-0.00017519140674,-0.050691679984769,1.183599492209275e-05,1.1944066997121266e-05,0.9909518194217628,0.9525,-0.1681272352110943,-0.1712709550617092,-0.0031437198506149,-0.0557440731358333,0.0031547068570095,0.0031804624846786,0.9919019237632608,0.9515,0.0003940107789347,0.1145264286047098,0.0064914997051149,0.1155754350323665,0.0,0.0,0.0065548,0.001335,main|gain_coupled_k20_max_trigger|0.1|below_all_base_thresholds,0.5271916934820868,0.5270798,0.00011189348208684446,0.00015788181796266474,0.7087167067793999,-2.6827226772448238e-05,-0.0004210746882896652,2.1003988266519947e-06,-2.4726827945796243e-05,5.5236614763187925e-05,0.0008911225748064207,-0.2397568318736089,0.4764445168299707,-0.010501994133259973,-0.1681272352110943,False,-0.149308320015231,0.022259288167209693,-6.707686197943118,False,0.0,0.03134448510964403,0.0,False,0.0,0.00475624589355933,0.0,False,-0.14425592686416672,0.022269956485849503,-6.477602547442246,False,0.0,0.03137453756103573,0.0,False,0.0,0.004803527349771207,0.0,False,False,False,False
gain_coupled_k20_max_trigger,0.1,below_all_base_thresholds,5000,5000,2000,-0.0105019941332599,-0.01045674534,4.52487932599728e-05,0.0145984304513109,9.640684097601084e-06,9.607307086670223e-06,1.003474127622835,0.949,-0.1681272352110943,-0.1676994591129472,0.000427776098147,0.008481951283767,0.0025501215471962,0.0025435570454708,1.0025808352665506,0.9485,0.0002576815247812,0.0829906862011976,0.0042256634043561,0.0836786104749435,0.0,0.0,0.0039391,0.0008010999999999,main|gain_coupled_k20_max_trigger|0.1|below_all_base_thresholds,0.5271916934820868,0.5270798,0.00011189348208684446,0.00015788181796266474,0.7087167067793999,-2.6827226772448238e-05,-0.0004210746882896652,2.1003988266519947e-06,-2.4726827945796243e-05,5.5236614763187925e-05,0.0008911225748064207,-0.2397568318736089,0.4764445168299707,-0.010501994133259973,-0.1681272352110943,False,-0.1854015695486891,0.022399488025654012,-8.27704496354335,False,0.0,0.03174057429910221,0.0,False,0.0,0.004919298730510276,0.0,False,-0.191518048716233,0.022389515797204624,-8.553916504980622,False,0.0,0.0317123188497339,0.0,False,0.0,0.004942051699446293,0.0,False,False,False,False
loss_coupled_k20_max_trigger,0.01,above_all_base_thresholds,1000,1000,2000,-0.0016092968466,-0.001745613,-0.0001363161533999,-0.2618912444513034,3.171839512066033e-07,2.709272485620271e-07,1.170734774335502,0.9275,-0.1689645517947289,-0.1845090806147035,-0.0155445288199746,-0.2788554793960257,0.0036970899022148,0.0031073971248655,1.1897706516590738,0.9255,0.0001516297645582,0.2692333519474472,0.0167813044579189,0.2759915026446196,0.0,0.0,0.019187,0.0098275,main|loss_coupled_k20_max_trigger|0.01|above_all_base_thresholds,0.9746197784690543,0.9745618,5.797846905430948e-05,4.979065974734615e-05,1.1644446839730767,3.6678918877827804e-06,0.000385429336539575,1.6092968466000015e-06,5.277188734382782e-06,3.638505590574955e-06,0.0003895498639951571,0.063263,0.06807872222799596,-0.0016092968466000016,-0.1689645517947289,True,0.061891244451303395,0.024194366847837764,2.5580848980486786,False,0.0,0.037031143171939875,0.0,False,0.0,0.005798437289477226,0.0,True,0.07885547939602566,0.02439027113070982,3.2330710459687606,False,0.0,0.0376332610162422,0.0,False,0.0,0.005871530890662162,0.0,True,True,False,False
loss_coupled_k20_max_trigger,0.01,above_all_base_thresholds,3000,3000,2000,-0.0016092968466,-0.0016650786666666,-5.578182006666494e-05,-0.1856209386879066,9.924363449299957e-08,9.030908285400904e-08,1.09893303482479,0.9425,-0.1689645517947289,-0.1752272148661338,-0.0062626630714049,-0.1945903481339774,0.0011471616537805,0.0010357990416218,1.1075137238825106,0.9435,4.843822844932135e-05,0.1537577166061344,0.0053400045739862,0.1576628302103707,0.0,0.0,0.0065151666666666,0.0032545,main|loss_coupled_k20_max_trigger|0.01|above_all_base_thresholds,0.9746197784690543,0.9745618,5.797846905430948e-05,4.979065974734615e-05,1.1644446839730767,3.6678918877827804e-06,0.000385429336539575,5.364322822000005e-07,4.204324169982781e-06,3.638505590574955e-06,0.0003895498639951571,0.063263,0.06807872222799596,-0.0016092968466000016,-0.1689645517947289,False,-0.014379061312093405,0.023440702152717076,-0.6134228069796402,False,0.0,0.03476000494823359,0.0,False,0.0,0.005205465877325487,0.0,False,-0.005409651866022602,0.023532039051923557,-0.22988453546614382,False,0.0,0.0350314180231469,0.0,False,0.0,0.005162739098579358,0.0,True,True,False,False
loss_coupled_k20_max_trigger,0.01,above_all_base_thresholds,3000,5000,2000,-0.0016092968466,-0.0016554730599999,-4.617621339999818e-05,-0.1713082323469167,7.731326219493384e-08,7.265745227714878e-08,1.064078904116066,0.9465,-0.1689645517947289,-0.1741722327663344,-0.0052076809716054,-0.1803849037851604,0.000891224416658,0.0008334669129036,1.0692978963654318,0.945,4.63421650335846e-05,0.1666668856512309,0.0051254579150584,0.1716876806646428,0.0,0.0,0.0065226,0.0032772,main|loss_coupled_k20_max_trigger|0.01|above_all_base_thresholds,0.9746197784690543,0.9745618,5.797846905430948e-05,4.979065974734615e-05,1.1644446839730767,3.6678918877827804e-06,0.000385429336539575,3.218593693200003e-07,3.989751257102781e-06,3.638505590574955e-06,0.0003895498639951571,0.063263,0.06807872222799596,-0.0016092968466000016,-0.1689645517947289,False,-0.028691767653083317,0.023065980405307576,-1.2438997670561285,False,0.0,0.033657544909715606,0.0,False,0.0,0.005031786462082825,0.0,False,-0.019615096214839617,0.023122477120384743,-0.8483129256746881,False,0.0,0.03382262521093857,0.0,False,0.0,0.005097793640389931,0.0,True,True,False,False
loss_coupled_k20_max_trigger,0.01,above_all_base_thresholds,5000,5000,2000,-0.0016092968466,-0.00163478294,-2.5486093399998367e-05,-0.1094868419914241,5.6918592060186446e-08,5.4185449712405424e-08,1.0504405216213475,0.942,-0.1689645517947289,-0.1718635562709277,-0.0028990044761988,-0.1162881625371737,0.0006549457148824,0.0006214794249731,1.0538493931810458,0.9405,2.8202959603559285e-05,0.1182136456403598,0.0031158597459748,0.121751760032685,0.0,0.0,0.0039736999999999,0.0019959,main|loss_coupled_k20_max_trigger|0.01|above_all_base_thresholds,0.9746197784690543,0.9745618,5.797846905430948e-05,4.979065974734615e-05,1.1644446839730767,3.6678918877827804e-06,0.000385429336539575,3.218593693200003e-07,3.989751257102781e-06,3.638505590574955e-06,0.0003895498639951571,0.063263,0.06807872222799596,-0.0016092968466000016,-0.1689645517947289,False,-0.09051315800857591,0.02291768445569215,-3.949489669585481,False,0.0,0.033226153525546406,0.0,False,0.0,0.005226662414964259,0.0,False,-0.08371183746282632,0.022954840373884608,-3.6468054710615228,False,0.0,0.033333978468948804,0.0,False,0.0,0.005289600646551685,0.0,False,False,False,False
loss_coupled_k20_max_trigger,0.01,below_all_base_thresholds,1000,1000,2000,-0.001729596606,-0.0024412355,-0.000711638894,-0.3436927225328934,4.121633770925212e-06,4.287248720627625e-06,0.961370342498308,0.9415,-0.1824449502302991,-0.2592313687945898,-0.0767864185642906,-0.3508495728621406,0.0466527051945417,0.0478990521571687,0.973979715537221,0.939,0.0010017006573822,0.4934046736250722,0.1069576290508959,0.4951916938774089,0.0905,0.0905,0.01897,0.0097915,main|loss_coupled_k20_max_trigger|0.01|below_all_base_thresholds,0.9039482643265628,0.903838,0.00011026432656280338,9.322814476111813e-05,1.1827364670329725,-3.3905863711239374e-06,-0.00035597604242452573,1.729596606e-06,-1.6609897651239373e-06,1.9817795715878452e-05,0.002091610227721129,-0.03074962208373673,0.1989936038751316,-0.001729596606,-0.18244495023029916,True,0.1436927225328934,0.02192453354690024,6.553969425416082,False,0.0,0.03040880272350183,0.0,False,0.0,0.0052477495176503994,0.0,True,0.15084957286214057,0.022067846695330528,6.835717818089599,False,0.0,0.030807645833443118,0.0,False,0.0,0.005351588549206677,0.0,True,True,True,True
loss_coupled_k20_max_trigger,0.01,below_all_base_thresholds,3000,3000,2000,-0.001729596606,-0.0019909843888888,-0.0002613877828888,-0.2186535700754454,1.3446559184130306e-06,1.4290829068758749e-06,0.940922259963622,0.9485,-0.1824449502302991,-0.2104831897883164,-0.0280382395580172,-0.2218952009560516,0.015077037118055,0.0159663507190562,0.9443007599764324,0.949,0.0003443362859935,0.2969458136777851,0.0365936542234392,0.2980216247495529,0.0265,0.0265,0.0065955,0.0033013333333333,main|loss_coupled_k20_max_trigger|0.01|below_all_base_thresholds,0.9039482643265628,0.903838,0.00011026432656280338,9.322814476111813e-05,1.1827364670329725,-3.3905863711239374e-06,-0.00035597604242452573,5.76532202e-07,-2.8140541691239374e-06,1.9817795715878452e-05,0.002091610227721129,-0.03074962208373673,0.1989936038751316,-0.001729596606,-0.18244495023029916,True,0.01865357007544538,0.021690115951322413,0.8600032437497459,False,0.0,0.029762015860641804,0.0,False,0.0,0.004942051699446293,0.0,True,0.021895200956051603,0.021729021606786997,1.0076478063426795,False,0.0,0.029868880131203673,0.0,False,0.0,0.004919298730510276,0.0,True,True,True,True
loss_coupled_k20_max_trigger,0.01,below_all_base_thresholds,3000,5000,2000,-0.001729596606,-0.00197485698,-0.000245260374,-0.2577517697855646,9.364936354021812e-07,9.05422870827488e-07,1.034316301891399,0.938,-0.1824449502302991,-0.2088440485866317,-0.0263990983563325,-0.2622496627782182,0.0105368499473507,0.0101332395927794,1.0398303376601257,0.936,0.0002938001726316,0.303598507031766,0.0312951728846363,0.304875101122618,0.0125,0.0125,0.0066524,0.0033533,main|loss_coupled_k20_max_trigger|0.01|below_all_base_thresholds,0.9039482643265628,0.903838,0.00011026432656280338,9.322814476111813e-05,1.1827364670329725,-3.3905863711239374e-06,-0.00035597604242452573,3.4591932120000003e-07,-3.0446670499239372e-06,1.9817795715878452e-05,0.002091610227721129,-0.03074962208373673,0.1989936038751316,-0.001729596606,-0.18244495023029916,True,0.057751769785564566,0.022741111471203414,2.539531537792003,False,0.0,0.03271613340617783,0.0,False,0.0,0.005392402062161169,0.0,True,0.062249662778218195,0.02280164837966902,2.7300509920029645,False,0.0,0.03289054613610021,0.0,False,0.0,0.00547284204047586,0.0,True,True,True,True
loss_coupled_k20_max_trigger,0.01,below_all_base_thresholds,5000,5000,2000,-0.001729596606,-0.00184421044,-0.0001146138339999,-0.1237749338827003,8.317526895109613e-07,8.57449744125525e-07,0.970030832954798,0.955,-0.1824449502302991,-0.1948043273612485,-0.0123593771309493,-0.1262752179561831,0.0093152651948144,0.0095798104314337,0.9723851282326752,0.9545,0.0002000986308898,0.219405247422162,0.0212510501040841,0.2201824924540379,0.0145,0.0145,0.0039256,0.0019637,main|loss_coupled_k20_max_trigger|0.01|below_all_base_thresholds,0.9039482643265628,0.903838,0.00011026432656280338,9.322814476111813e-05,1.1827364670329725,-3.3905863711239374e-06,-0.00035597604242452573,3.4591932120000003e-07,-3.0446670499239372e-06,1.9817795715878452e-05,0.002091610227721129,-0.03074962208373673,0.1989936038751316,-0.001729596606,-0.18244495023029916,False,-0.0762250661172997,0.022023065555853004,-3.4611469472305867,False,0.0,0.030682739971343066,0.0,False,0.0,0.004635461142108735,0.0,False,-0.07372478204381691,0.02204977469536452,-3.3435616945018456,False,0.0,0.03075720794429072,0.0,False,0.0,0.004659922209651143,0.0,True,True,True,True
loss_coupled_k20_max_trigger,0.05,above_all_base_thresholds,1000,1000,2000,-0.0224134513079999,-0.022602343,-0.000188891692,-0.0616894259244217,9.13358972821511e-06,9.375711951484628e-06,0.9741755906620851,0.953,-0.5555697890046698,-0.564183252693608,-0.0086134636889382,-0.1025517137326593,0.0069974501322222,0.0070545580260686,0.9919048232879456,0.952,0.0003465876563006,0.1146812297863257,0.0104050203527747,0.12438643705319,0.0,0.0,0.019809,0.0061,main|loss_coupled_k20_max_trigger|0.05|above_all_base_thresholds,0.8774319473974589,0.87739,4.194739745888576e-05,0.00010371923056984177,0.4044322082647875,7.668101708197201e-06,0.00019280597615713537,2.2413451307999988e-05,3.008155301619719e-05,2.1990689409579715e-05,0.0006010018561270439,0.1828028,0.23783354568178694,-0.022413451307999988,-0.5555697890046698,False,-0.1383105740755783,0.022070065594171726,-6.266885500879682,False,0.0,0.030813841497868293,0.0,False,0.0,0.004732388403332932,0.0,False,-0.09744828626734071,0.02226998903556023,-4.3757671416783115,False,0.0,0.03137462927498844,0.0,False,0.0,0.004779958158812692,0.0,False,False,False,False
loss_coupled_k20_max_trigger,0.05,above_all_base_thresholds,3000,3000,2000,-0.0224134513079999,-0.0224533726111111,-3.9921303111124795e-05,-0.0225820418742497,3.0890059651620606e-06,3.1252373171615422e-06,0.9884068477614402,0.9525,-0.5555697890046698,-0.557676685420543,-0.0021068964158732,-0.0434479116523613,0.002330972136866,0.0023515193420228,0.991262157708129,0.9485,0.0001133944358161,0.064518219107403,0.0033586412743098,0.0695656871942115,0.0,0.0,0.0065475,0.0019835,main|loss_coupled_k20_max_trigger|0.05|above_all_base_thresholds,0.8774319473974589,0.87739,4.194739745888576e-05,0.00010371923056984177,0.4044322082647875,7.668101708197201e-06,0.00019280597615713537,7.471150435999996e-06,1.5139252144197196e-05,2.1990689409579715e-05,0.0006010018561270439,0.1828028,0.23783354568178694,-0.022413451307999988,-0.5555697890046698,False,-0.1774179581257503,0.022230686536423478,-7.980768287792776,False,0.0,0.031263985912056404,0.0,False,0.0,0.00475624589355933,0.0,False,-0.1565520883476387,0.022262773386396956,-7.032011943457839,False,0.0,0.03135430132230473,0.0,False,0.0,0.004942051699446293,0.0,False,False,False,False
loss_coupled_k20_max_trigger,0.05,above_all_base_thresholds,3000,5000,2000,-0.0224134513079999,-0.02247216982,-5.87185120000111e-05,-0.0372829093646648,2.517561030464399e-06,2.480450089550074e-06,1.0149613737727157,0.9465,-0.5555697890046698,-0.5581938033940812,-0.0026240143894114,-0.0606813557962752,0.0019126675284921,0.001869915033932,1.0228633353838688,0.945,0.0001029925402813,0.0649106213348502,0.0031568454603867,0.0721827759157734,0.0,0.0,0.0066113,0.0019949,main|loss_coupled_k20_max_trigger|0.05|above_all_base_thresholds,0.8774319473974589,0.87739,4.194739745888576e-05,0.00010371923056984177,0.4044322082647875,7.668101708197201e-06,0.00019280597615713537,4.482690261599998e-06,1.21507919697972e-05,2.1990689409579715e-05,0.0006010018561270439,0.1828028,0.23783354568178694,-0.022413451307999988,-0.5555697890046698,False,-0.1627170906353352,0.02252733199662929,-7.223096399506261,False,0.0,0.03210392376659282,0.0,False,0.0,0.005031786462082825,0.0,False,-0.1393186442037248,0.022614855022571656,-6.160492475617124,False,0.0,0.032353868227265284,0.0,False,0.0,0.005097793640389931,0.0,False,False,False,False
loss_coupled_k20_max_trigger,0.05,above_all_base_thresholds,5000,5000,2000,-0.0224134513079999,-0.02243058518,-1.71338720000129e-05,-0.0125123358287135,1.897976190689312e-06,1.8751423902969256e-06,1.0121771021286392,0.947,-0.5555697890046698,-0.5565595587205551,-0.0009897697158852,-0.026350220797453,0.0014282824900252,0.0014109116052137,1.012311816521554,0.9395,6.679546381005219e-05,0.0484843513526649,0.0019765924772604,0.0523010107712952,0.0,0.0,0.0039818,0.0011752,main|loss_coupled_k20_max_trigger|0.05|above_all_base_thresholds,0.8774319473974589,0.87739,4.194739745888576e-05,0.00010371923056984177,0.4044322082647875,7.668101708197201e-06,0.00019280597615713537,4.482690261599998e-06,1.21507919697972e-05,2.1990689409579715e-05,0.0006010018561270439,0.1828028,0.23783354568178694,-0.022413451307999988,-0.5555697890046698,False,-0.1874876641712865,0.022496411959784156,-8.33411410257111,False,0.0,0.03201585534653595,0.0,False,0.0,0.005009540897128201,0.0,False,-0.173649779202547,0.022497908975297617,-7.718485277596775,False,0.0,0.03202011645509847,0.0,False,0.0,0.005331029450303197,0.0,False,False,False,False
loss_coupled_k20_max_trigger,0.05,below_all_base_thresholds,1000,1000,2000,-0.0273464945357599,-0.0283822475,-0.00103575296424,-0.1839599251041866,3.242578755201975e-05,3.1700486085014136e-05,1.0228798216235708,0.9425,-0.7061057041065899,-0.7380787856964399,-0.03197308158985,-0.209153347540227,0.0242803782225188,0.0233689582110028,1.0390013111961,0.94,0.0014059819748133,0.2469076161390154,0.0392749724546284,0.2520508493987988,0.0,0.0,0.019555,0.005903,main|loss_coupled_k20_max_trigger|0.05|below_all_base_thresholds,0.6919833493633816,0.6918658,0.00011754936338159716,0.0001460094225693534,0.8050806674874841,-9.826394365824268e-06,-0.00022908680223288427,2.734649453575999e-05,1.7520100169935723e-05,4.943908850895214e-05,0.0013113067226251044,-0.08359376931651363,0.4181123908368113,-0.02734649453575999,-0.7061057041065899,False,-0.01604007489581341,0.02261503727195216,-0.7092659058186381,False,0.0,0.03235438969832445,0.0,False,0.0,0.005205465877325487,0.0,True,0.00915334754022698,0.02279255702193262,0.4015937102370295,False,0.0,0.032864323460942986,0.0,False,0.0,0.005310367218940704,0.0,True,True,False,False
loss_coupled_k20_max_trigger,0.05,below_all_base_thresholds,3000,3000,2000,-0.0273464945357599,-0.0275722955555555,-0.0002258010197955,-0.0694630047483829,1.083427611453134e-05,1.0566828695004714e-05,1.0253100932404684,0.949,-0.7061057041065899,-0.7128458890031358,-0.0067401848965459,-0.0763682364415924,0.0080295039650987,0.0077896527370009,1.0307910039376376,0.948,0.0004674486326965,0.1420149103690848,0.0129504722861307,0.1445244244023976,0.0,0.0,0.0066246666666666,0.0019671666666666,main|loss_coupled_k20_max_trigger|0.05|below_all_base_thresholds,0.6919833493633816,0.6918658,0.00011754936338159716,0.0001460094225693534,0.8050806674874841,-9.826394365824268e-06,-0.00022908680223288427,9.115498178586664e-06,-7.108961872376047e-07,4.943908850895214e-05,0.0013113067226251044,-0.08359376931651363,0.4181123908368113,-0.02734649453575999,-0.7061057041065899,False,-0.1305369952516171,0.0226418869933633,-5.765287817657582,False,0.0,0.03243126085493899,0.0,False,0.0,0.004919298730510276,0.0,False,-0.12363176355840762,0.022702323712977462,-5.445775732980817,False,0.0,0.03260462581614867,0.0,False,0.0,0.0049646752159632785,0.0,False,False,False,False
loss_coupled_k20_max_trigger,0.05,below_all_base_thresholds,3000,5000,2000,-0.0273464945357599,-0.0276188020399999,-0.00027230750424,-0.1007312862626882,7.232736969286883e-06,7.307864064876708e-06,0.9897196917015872,0.949,-0.7061057041065899,-0.7146737897903426,-0.0085680856837526,-0.1155640667312064,0.0054322565706415,0.0054969523092652,0.9882306167156264,0.95,0.000424036961904,0.1576712020123201,0.0118910643532799,0.1613357426474798,0.0,0.0,0.0065968,0.0019695,main|loss_coupled_k20_max_trigger|0.05|below_all_base_thresholds,0.6919833493633816,0.6918658,0.00011754936338159716,0.0001460094225693534,0.8050806674874841,-9.826394365824268e-06,-0.00022908680223288427,5.469298907151998e-06,-4.35709545867227e-06,4.943908850895214e-05,0.0013113067226251044,-0.08359376931651363,0.4181123908368113,-0.02734649453575999,-0.7061057041065899,False,-0.09926871373731182,0.022245445508031383,-4.46242866664425,False,0.0,0.03130551206552493,0.0,False,0.0,0.004919298730510276,0.0,False,-0.08443593326879362,0.022228704603683345,-3.798508944817342,False,0.0,0.03125841160331293,0.0,False,0.0,0.004873397172404485,0.0,True,True,False,False
loss_coupled_k20_max_trigger,0.05,below_all_base_thresholds,5000,5000,2000,-0.0273464945357599,-0.0274937014399999,-0.00014720690424,-0.0584628820434763,6.483219278339501e-06,6.340097217002828e-06,1.0225741114746394,0.9505,-0.7061057041065899,-0.71058727462145,-0.00448157051486,-0.0655534511076916,0.0047576814898704,0.0046737916422005,1.0179489917591478,0.9525,0.0002778027328332,0.1091041219019969,0.007711959651263,0.1118065036300849,0.0,0.0,0.0039644,0.0011857999999999,main|loss_coupled_k20_max_trigger|0.05|below_all_base_thresholds,0.6919833493633816,0.6918658,0.00011754936338159716,0.0001460094225693534,0.8050806674874841,-9.826394365824268e-06,-0.00022908680223288427,5.469298907151998e-06,-4.35709545867227e-06,4.943908850895214e-05,0.0013113067226251044,-0.08359376931651363,0.4181123908368113,-0.02734649453575999,-0.7061057041065899,False,-0.1415371179565237,0.022611657518574788,-6.259475575386514,False,0.0,0.03234471987682229,0.0,False,0.0,0.004850244839180801,0.0,False,-0.1344465488923084,0.022560463113144948,-5.95938781123569,False,0.0,0.03219842417080387,0.0,False,0.0,0.00475624589355933,0.0,False,False,False,False
loss_coupled_k20_max_trigger,0.1,above_all_base_thresholds,1000,1000,2000,-0.0554948347376599,-0.0553703179999999,0.0001245167376599,0.0250026156015213,2.455549678526864e-05,2.480187871395568e-05,0.9900659973573532,0.945,-0.8381952267376671,-0.8403727762156556,-0.0021775494779885,-0.0236945377186684,0.0085753621580159,0.0084457764801167,1.015343252121844,0.94,0.0004310312076868,0.0869829941231751,0.0082816872973476,0.0894319279059654,0.0,0.0,0.0195695,0.004058,main|loss_coupled_k20_max_trigger|0.1|above_all_base_thresholds,0.7687054023493234,0.7685889,0.00011650234932336634,0.00013336416415094047,0.8735656243570044,2.7938498292646076e-05,0.00044117780505959154,5.549483473765998e-05,8.343333303030606e-05,3.719094650479458e-05,0.0006769911812774267,0.2398106,0.3605255838333283,-0.05549483473765998,-0.8381952267376671,False,-0.1749973843984787,0.022249337039082235,-7.865285338214157,False,0.0,0.03131646595072681,0.0,False,0.0,0.005097793640389931,0.0,False,-0.17630546228133162,0.022531569542775354,-7.824819391592858,False,0.0,0.032116002840462364,0.0,False,0.0,0.005310367218940704,0.0,False,False,False,False
loss_coupled_k20_max_trigger,0.1,above_all_base_thresholds,3000,3000,2000,-0.0554948347376599,-0.0554602975555555,3.453718210442297e-05,0.012011721055914,7.992590630726675e-06,8.267292904651892e-06,0.9667724033618494,0.9585,-0.8381952267376671,-0.8391736452683615,-0.0009784185306943,-0.0184401948180372,0.0027595237801999,0.0028152588267055,0.980202514249523,0.9545,0.0001452783708507,0.0513874628997053,0.0027334435767671,0.0520346985847848,0.0,0.0,0.0066016666666666,0.0014028333333333,main|loss_coupled_k20_max_trigger|0.1|above_all_base_thresholds,0.7687054023493234,0.7685889,0.00011650234932336634,0.00013336416415094047,0.8735656243570044,2.7938498292646076e-05,0.00044117780505959154,1.849827824588666e-05,4.6436776538532736e-05,3.719094650479458e-05,0.0006769911812774267,0.2398106,0.3605255838333283,-0.05549483473765998,-0.8381952267376671,False,-0.187988278944086,0.02198604561263632,-8.550345171486459,False,0.0,0.030579673610441085,0.0,False,0.0,0.004459694496263168,0.0,False,-0.1815598051819628,0.022138230668342977,-8.201188609060255,False,0.0,0.03100447722095889,0.0,False,0.0,0.004659922209651143,0.0,False,False,False,False
loss_coupled_k20_max_trigger,0.1,above_all_base_thresholds,3000,5000,2000,-0.0554948347376599,-0.05538160546,0.0001132292776599,0.0446773472574545,6.227795029167171e-06,6.42307090208857e-06,0.9695977397886264,0.952,-0.8381952267376671,-0.8376471788407518,0.0005480478969153,0.0116733640471527,0.0021385317166707,0.0022041694140023,0.970221119613283,0.9475,0.0001162818528232,0.0465955870705751,0.0023979696950927,0.0518544273412491,0.0,0.0,0.0066303,0.0013694,main|loss_coupled_k20_max_trigger|0.1|above_all_base_thresholds,0.7687054023493234,0.7685889,0.00011650234932336634,0.00013336416415094047,0.8735656243570044,2.7938498292646076e-05,0.00044117780505959154,1.1098966947531996e-05,3.9037465240178074e-05,3.719094650479458e-05,0.0006769911812774267,0.2398106,0.3605255838333283,-0.05549483473765998,-0.8381952267376671,False,-0.1553226527425455,0.022018148648201855,-7.054301214159082,False,0.0,0.030669040937714897,0.0,False,0.0,0.004779958158812692,0.0,False,-0.18832663595284732,0.022025225533615803,-8.550497504119333,False,0.0,0.030688758868747106,0.0,False,0.0,0.004987171041783106,0.0,False,False,False,False
loss_coupled_k20_max_trigger,0.1,above_all_base_thresholds,5000,5000,2000,-0.0554948347376599,-0.05548666072,8.174017659977328e-06,0.0036701032655204,5.091846596014289e-06,4.960375742791136e-06,1.0265042125920034,0.948,-0.8381952267376671,-0.8384879808663175,-0.0002927541286503,-0.00712308683923,0.0017366505454178,0.0016891552960233,1.0281177518173237,0.948,8.302303949627445e-05,0.036792641895256,0.001591310790644,0.038185527044212,0.0,0.0,0.0039662,0.0008297,main|loss_coupled_k20_max_trigger|0.1|above_all_base_thresholds,0.7687054023493234,0.7685889,0.00011650234932336634,0.00013336416415094047,0.8735656243570044,2.7938498292646076e-05,0.00044117780505959154,1.1098966947531996e-05,3.9037465240178074e-05,3.719094650479458e-05,0.0006769911812774267,0.2398106,0.3605255838333283,-0.05549483473765998,-0.8381952267376671,False,-0.19632989673447962,0.02265506800466513,-8.666047556955087,False,0.0,0.03246903166831231,0.0,False,0.0,0.0049646752159632785,0.0,False,-0.19287691316077002,0.022672866512831187,-8.506948737673543,False,0.0,0.03252006901970583,0.0,False,0.0,0.0049646752159632785,0.0,False,False,False,False
loss_coupled_k20_max_trigger,0.1,below_all_base_thresholds,1000,1000,2000,-0.0605451902924399,-0.061013875,-0.00046868470756,-0.0637844939797465,5.147339798736867e-05,5.39922390319603e-05,0.953348090582044,0.9535,-1.0031283005620937,-1.0152601110635295,-0.0121318105014358,-0.0885831327295378,0.018280959898377,0.0187563861854228,0.974652564606756,0.9465,0.0012912258898039,0.1799744296209919,0.0251218472632875,0.1858027223260712,0.0,0.0,0.019449,0.0040955,main|loss_coupled_k20_max_trigger|0.1|below_all_base_thresholds,0.5271917211110826,0.5270026,0.00018912111108260188,0.0001578831401997186,1.1978550137992439,-3.018010587959309e-05,-0.00039502232305235047,6.0545190292439985e-05,3.0365084412846896e-05,6.330499060783848e-05,0.0011342316781257711,-0.1595808405885021,0.4768660572292901,-0.06054519029243999,-1.0031283005620937,False,-0.1362155060202535,0.021832866172150234,-6.239011632563778,False,0.0,0.03015505339804837,0.0,False,0.0,0.004708383480558906,0.0,False,-0.11141686727046221,0.022075467884132786,-5.047089731246216,False,0.0,0.03082892851059021,0.0,False,0.0,0.005031786462082825,0.0,True,True,False,False
loss_coupled_k20_max_trigger,0.1,below_all_base_thresholds,3000,3000,2000,-0.0605451902924399,-0.0606692715,-0.00012408120756,-0.0292483229783554,1.815909174398073e-05,1.7997413010653432e-05,1.008983442966586,0.949,-1.0031283005620937,-1.0063681775613027,-0.003239876999209,-0.0409745853179103,0.0063781451156967,0.0062521287284742,1.0201557569741864,0.9455,0.0004308149876887,0.1010982742480773,0.0083493874968292,0.1045459995420165,0.0,0.0,0.0066283333333333,0.0013541666666666,main|loss_coupled_k20_max_trigger|0.1|below_all_base_thresholds,0.5271917211110826,0.5270026,0.00018912111108260188,0.0001578831401997186,1.1978550137992439,-3.018010587959309e-05,-0.00039502232305235047,2.0181730097479996e-05,-9.998375782113094e-06,6.330499060783848e-05,0.0011342316781257711,-0.1595808405885021,0.4768660572292901,-0.06054519029243999,-1.0031283005620937,False,-0.17075167702164462,0.022460893158627798,-7.602176628316964,False,0.0,0.03191483771874789,0.0,False,0.0,0.004919298730510276,0.0,False,-0.1590254146820897,0.022584903774138448,-7.041226133723303,False,0.0,0.032268225666767236,0.0,False,0.0,0.005075911248239078,0.0,False,False,False,False
loss_coupled_k20_max_trigger,0.1,below_all_base_thresholds,3000,5000,2000,-0.0605451902924399,-0.06077303266,-0.00022784236756,-0.0640500837708096,1.2054418221105473e-05,1.2654050562842077e-05,0.9526134071648652,0.958,-1.0031283005620937,-1.008757493428798,-0.0056291928667042,-0.0835738388351661,0.0043442601878856,0.0045368200622556,0.9575562019812068,0.951,0.0004000967780545,0.1152369954696444,0.0079043618645305,0.1199247716122035,0.0,0.0,0.0065949,0.0013677,main|loss_coupled_k20_max_trigger|0.1|below_all_base_thresholds,0.5271917211110826,0.5270026,0.00018912111108260188,0.0001578831401997186,1.1978550137992439,-3.018010587959309e-05,-0.00039502232305235047,1.2109038058487997e-05,-1.8071067821105093e-05,6.330499060783848e-05,0.0011342316781257711,-0.1595808405885021,0.4768660572292901,-0.06054519029243999,-1.0031283005620937,False,-0.1359499162291904,0.02182445196522544,-6.229247655144319,False,0.0,0.030131814858112595,0.0,False,0.0,0.00448530935387962,0.0,False,-0.11642616116483391,0.021880998628732724,-5.320879688368087,False,0.0,0.030288158845261485,0.0,False,0.0,0.004826955562256609,0.0,False,False,False,False
loss_coupled_k20_max_trigger,0.1,below_all_base_thresholds,5000,5000,2000,-0.0605451902924399,-0.0605989096,-5.371930756001286e-05,-0.0163474395181956,1.0898965769272473e-05,1.079844780639206e-05,1.009308556626158,0.95,-1.0031283005620937,-1.0045263258085917,-0.0013980252464977,-0.0228257698179635,0.0038751220381316,0.0037512772370845,1.0330140358123374,0.947,0.0002599591973014,0.0787431062864221,0.0050529093359021,0.0811706107439396,0.0,0.0,0.0039881,0.0008267,main|loss_coupled_k20_max_trigger|0.1|below_all_base_thresholds,0.5271917211110826,0.5270026,0.00018912111108260188,0.0001578831401997186,1.1978550137992439,-3.018010587959309e-05,-0.00039502232305235047,1.2109038058487997e-05,-1.8071067821105093e-05,6.330499060783848e-05,0.0011342316781257711,-0.1595808405885021,0.4768660572292901,-0.06054519029243999,-1.0031283005620937,False,-0.18365256048180442,0.022464511530702797,-8.175230528863358,False,0.0,0.03192512128658809,0.0,False,0.0,0.004873397172404485,0.0,False,-0.1771742301820365,0.02272679075246148,-7.79583145336291,False,0.0,0.03267494183770404,0.0,False,0.0,0.005009540897128201,0.0,False,False,False,False
