dgp,alpha,trigger_regime,reference_size,evaluation_size,outer_repetitions,observed_delta_pi_bias,nu_centering_component,rho_mu_product_centering_component,outer_covariance_component,reconstructed_delta_pi_bias,delta_pi_decomposition_error,mean_e0,mean_rho,mean_mu,mean_nu,true_e0,true_rho,true_mu,true_nu,observed_delta_s_bias,delta_s_centering_component,delta_s_jensen_component,delta_s_decomposition_error,delta_s_centering_share,delta_s_jensen_share
transparent_k3_max_trigger,0.01,above_all_base_thresholds,1000,1000,2000,-1.4152724579981907e-05,0.0,-1.5218166080000029e-05,1.065441500000029e-06,-1.415272458e-05,1.8092623753351855e-17,0.020936000000000003,0.008866500000000003,0.010551000000000001,0.0,0.0192637,0.0081154,0.0096523,0.0,-0.001469878470125625,-0.0014519970815256578,-1.7881388599967282e-05,0.0,0.9878347843285037,0.012165215671496315
transparent_k3_max_trigger,0.01,above_all_base_thresholds,3000,3000,2000,-4.214835691099272e-06,0.0,-4.337384579999407e-06,1.2254888888892676e-07,-4.21483569111048e-06,1.1207939958068902e-17,0.0197953333333333,0.008300166666666635,0.009959999999999967,0.0,0.0192637,0.0081154,0.0096523,0.0,-0.0004381286071576049,-0.000432187610772905,-5.940996384699859e-06,0.0,0.9864400628316818,0.01355993716831813
transparent_k3_max_trigger,0.01,above_all_base_thresholds,3000,5000,2000,-5.178384579988322e-06,0.0,-5.2302008299999985e-06,5.181625000000799e-08,-5.1783845799999905e-06,1.1668725881375241e-17,0.019870199999999998,0.0083325,0.010028500000000001,0.0,0.0192637,0.0081154,0.0096523,0.0,-0.0005353652620451611,-0.0005306519245338315,-4.713337511329588e-06,0.0,0.9911960340995528,0.008803965900447219
transparent_k3_max_trigger,0.01,above_all_base_thresholds,5000,5000,2000,-1.8608645799909868e-06,0.0,-1.7692453400000005e-06,-9.16192399999852e-08,-1.8608645799999857e-06,8.998878031629687e-18,0.0196464,0.008179300000000002,0.009793199999999998,0.0,0.0192637,0.0081154,0.0096523,0.0,-0.0001953028303699044,-0.00019198280209420382,-3.32002827570059e-06,0.0,0.9830006136141886,0.01699938638581142
transparent_k3_max_trigger,0.01,below_all_base_thresholds,1000,1000,2000,-5.0986754349976875e-05,3.4000000000000826e-06,-5.300891110000008e-05,-1.377843249999826e-06,-5.0986754349999826e-05,2.2951204738802522e-17,0.021097,0.043118500000000004,0.010735500000000002,0.00043100000000000007,0.0192637,0.0424655,0.0096523,0.0004276,-0.005199099882575725,-0.005181423900531668,-1.7675982044057167e-05,0.0,0.9966001841774003,0.0033998158225996954
transparent_k3_max_trigger,0.01,below_all_base_thresholds,3000,3000,2000,-8.356365461103286e-06,7.566666666638752e-06,-1.6163008238887302e-05,2.399761111113413e-07,-8.35636546113721e-06,3.392366953753473e-17,0.0199303333333333,0.04272633333333331,0.009971666666666636,0.00043516666666663874,0.0192637,0.0424655,0.0096523,0.0004276,-0.0008545539694957534,-0.0008474874989750081,-7.066470520745321e-06,0.0,0.9917308083830971,0.00826919161690283
transparent_k3_max_trigger,0.01,below_all_base_thresholds,3000,5000,2000,-7.408054349992376e-06,1.5000000000000365e-06,-8.923085149999935e-06,1.5030799999993846e-08,-7.408054349999904e-06,7.528428835196221e-18,0.019837499999999997,0.042456999999999995,0.0098644,0.0004291,0.0192637,0.0424655,0.0096523,0.0004276,-0.0007608407088090993,-0.0007512763710051384,-9.564337803960902e-06,0.0,0.9874292507048796,0.012570749295120415
transparent_k3_max_trigger,0.01,below_all_base_thresholds,5000,5000,2000,1.1691045649999748e-05,1.8400000000000014e-05,-6.746929899999904e-06,3.797554999998044e-08,1.169104565000009e-05,-3.4220131069073734e-19,0.0195637,0.042490099999999996,0.0098055,0.000446,0.0192637,0.0424655,0.0096523,0.0004276,0.0011853675992517954,0.0011875562652654548,-2.1886660136593433e-06,0.0,1.001846402765725,-0.001846402765725021
transparent_k3_max_trigger,0.05,above_all_base_thresholds,1000,1000,2000,-8.44057438299543e-05,0.0,-8.653256133000055e-05,2.126817500000284e-06,-8.440574383000027e-05,4.597017211338539e-17,0.09380849999999999,0.051340500000000004,0.04483500000000001,0.0,0.0916649,0.0506207,0.0437631,0.0,-0.002035871222277212,-0.0019331825970252403,-0.00010268862525197181,0.0,0.9495603532638425,0.05043964673615752
transparent_k3_max_trigger,0.05,above_all_base_thresholds,3000,3000,2000,-2.7486327188442315e-06,0.0,-3.9291601077753e-06,1.1805273888890015e-06,-2.7486327188862986e-06,4.206704429243757e-17,0.0922388333333333,0.05067566666666665,0.04379316666666663,0.0,0.0916649,0.0506207,0.0437631,0.0,-0.00012310043694489792,-8.931172436099644e-05,-3.378871258390148e-05,0.0,0.7255191498708818,0.2744808501291181
transparent_k3_max_trigger,0.05,above_all_base_thresholds,3000,5000,2000,4.176036170045524e-06,0.0,2.6279588700001653e-06,1.5480772999993883e-06,4.176036169999554e-06,4.597017211338539e-17,0.0920276,0.050363399999999996,0.0439345,0.0,0.0916649,0.0506207,0.0437631,0.0,4.351330905867645e-05,7.084584412830885e-05,-2.7332535069632402e-05,0.0,1.6281419561260042,-0.6281419561260041
transparent_k3_max_trigger,0.05,above_all_base_thresholds,5000,5000,2000,7.54367617004318e-06,0.0,6.786542249999621e-06,7.571339200001907e-07,7.543676169999812e-06,4.336808689942018e-17,0.09185480000000001,0.0504314,0.0437928,0.0,0.0916649,0.0506207,0.0437631,0.0,0.00013287816219406667,0.0001523732972175118,-1.949513502344513e-05,0.0,1.1467143637565724,-0.14671436375657246
transparent_k3_max_trigger,0.05,below_all_base_thresholds,1000,1000,2000,-0.0001907068361899607,-5.529999999999945e-05,-0.00014191905319000265,6.512217000001486e-06,-0.0001907068361900006,3.9898639947466563e-17,0.093455,0.1553135,0.04434200000000001,0.0038675000000000003,0.0916649,0.1541251,0.0437631,0.0039228,-0.004391474407942159,-0.004249460859630849,-0.0001420135483113094,0.0,0.9676615334352234,0.032338466564776555
transparent_k3_max_trigger,0.05,below_all_base_thresholds,3000,3000,2000,-1.2306558412179033e-05,-1.3300000000033771e-05,-2.641803856660331e-06,3.6352454444443794e-06,-1.2306558412249723e-05,7.068998164605489e-17,0.09218116666666663,0.15412066666666663,0.043781499999999966,0.003909499999999966,0.0916649,0.1541251,0.0437631,0.0039228,-0.0003449485764586424,-0.00030022101980864413,-4.472755664999828e-05,0.0,0.870335581293924,0.129664418706076
transparent_k3_max_trigger,0.05,below_all_base_thresholds,3000,5000,2000,-3.529655618995497e-05,2.0000000000002655e-06,-3.877829499000004e-05,1.4817387999988343e-06,-3.529655619000094e-05,4.597017211338539e-17,0.09204659999999999,0.154212,0.0439899,0.0039248,0.0916649,0.1541251,0.0437631,0.0039228,-0.000834013413372324,-0.0007894841253077711,-4.452928806455286e-05,0.0,0.9466084269742148,0.05339157302578526
transparent_k3_max_trigger,0.05,below_all_base_thresholds,5000,5000,2000,-3.361207618995726e-05,-2.9799999999999965e-05,-4.573796790000202e-06,7.617205999991064e-07,-3.361207619000106e-05,4.380176776841438e-17,0.0918909,0.153918,0.0438517,0.0038929999999999998,0.0916649,0.1541251,0.0437631,0.0039228,-0.0007687786613300093,-0.000740231345629061,-2.8547315700948317e-05,0.0,0.962866664832293,0.03713333516770696
transparent_k3_max_trigger,0.1,above_all_base_thresholds,1000,1000,2000,-0.00011522169999995599,0.0,-0.0001326317450000003,1.7410045000000943e-05,-0.00011522169999999936,4.336808689942018e-17,0.1774995,0.11113150000000002,0.07942999999999999,0.0,0.1759489,0.1106704,0.0785625,0.0,-0.0017616695844204222,-0.001534702692063794,-0.00022696689235662815,0.0,0.8711637560392469,0.12883624396075316
transparent_k3_max_trigger,0.1,above_all_base_thresholds,3000,3000,2000,-2.610175555550938e-05,0.0,-3.300718149999542e-05,6.905425944446139e-06,-2.6101755555549278e-05,3.9898639947466563e-17,0.17654766666666666,0.11118299999999998,0.07849716666666663,0.0,0.1759489,0.1106704,0.0785625,0.0,-0.0004522385327895839,-0.0003776616405348765,-7.457689225470743e-05,0.0,0.8350939010112914,0.1649060989887085
transparent_k3_max_trigger,0.1,above_all_base_thresholds,3000,5000,2000,-3.993661999995672e-05,0.0,-4.5382895839999465e-05,5.446275840001111e-06,-3.9936619999998355e-05,4.163336342344337e-17,0.1765129,0.11093979999999999,0.0787808,0.0,0.1759489,0.1106704,0.0785625,0.0,-0.0005911019848091614,-0.0005345364046447365,-5.656558016442492e-05,0.0,0.904304871886554,0.095695128113446
transparent_k3_max_trigger,0.1,above_all_base_thresholds,5000,5000,2000,-1.2937319999956412e-05,0.0,-1.6365675539999763e-05,3.4283555399982485e-06,-1.2937320000001515e-05,4.5102810375396984e-17,0.1761814,0.1108694,0.07856909999999999,0.0,0.1759489,0.1106704,0.0785625,0.0,-0.0002269339776933138,-0.0001792056591587432,-4.77283185345706e-05,0.0,0.7896819197384701,0.21031808026152987
transparent_k3_max_trigger,0.1,below_all_base_thresholds,1000,1000,2000,-0.0001352405812499579,-2.6599999999998153e-05,-0.0001290994987500002,2.0458917500000562e-05,-0.0001352405812499978,3.9898639947466563e-17,0.17764049999999998,0.26214499999999996,0.0789615,0.009442500000000001,0.1759489,0.2618331,0.0785625,0.0094691,-0.0021970925812434816,-0.0018695889217303918,-0.0003275036595130898,0.0,0.8509377063538517,0.1490622936461483
transparent_k3_max_trigger,0.1,below_all_base_thresholds,3000,3000,2000,-1.9568525694403996e-05,5.3999999999679305e-06,-3.1749517694433516e-05,6.7809919999974044e-06,-1.956852569446818e-05,6.418476861114186e-17,0.17627966666666664,0.2620943333333333,0.07860533333333329,0.009474499999999967,0.1759489,0.2618331,0.0785625,0.0094691,-0.00038068926607631726,-0.0002853949632899422,-9.529430278637507e-05,0.0,0.7496795647312228,0.2503204352687772
transparent_k3_max_trigger,0.1,below_all_base_thresholds,3000,5000,2000,-6.732041249962392e-06,1.6500000000002624e-05,-2.904636477000025e-05,5.814323519998804e-06,-6.732041249998821e-06,3.642919299551295e-17,0.17615050000000002,0.2617527,0.07869759999999999,0.009485600000000002,0.1759489,0.2618331,0.0785625,0.0094691,-0.0001961212945908175,-0.00011466491532718948,-8.145637926362803e-05,0.0,0.5846632593692768,0.41533674063072323
transparent_k3_max_trigger,0.1,below_all_base_thresholds,5000,5000,2000,-2.5762661249963126e-05,-3.099999999999978e-05,1.8971682899937559e-06,3.340170460004732e-06,-2.576266125000129e-05,3.8163916471489756e-17,0.17608819999999997,0.26164210000000004,0.0786126,0.0094381,0.1759489,0.2618331,0.0785625,0.0094691,-0.00038180126981654516,-0.0003218074849831165,-5.9993784833428654e-05,0.0,0.8428664607054461,0.15713353929455384
gain_coupled_k20_max_trigger,0.01,above_all_base_thresholds,1000,1000,2000,-0.00010578710773995344,1e-06,-0.00010274109524000051,-4.046012499999254e-06,-0.00010578710773999976,4.632253781944318e-17,0.05570050000000001,0.026025000000000006,0.04845950000000001,1e-06,0.0514149,0.0253991,0.0456086,0.0,-0.01202943354112157,-0.011713188644535855,-0.00031624489658571564,0.0,0.9737107407838732,0.026289259216126844
gain_coupled_k20_max_trigger,0.01,above_all_base_thresholds,3000,3000,2000,-3.4049329962176043e-05,0.0,-3.277865579555373e-05,-1.270674166666116e-06,-3.4049329962219845e-05,4.380176776841438e-17,0.052707666666666646,0.025620333333333307,0.04649416666666664,0.0,0.0514149,0.0253991,0.0456086,0.0,-0.003846493975166121,-0.003746851560978648,-9.9642414187473e-05,0.0,0.9740952631589214,0.02590473684107868
gain_coupled_k20_max_trigger,0.01,above_all_base_thresholds,3000,5000,2000,-3.809272773995227e-05,0.0,-3.635339774000004e-05,-1.739329999999933e-06,-3.8092727739999976e-05,4.7704895589362195e-17,0.052949600000000006,0.025667500000000003,0.046548,0.0,0.0514149,0.0253991,0.0456086,0.0,-0.004293750146408981,-0.0042042331157610136,-8.951703064796757e-05,0.0,0.9791517839660899,0.020848216033910103
gain_coupled_k20_max_trigger,0.01,above_all_base_thresholds,5000,5000,2000,-2.0451847739955164e-05,0.0,-1.9581560419999972e-05,-8.702873200000776e-07,-2.045184774000005e-05,4.4885969940899884e-17,0.0523968,0.0255051,0.0461868,0.0,0.0514149,0.0253991,0.0456086,0.0,-0.0023365551299798087,-0.0022761742579362476,-6.038087204356113e-05,0.0,0.9741581650401363,0.025841834959863714
gain_coupled_k20_max_trigger,0.01,below_all_base_thresholds,1000,1000,2000,-0.001018172749500051,-0.000729999999999998,-0.0002689882495000009,-1.9184499999998217e-05,-0.0010181727494999971,-5.377642775528102e-17,0.055178500000000005,0.096336,0.04825000000000001,0.010932500000000001,0.0514149,0.0960175,0.0456086,0.0116625,-0.10523635956242594,-0.1052047037568844,-3.165580554154168e-05,0.0,0.9996991932667267,0.0003008067332732423
gain_coupled_k20_max_trigger,0.01,below_all_base_thresholds,3000,3000,2000,-0.00037604452727783583,-0.0002665000000000306,-0.00010314152974999578,-6.402997527776497e-06,-0.0003760445272778029,-3.2959746043559335e-17,0.05272816666666665,0.09634349999999997,0.04652483333333331,0.011395999999999969,0.0514149,0.0960175,0.0456086,0.0116625,-0.03879555552374414,-0.038820525499324354,2.496997558021352e-05,0.0,1.000643629798391,-0.0006436297983909802
gain_coupled_k20_max_trigger,0.01,below_all_base_thresholds,3000,5000,2000,-0.0003697040295000554,-0.00025179999999999994,-0.00011207916429999912,-5.824865200000813e-06,-0.0003697040294999999,-5.551115123125783e-17,0.0528188,0.0961416,0.0467155,0.0114107,0.0514149,0.0960175,0.0456086,0.0116625,-0.03811001336846542,-0.03806923583190969,-4.077753655573613e-05,0.0,0.9989300046640898,0.0010699953359102723
gain_coupled_k20_max_trigger,0.01,below_all_base_thresholds,5000,5000,2000,-0.00022362650950005607,-0.00015899999999999768,-6.107096550999908e-05,-3.555543990000319e-06,-0.0002236265094999971,-5.898059818321144e-17,0.0523229,0.0961871,0.0461631,0.011503500000000002,0.0514149,0.0960175,0.0456086,0.0116625,-0.02296306341185894,-0.02297291893070863,9.855518849688494e-06,0.0,1.0004291900724622,-0.0004291900724621417
gain_coupled_k20_max_trigger,0.05,above_all_base_thresholds,1000,1000,2000,-0.00013053674112995482,0.0,-0.00014219904513000127,1.1662304000001344e-05,-0.00013053674112999993,4.5102810375396984e-17,0.20456500000000002,0.123084,0.116456,0.0,0.2021237,0.1223957,0.1159491,0.0,-0.005293196421173041,-0.004341360793199911,-0.0009518356279731299,0.0,0.8201775350399352,0.17982246496006488
gain_coupled_k20_max_trigger,0.05,above_all_base_thresholds,3000,3000,2000,-0.0001312728522410659,0.0,-0.00013070011487999363,-5.727373611104369e-07,-0.00013127285224110406,3.8163916471489756e-17,0.20325533333333332,0.12303649999999997,0.11640749999999998,0.0,0.2021237,0.1223957,0.1159491,0.0,-0.0041010852575664725,-0.0037721175852070132,-0.00032896767235945923,0.0,0.9197852149616943,0.08021478503830572
gain_coupled_k20_max_trigger,0.05,above_all_base_thresholds,3000,5000,2000,-9.888636112995695e-05,0.0,-9.891553089000187e-05,2.9169759999808642e-08,-9.888636113000206e-05,4.5102810375396984e-17,0.2029557,0.12264240000000001,0.1165224,0.0,0.2021237,0.1223957,0.1159491,0.0,-0.003101254123988817,-0.0028312995722208356,-0.00026995455176798133,0.0,0.9129531018822904,0.08704689811770962
gain_coupled_k20_max_trigger,0.05,above_all_base_thresholds,5000,5000,2000,-5.5715221129959414e-05,0.0,-5.734965396999962e-05,1.6344328400003105e-06,-5.571522112999931e-05,3.9898639947466563e-17,0.2027459,0.1226617,0.1161652,0.0,0.2021237,0.1223957,0.1159491,0.0,-0.00185341264052441,-0.001662707828468335,-0.00019070481205607503,0.0,0.8971061231123812,0.10289387688761875
gain_coupled_k20_max_trigger,0.05,below_all_base_thresholds,1000,1000,2000,-0.0010977910748600165,-0.0007363999999999982,-0.0003567440823600068,-4.646992499988956e-06,-0.001097791074859994,-2.2551405187698492e-17,0.20515000000000003,0.30870749999999997,0.11684100000000003,0.03973,0.2021237,0.3080054,0.1159491,0.0404664,-0.02858199843092421,-0.02781716865529038,-0.0007648297756338296,0.0,0.9732408572660782,0.02675914273392179
gain_coupled_k20_max_trigger,0.05,below_all_base_thresholds,3000,3000,2000,-0.00024639363041559486,-4.95666666667019e-05,-0.00018939804269332144,-7.428921055548099e-06,-0.00024639363041557144,-2.3418766925686896e-17,0.20302899999999996,0.30826549999999997,0.11646566666666665,0.0404168333333333,0.2021237,0.3080054,0.1159491,0.0404664,-0.006478307303400807,-0.006173191288239899,-0.00030511601516090836,0.0,0.9529018922889415,0.04709810771105853
gain_coupled_k20_max_trigger,0.05,below_all_base_thresholds,3000,5000,2000,-0.00026069541486004304,-0.00010079999999999811,-0.00015318897306999812,-6.706441790002571e-06,-0.0002606954148599988,-4.423544863740858e-17,0.202928,0.30835429999999997,0.11631470000000001,0.0403656,0.2021237,0.3080054,0.1159491,0.0404664,-0.006851647779081219,-0.006562710267507654,-0.0002889375115735643,0.0,0.9578294855646666,0.04217051443533336
gain_coupled_k20_max_trigger,0.05,below_all_base_thresholds,5000,5000,2000,-0.00014548931486004554,8.80000000000325e-06,-0.00015153069246000295,-2.758622399998134e-06,-0.00014548931485999783,-4.7704895589362195e-17,0.2026695,0.30794900000000003,0.11646240000000001,0.0404752,0.2021237,0.3080054,0.1159491,0.0404664,-0.003808438641423967,-0.003635505972570563,-0.00017293266885340386,0.0,0.9545922397245857,0.04540776027541426
gain_coupled_k20_max_trigger,0.1,above_all_base_thresholds,1000,1000,2000,7.849797160064398e-06,0.0,-3.572374658999955e-05,4.3573543750008437e-05,7.849797160008887e-06,5.551115123125783e-17,0.34457399999999994,0.23115950000000002,0.1459125,0.0,0.3434725,0.2312732,0.1456863,0.0,-0.00210193652457058,-0.0007430950954030457,-0.0013588414291675344,0.0,0.3535287991414765,0.6464712008585235
gain_coupled_k20_max_trigger,0.1,above_all_base_thresholds,3000,3000,2000,-7.472553617327016e-05,0.0,-8.795747367331547e-05,1.3231937499996738e-05,-7.472553617331873e-05,4.85722573273506e-17,0.344406,0.2317708333333333,0.14575299999999997,0.0,0.3434725,0.2312732,0.1456863,0.0,-0.0023238176123540066,-0.0018716243503527075,-0.00045219326200129917,0.0,0.8054093145704188,0.19459068542958127
gain_coupled_k20_max_trigger,0.1,above_all_base_thresholds,3000,5000,2000,-9.986302839930239e-06,0.0,-1.931108111999369e-05,9.324778279994062e-06,-9.986302839999628e-06,6.938893903907228e-17,0.34351210000000004,0.2310996,0.1458793,0.0,0.3434725,0.2312732,0.1456863,0.0,-0.000566819512765715,-0.0001831613341902738,-0.00038365817857544116,0.0,0.32313872417088146,0.6768612758291185
gain_coupled_k20_max_trigger,0.1,above_all_base_thresholds,5000,5000,2000,-2.6706342839931396e-05,0.0,-3.505046351999497e-05,8.344120680001121e-06,-2.6706342839993846e-05,6.245004513516506e-17,0.34380150000000004,0.23148629999999998,0.1457036,0.0,0.3434725,0.2312732,0.1456863,0.0,-0.0009200642997851949,-0.0006646260819480609,-0.00025543821783713394,0.0,0.7223691671367203,0.2776308328632797
gain_coupled_k20_max_trigger,0.1,below_all_base_thresholds,1000,1000,2000,-0.0007284868667399823,-0.0008944999999999995,0.0001508515070100247,1.5161626249995952e-05,-0.0007284868667399788,-3.469446951953614e-18,0.3454235,0.47265949999999995,0.14544749999999998,0.057501500000000004,0.3434725,0.4729202,0.1456863,0.058396,-0.013572116235457121,-0.012094976980112193,-0.001477139255344928,0.0,0.8911636748670111,0.10883632513298887
gain_coupled_k20_max_trigger,0.1,below_all_base_thresholds,3000,3000,2000,-0.0002038342000733103,-0.00027566666666668793,6.442245426002691e-05,7.410012333328164e-06,-0.00020383420007333286,2.2551405187698492e-17,0.3436768333333333,0.4727223333333333,0.14561099999999996,0.058120333333333316,0.3434725,0.4729202,0.1456863,0.058396,-0.0037506332319721947,-0.0032722152416404526,-0.00047841799033174204,0.0,0.8724434086880376,0.12755659131196243
gain_coupled_k20_max_trigger,0.1,below_all_base_thresholds,3000,5000,2000,-0.00017519140673997666,-0.00032490000000000296,0.0001469895890599815,2.719004200027464e-06,-0.000175191406739994,1.734723475976807e-17,0.3435664,0.47214200000000006,0.14561510000000003,0.0580711,0.3434725,0.4729202,0.1456863,0.058396,-0.003143719850614929,-0.002763466326512365,-0.00038025352410256397,0.0,0.8790434446542098,0.12095655534579021
gain_coupled_k20_max_trigger,0.1,below_all_base_thresholds,5000,5000,2000,4.5248793260021375e-05,3.179999999999156e-05,1.1546069099990786e-05,1.902724160007807e-06,4.524879325999015e-05,3.122502256758253e-17,0.34359649999999997,0.47294970000000003,0.14565280000000003,0.058427799999999995,0.3434725,0.4729202,0.1456863,0.058396,0.0004277760981470924,0.0006868158622772569,-0.0002590397641301645,0.0,1.6055498782007513,-0.6055498782007515
loss_coupled_k20_max_trigger,0.01,above_all_base_thresholds,1000,1000,2000,-0.00013631615339995142,0.0,-0.0001409656534000004,4.649500000000403e-06,-0.0001363161534,4.85722573273506e-17,0.05565150000000001,0.025937500000000006,0.06748,0.0,0.0515189,0.0254382,0.063263,0.0,-0.015544528819974618,-0.015128247041234388,-0.00041628177874022954,0.0,0.973220045228691,0.026779954771309
loss_coupled_k20_max_trigger,0.01,above_all_base_thresholds,3000,3000,2000,-5.57818200666155e-05,0.0,-5.668529089999756e-05,9.034708333341412e-07,-5.578182006666342e-05,4.7921736023859296e-17,0.052938499999999986,0.025612499999999972,0.06504566666666664,0.0,0.0515189,0.0254382,0.063263,0.0,-0.006262663071404884,-0.006124123804832848,-0.0001385392665720353,0.0,0.9778785374540423,0.022121462545957662
loss_coupled_k20_max_trigger,0.01,above_all_base_thresholds,3000,5000,2000,-4.617621339994809e-05,0.0,-4.692992207999962e-05,7.537086799999215e-07,-4.61762133999997e-05,5.160802341031001e-17,0.052884,0.0256003,0.06469559999999999,0.0,0.0515189,0.0254382,0.063263,0.0,-0.005207680971605455,-0.005103151817904106,-0.0001045291537013493,0.0,0.9799278883880775,0.020072111611922423
loss_coupled_k20_max_trigger,0.01,above_all_base_thresholds,5000,5000,2000,-2.5486093399950662e-05,0.0,-2.5698640439999858e-05,2.1254703999997251e-07,-2.5486093399999885e-05,4.92227786308419e-17,0.0523174,0.025455799999999997,0.0642288,0.0,0.0515189,0.0254382,0.063263,0.0,-0.0028990044761988687,-0.002822913090624546,-7.609138557432282e-05,0.0,0.9737525808604157,0.026247419139584328
loss_coupled_k20_max_trigger,0.01,below_all_base_thresholds,1000,1000,2000,-0.0007116388939999597,-0.0002603999999999992,-0.0004544314690000011,3.19257500000069e-06,-0.0007116388939999996,3.9898639947466563e-17,0.05560700000000001,0.0967865,0.06755000000000001,0.004093500000000001,0.0515189,0.096162,0.063263,0.0043539,-0.07678641856429064,-0.07621385792145663,-0.000572560642834008,0.0,0.9925434646707135,0.007456535329286423
loss_coupled_k20_max_trigger,0.01,below_all_base_thresholds,3000,3000,2000,-0.0002613877828888437,-9.290000000003289e-05,-0.00016943508099999567,9.472981111115913e-07,-0.00026138778288891697,7.32920668600201e-17,0.052799999999999986,0.09625966666666663,0.06495899999999998,0.004260999999999967,0.0515189,0.096162,0.063263,0.0043539,-0.02803823955801729,-0.027866338403942592,-0.00017190115407469952,0.0,0.9938690461033048,0.006130953896695197
loss_coupled_k20_max_trigger,0.01,below_all_base_thresholds,3000,5000,2000,-0.0002452603739999536,-7.289999999999901e-05,-0.00017210571060000037,-2.5466339999974386e-07,-0.0002452603739999991,4.5536491244391186e-17,0.05298010000000001,0.0965055,0.06482120000000001,0.004281000000000001,0.0515189,0.096162,0.063263,0.0043539,-0.026399098356332584,-0.02620530778990915,-0.00019379056642343517,0.0,0.9926591975298675,0.007340802470132429
loss_coupled_k20_max_trigger,0.01,below_all_base_thresholds,5000,5000,2000,-0.00011461383399995499,-2.689999999999984e-05,-8.832636608999828e-05,6.12532089998459e-07,-0.00011461383399999966,4.466912950640278e-17,0.0523106,0.0962433,0.06412729999999998,0.004327,0.0515189,0.096162,0.063263,0.0043539,-0.01235937713094934,-0.012259641430151014,-9.973570079832572e-05,0.0,0.9919303618829969,0.008069638117003142
loss_coupled_k20_max_trigger,0.05,above_all_base_thresholds,1000,1000,2000,-0.0001888916919999678,0.0,-0.0002309560350000038,4.206434300000131e-05,-0.0001888916920000025,3.469446951953614e-17,0.205757,0.12351450000000001,0.183334,0.0,0.2022205,0.12261,0.1828028,0.0,-0.008613463688938228,-0.007281333290062975,-0.001332130398875253,0.0,0.8453432385642919,0.15465676143570803
loss_coupled_k20_max_trigger,0.05,above_all_base_thresholds,3000,3000,2000,-3.992130311107622e-05,0.0,-5.5329846749992834e-05,1.5408543638892325e-05,-3.992130311110051e-05,2.42861286636753e-17,0.20316433333333328,0.12286649999999998,0.18287149999999996,0.0,0.2022205,0.12261,0.1828028,0.0,-0.0021068964158732495,-0.001672563488044787,-0.00043433292782846245,0.0,0.7938517885567509,0.20614821144324916
loss_coupled_k20_max_trigger,0.05,above_all_base_thresholds,3000,5000,2000,-5.8718511999966e-05,0.0,-6.963582935000032e-05,1.0917317349999622e-05,-5.8718512000000694e-05,3.469446951953614e-17,0.2033297,0.1228339,0.1830365,0.0,0.2022205,0.12261,0.1828028,0.0,-0.0026240143894114,-0.002263243198788345,-0.00036077119062305485,0.0,0.8625117331372636,0.1374882668627364
loss_coupled_k20_max_trigger,0.05,above_all_base_thresholds,5000,5000,2000,-1.7133871999967798e-05,0.0,-2.5494067000000203e-05,8.360194999997711e-06,-1.7133872000002492e-05,3.469446951953614e-17,0.20263409999999998,0.12270099999999999,0.182875,0.0,0.2022205,0.12261,0.1828028,0.0,-0.0009897697158852692,-0.0007233730747477907,-0.0002663966411374785,0.0,0.7308498766309411,0.26915012336905886
loss_coupled_k20_max_trigger,0.05,below_all_base_thresholds,1000,1000,2000,-0.001035752964239963,-0.0004927999999999912,-0.0005861490017399981,4.319603750000539e-05,-0.001035752964239984,2.0816681711721685e-17,0.20568799999999998,0.30922499999999997,0.1840535,0.02848850000000001,0.2022205,0.3081342,0.1828028,0.0289813,-0.031973081589850016,-0.03015618884992577,-0.0018168927399242474,0.0,0.9431743000805707,0.056825699919429325
loss_coupled_k20_max_trigger,0.05,below_all_base_thresholds,3000,3000,2000,-0.0002258010197955171,-0.00016263333333335975,-8.047751768442551e-05,1.7309831222216132e-05,-0.00022580101979556913,5.204170427930421e-17,0.20257766666666663,0.30792866666666663,0.18318616666666662,0.028818666666666642,0.2022205,0.3081342,0.1828028,0.0289813,-0.006740184896545931,-0.006121665022973843,-0.0006185198735720876,0.0,0.9082339901552176,0.0917660098447824
loss_coupled_k20_max_trigger,0.05,below_all_base_thresholds,3000,5000,2000,-0.0002723075042399582,-0.00021569999999999923,-6.842641258000132e-05,1.1818908340004153e-05,-0.0002723075042399964,3.8163916471489756e-17,0.20342600000000002,0.3084746,0.1828229,0.028765600000000002,0.2022205,0.3081342,0.1828028,0.0289813,-0.008568085683752669,-0.008097905794141269,-0.00047017988961139956,0.0,0.9451242778182082,0.054875722181791854
loss_coupled_k20_max_trigger,0.05,below_all_base_thresholds,5000,5000,2000,-0.0001472069042399611,-6.860000000000199e-05,-8.945175599999605e-05,1.0844851759998775e-05,-0.00014720690423999927,3.8163916471489756e-17,0.2025707,0.30808489999999994,0.18312240000000002,0.0289127,0.2022205,0.3081342,0.1828028,0.0289813,-0.004481570514860089,-0.004135988145893776,-0.0003455823689663129,0.0,0.9228881108039194,0.07711188919608056
loss_coupled_k20_max_trigger,0.1,above_all_base_thresholds,1000,1000,2000,0.0001245167376600284,0.0,3.25734969099864e-05,9.19432407500212e-05,0.0001245167376600076,2.0816681711721685e-17,0.34488300000000005,0.23138150000000002,0.23970050000000004,0.0,0.3434539,0.2314111,0.2398106,0.0,-0.0021775494779886495,5.889371943501587e-05,-0.0022364431974236654,0.0,-0.027045869694503837,1.0270458696945037
loss_coupled_k20_max_trigger,0.1,above_all_base_thresholds,3000,3000,2000,3.453718210447154e-05,0.0,-2.56946923321566e-07,3.479412902777923e-05,3.4537182104457664e-05,1.3877787807814457e-17,0.344053,0.23133316666666665,0.23989249999999998,0.0,0.3434539,0.2314111,0.2398106,0.0,-0.0009784185306943582,-0.000254502840755233,-0.0007239156899391253,0.0,0.26011653783235167,0.7398834621676483
loss_coupled_k20_max_trigger,0.1,above_all_base_thresholds,3000,5000,2000,0.00011322927766001939,0.0,8.696390303001428e-05,2.6265374629991234e-05,0.00011322927766000551,1.3877787807814457e-17,0.34396799999999994,0.23117329999999997,0.23968109999999998,0.0,0.3434539,0.2314111,0.2398106,0.0,0.0005480478969153157,0.0011026150580346616,-0.0005545671611193459,0.0,2.011895427827976,-1.011895427827976
loss_coupled_k20_max_trigger,0.1,above_all_base_thresholds,5000,5000,2000,8.1740176600259e-06,0.0,-7.836126639994279e-06,1.6010144299992424e-05,8.174017659998145e-06,2.7755575615628914e-17,0.3434415,0.2312355,0.24002659999999998,0.0,0.3434539,0.2314111,0.2398106,0.0,-0.0002927541286503743,0.00014562315557009597,-0.0004383772842204703,0.0,-0.49742477157003123,1.4974247715700313
loss_coupled_k20_max_trigger,0.1,below_all_base_thresholds,1000,1000,2000,-0.00046868470755996594,-0.0009460999999999914,0.00039286985394001994,8.454543849997775e-05,-0.0004686847075599937,2.7755575615628914e-17,0.345087,0.4727185,0.23912099999999997,0.051938500000000005,0.3434539,0.4729974,0.2398106,0.0528846,-0.012131810501435858,-0.009409986769793655,-0.0027218237316422034,0.0,0.7756457099853263,0.2243542900146736
loss_coupled_k20_max_trigger,0.1,below_all_base_thresholds,3000,3000,2000,-0.00012408120755996732,-0.00027843333333334164,0.00011987938313447188,3.4472742638888554e-05,-0.0001240812075599812,1.3877787807814457e-17,0.343819,0.4727408333333333,0.23968716666666665,0.052606166666666655,0.3434539,0.4729974,0.2398106,0.0528846,-0.0032398769992090237,-0.002320899754412409,-0.0009189772447966149,0.0,0.7163542798010628,0.2836457201989372
loss_coupled_k20_max_trigger,0.1,below_all_base_thresholds,3000,5000,2000,-0.0002278423675599675,-0.0003857999999999917,0.00013365860411999886,2.4299028320004523e-05,-0.00022784236755998832,2.0816681711721685e-17,0.34438529999999995,0.4734212,0.23931360000000002,0.052498800000000005,0.3434539,0.4729974,0.2398106,0.0528846,-0.005629192866704269,-0.004943700892529712,-0.0006854919741745569,0.0,0.8782255306566015,0.12177446934339856
loss_coupled_k20_max_trigger,0.1,below_all_base_thresholds,5000,5000,2000,-5.371930755997123e-05,-0.00015839999999999604,8.83883374200034e-05,1.629235502001447e-05,-5.371930755997817e-05,6.938893903907228e-18,0.34354399999999996,0.4728039,0.2397218,0.0527262,0.3434539,0.4729974,0.2398106,0.0528846,-0.0013980252464977916,-0.0008190021191882835,-0.0005790231273095081,0.0,0.5858278462709988,0.4141721537290012
