dgp,alpha,trigger_regime,reference_size,evaluation_size,outer_repetitions,true_delta_pi,mean_delta_pi,bias_delta_pi,standardized_bias_delta_pi,empirical_variance_delta_pi,exact_variance_delta_pi,empirical_to_exact_variance_ratio_delta_pi,normal_coverage_delta_pi,true_delta_s,mean_delta_s,bias_delta_s,standardized_bias_delta_s,empirical_variance_delta_s,exact_variance_delta_s,empirical_to_exact_variance_ratio_delta_s,normal_coverage_delta_s,bridge_rms_delta_pi,bridge_rms_to_empirical_sd_delta_pi,bridge_rms_delta_s,bridge_rms_to_empirical_sd_delta_s,strict_sign_reversal_frequency_delta_pi,strict_sign_reversal_frequency_delta_s,mean_interval_union_probability,mean_pathwise_disagreement_probability
transparent_k3_max_trigger,0.01,above_all_base_thresholds,1000,1000,2000,-7.833227541999971e-05,-9.248500000000003e-05,-1.4152724580000325e-05,-0.2712999086883113,3.466061805902955e-09,2.7213275294684377e-09,1.2736658003750059,0.9255,-0.007947403468363312,-0.009417281938488987,-0.0014698784701256754,-0.27646723788805466,3.635801537050693e-05,2.8266726061504044e-05,1.2862478410622258,0.921,1.565073480703058e-05,0.26583770641144283,0.0016066063773220696,0.2664461210268125,0.0,0.0,0.0030305,0.0029120000000000005
transparent_k3_max_trigger,0.01,above_all_base_thresholds,3000,3000,2000,-7.833227541999971e-05,-8.25471111111111e-05,-4.214835691111388e-06,-0.13994289979454835,1.0855650445469651e-09,9.071091764894792e-10,1.1967303084156988,0.935,-0.007947403468363312,-0.008385532075520967,-0.0004381286071576552,-0.14273302932473983,1.1315764376812797e-05,9.42224202050135e-06,1.2009630353573422,0.935,4.805714833583893e-06,0.14585793858668522,0.0004915914449889931,0.1461377338607598,0.0,0.0,0.0009738333333333333,0.0009423333333333333
transparent_k3_max_trigger,0.01,above_all_base_thresholds,3000,5000,2000,-7.833227541999971e-05,-8.351065999999998e-05,-5.178384580000275e-06,-0.1923455258973868,8.497996197742897e-10,7.248104131275983e-10,1.172443999676213,0.9255,-0.007947403468363312,-0.008482768730408523,-0.0005353652620452114,-0.1951122624050295,8.858702952320138e-06,7.528895102941399e-06,1.1766272250039993,0.9255,4.843174578724147e-06,0.16613910165983486,0.0004955148100655062,0.1664836426626506,0.0,0.0,0.0010023,0.0009654
transparent_k3_max_trigger,0.01,above_all_base_thresholds,5000,5000,2000,-7.833227541999971e-05,-8.019314000000002e-05,-1.860864580000311e-06,-0.07976444801725946,5.890930746777413e-10,5.442655058936875e-10,1.08236342060746,0.951,-0.007947403468363312,-0.008142706298733267,-0.00019530283036995472,-0.08214020536733714,6.133057603848919e-06,5.653345212300809e-06,1.084854607941565,0.95,2.864052373822739e-06,0.1180018991133129,0.00029282026846255856,0.1182395076333102,0.0,0.0,0.0006128,0.0005882000000000001
transparent_k3_max_trigger,0.01,below_all_base_thresholds,1000,1000,2000,1.7710254349996568e-05,-3.327650000000001e-05,-5.098675434999658e-05,-0.07961731152773809,4.394116368661831e-07,4.1010939381490894e-07,1.0714498216651405,0.9445,0.0017975353658081783,-0.0034015645167675634,-0.005199099882575742,-0.07998877929417177,0.004550709385698521,0.004224722461868862,1.077161737077861,0.945,0.00026490684872233864,0.39962938010498444,0.02692358945062204,0.3991107343926211,0.0475,0.0475,0.0029945,0.0028720000000000004
transparent_k3_max_trigger,0.01,below_all_base_thresholds,3000,3000,2000,1.7710254349996568e-05,9.353888888888927e-06,-8.356365461107641e-06,-0.022601028041074427,1.4162400844588966e-07,1.3670313127163632e-07,1.0359968138877178,0.9575,0.0017975353658081783,0.0009429813963124212,-0.0008545539694957571,-0.022771992459993503,0.0014617556465849198,0.001408240820622954,1.0380011892698102,0.9575,8.57026656600281e-05,0.22773295901437574,0.008700993620386281,0.22757862029160406,0.0355,0.035,0.0009676666666666667,0.000928
transparent_k3_max_trigger,0.01,below_all_base_thresholds,3000,5000,2000,1.7710254349996568e-05,1.0302200000000028e-05,-7.40805434999654e-06,-0.025751294227646777,8.237254407039521e-08,8.275804025273772e-08,0.9953418884598374,0.9565,0.0017975353658081783,0.0010366946569990768,-0.0007608407088091015,-0.0260580521641367,0.000849455218729782,0.0008525180535720991,0.9964073079397162,0.9565,6.726477299746127e-05,0.23436698937930867,0.006831002537033314,0.23437657429603675,0.0465,0.0465,0.0009963,0.0009618
transparent_k3_max_trigger,0.01,below_all_base_thresholds,5000,5000,2000,1.7710254349996568e-05,2.940129999999998e-05,1.169104565000341e-05,0.040821456847325355,8.346150198530267e-08,8.202187876298179e-08,1.0175516977181291,0.951,0.0017975353658081783,0.0029829029650599737,0.0011853675992517954,0.040779224486210755,0.0008604900106249296,0.0008449444923737724,1.018398271592355,0.951,5.55370363415262e-05,0.19223816065436183,0.005638461577722746,0.1922151915981513,0.0375,0.0375,0.000609,0.0005833
transparent_k3_max_trigger,0.05,above_all_base_thresholds,1000,1000,2000,-0.0022153187561699955,-0.0022997245,-8.44057438300046e-05,-0.13890700039585926,3.8388018969459726e-07,3.6922894273146155e-07,1.0396806568162007,0.9445,-0.047605778261516685,-0.04964164948379394,-0.0020358712222772538,-0.15192082378636507,0.00018938837227457211,0.00017958331894860213,1.0545989092047923,0.942,7.967775097227584e-05,0.12859948121140774,0.0017680102795785213,0.12847189496671862,0.0,0.0,0.0030310000000000003,0.0027265000000000006
transparent_k3_max_trigger,0.05,above_all_base_thresholds,3000,3000,2000,-0.0022153187561699955,-0.002218067388888889,-2.748632718893671e-06,-0.007834828075331101,1.221342734905447e-07,1.2307631424382054e-07,0.9923458810164756,0.9515,-0.047605778261516685,-0.04772887869846164,-0.00012310043694495343,-0.01591062445359913,5.974310979837094e-05,5.986110631620071e-05,0.9980288283145572,0.9505,2.635057335333304e-05,0.07539999075743668,0.0005825401694993371,0.07536712787215268,0.0,0.0,0.0010078333333333332,0.0009078333333333333
transparent_k3_max_trigger,0.05,above_all_base_thresholds,3000,5000,2000,-0.0022153187561699955,-0.00221114272,4.1760361699956505e-06,0.013352465589042265,9.575485957278804e-08,9.781502456397906e-08,0.978938153924978,0.959,-0.047605778261516685,-0.04756226495245806,4.351330905862788e-05,0.006307479256855237,4.686904428379582e-05,4.7591847120247686e-05,0.9848124651555213,0.9565,2.2554186626877046e-05,0.07288644325856795,0.0005017922539910213,0.07329610626112673,0.0,0.0,0.0009949,0.0008921000000000001
transparent_k3_max_trigger,0.05,above_all_base_thresholds,5000,5000,2000,-0.0022153187561699955,-0.00220777508,7.543676169995475e-06,0.02776004532235681,7.269801426932834e-08,7.384578854629231e-08,0.9844571464458741,0.949,-0.047605778261516685,-0.047472900099322674,0.00013287816219401116,0.022172038201843727,3.537138540744156e-05,3.591666378972043e-05,0.9848182340801116,0.95,1.5933439854595453e-05,0.059094664471669396,0.00035203354208188705,0.05919131797692444,0.0,0.0,0.0006084999999999999,0.000547
transparent_k3_max_trigger,0.05,below_all_base_thresholds,1000,1000,2000,-0.0028221921638099945,-0.003012899,-0.00019070683619000538,-0.09452592493852166,4.032276747172587e-06,4.070339657814441e-06,0.9906487139055389,0.949,-0.060930958869165996,-0.06532243327710818,-0.004391474407942186,-0.10037882166539566,0.0019113834839606576,0.0019139761680921454,0.9986453937229155,0.948,0.0004163934287425776,0.20736177486031962,0.00907085601463051,0.20747910158434502,0.018,0.018,0.0029210000000000004,0.002628
transparent_k3_max_trigger,0.05,below_all_base_thresholds,3000,3000,2000,-0.0028221921638099945,-0.0028344987222222225,-1.2306558412228039e-05,-0.010565302087221987,1.3396213901749362e-06,1.3567798859381469e-06,0.9873535155252199,0.943,-0.060930958869165996,-0.06127590744562468,-0.00034494857645868404,-0.013656729942735205,0.0006315249156073351,0.0006379920560307151,0.9898632900484444,0.9415,0.0001444146791553944,0.12477290971686081,0.0031368314601869555,0.12482338054370876,0.0015,0.0015,0.0009788333333333333,0.0008766666666666667
transparent_k3_max_trigger,0.05,below_all_base_thresholds,3000,5000,2000,-0.0028221921638099945,-0.0028574887199999998,-3.5296556190005275e-05,-0.03788702737584145,9.25187052743133e-07,8.679278115926468e-07,1.0659723543659876,0.937,-0.060930958869165996,-0.06176497228253837,-0.0008340134133723726,-0.04122021772784982,0.0004372222506749247,0.0004093789502210346,1.0680135127584276,0.937,0.00011468770324319867,0.11923454047726285,0.0025020305706737905,0.11965792956359243,0.0005,0.0005,0.0010157,0.0009128000000000001
transparent_k3_max_trigger,0.05,below_all_base_thresholds,5000,5000,2000,-0.0028221921638099945,-0.0028558042400000003,-3.361207619000583e-05,-0.03725332281893774,8.144337346797625e-07,8.140679315628882e-07,1.0004493520782376,0.947,-0.060930958869165996,-0.061699737530496054,-0.0007687786613300579,-0.0392932597835882,0.00038359060891588435,0.0003827952336184291,1.002077808780263,0.9475,8.620193788076926e-05,0.09551886471713819,0.0018728205931042036,0.09562296217936708,0.0,0.0,0.0005848,0.0005264
transparent_k3_max_trigger,0.1,above_all_base_thresholds,1000,1000,2000,-0.008694543299999996,-0.008809764999999999,-0.00011522170000000283,-0.07233741024676242,2.596982692121061e-06,2.53712955332153e-06,1.0235908878682105,0.9505,-0.10067369195508857,-0.10243536153950902,-0.00176166958442045,-0.09034181748785487,0.00039414358782642145,0.000380251788685223,1.0365331592238696,0.9495,0.00016338896841586347,0.1013883845032917,0.0019910382206205493,0.10028878368702464,0.0,0.0,0.003017,0.0025650000000000004
transparent_k3_max_trigger,0.1,above_all_base_thresholds,3000,3000,2000,-0.008694543299999996,-0.008720645055555556,-2.6101755555559686e-05,-0.02838304746321427,8.084039536147061e-07,8.457098511071766e-07,0.9558880655775372,0.9555,-0.10067369195508857,-0.10112593048787819,-0.0004522385327896117,-0.040169142237319905,0.0001224476984997189,0.00012675059622840767,0.9660522486147927,0.9525,5.37318780820309e-05,0.05976099314604418,0.000652591975603458,0.058974791750933876,0.0,0.0,0.000978,0.0008166666666666666
transparent_k3_max_trigger,0.1,above_all_base_thresholds,3000,5000,2000,-0.008694543299999996,-0.00873447992,-3.993662000000356e-05,-0.048912608594089274,6.696593682313093e-07,6.666547251946946e-07,1.0045070452860543,0.946,-0.10067369195508857,-0.10126479393989775,-0.0005911019848091753,-0.0590959778657607,0.00010030584364287439,0.00010004813297508864,1.0025758668365148,0.9485,4.85397598593153e-05,0.05931583508106553,0.0005982068514074095,0.0597294155628018,0.0,0.0,0.0009878,0.0008279
transparent_k3_max_trigger,0.1,above_all_base_thresholds,5000,5000,2000,-0.008694543299999996,-0.008707480619999998,-1.2937320000001515e-05,-0.018161762849399077,5.154381395085703e-07,5.07425910664306e-07,1.0157899481990877,0.95,-0.10067369195508857,-0.10090062593278193,-0.00022693397769335544,-0.026022492668705346,7.800493024764157e-05,7.605035773704461e-05,1.025701029801269,0.95,3.193368104055656e-05,0.04447958307676189,0.00038971965069376814,0.04412566649132595,0.0,0.0,0.0005996,0.0005027999999999999
transparent_k3_max_trigger,0.1,below_all_base_thresholds,1000,1000,2000,-0.01110116291874999,-0.011236403500000002,-0.00013524058125001168,-0.03990866482762039,1.1451584487931717e-05,1.1483642409821202e-05,0.9972083838258435,0.9455,-0.1302362897946867,-0.13243338237593022,-0.0021970925812435094,-0.05408064691771513,0.0016645724988819089,0.0016504902350039216,1.008532170369341,0.9465,0.0005395105772827812,0.15942894521063078,0.006530359317717807,0.16006107168414954,0.0,0.0,0.0030495,0.00256
transparent_k3_max_trigger,0.1,below_all_base_thresholds,3000,3000,2000,-0.01110116291874999,-0.011120731444444445,-1.9568525694454303e-05,-0.010001816996095774,3.860996730366556e-06,3.827880803273734e-06,1.0086512430231631,0.9485,-0.1302362897946867,-0.13061697906076306,-0.000380689266076345,-0.016230233926704647,0.0005543340987684428,0.0005501634116679739,1.007580815103324,0.9465,0.00018107488586251752,0.09215279314659398,0.002181890164118459,0.09267169092822734,0.0,0.0,0.0010004999999999999,0.0008473333333333333
transparent_k3_max_trigger,0.1,below_all_base_thresholds,3000,5000,2000,-0.01110116291874999,-0.01110789496,-6.73204125000923e-06,-0.004196831637643878,2.4765971431749873e-06,2.5730631344461986e-06,0.9625092793177912,0.9565,-0.1302362897946867,-0.13043241108927758,-0.00019612129459087302,-0.010145504209763546,0.0003603192520648436,0.0003736820457645228,0.9642402040688361,0.9555,0.0001605455297515311,0.10201652680618577,0.0019551740194731376,0.10300105759587416,0.0,0.0,0.0010236000000000002,0.0008562
transparent_k3_max_trigger,0.1,below_all_base_thresholds,5000,5000,2000,-0.01110116291874999,-0.01112692558,-2.5762661250009963e-05,-0.016999490103341876,2.1690171182904094e-06,2.2967284819642405e-06,0.9443942265371272,0.9595,-0.1302362897946867,-0.13061809106450328,-0.0003818012698165729,-0.02101434660063916,0.000312415089559031,0.0003300980470007843,0.9464311964205251,0.9615,0.0001069701757949379,0.07263253795958062,0.0012888656164061168,0.07291915662133316,0.0,0.0,0.0005866000000000001,0.00048819999999999994
gain_coupled_k20_max_trigger,0.01,above_all_base_thresholds,1000,1000,2000,-0.0011584173922599972,-0.0012642044999999998,-0.00010578710774000267,-0.2592835869061245,1.8736378057003505e-07,1.6646212520230397e-07,1.1255640305104178,0.929,-0.12158318394840606,-0.13361261748952763,-0.01202943354112157,-0.27569144619469405,0.002176968454066947,0.0019038984099134242,1.1434267935367097,0.928,0.00015763209857132536,0.3641680469107464,0.01694907013291131,0.3632618654461431,0.0025,0.0025,0.018776000000000004,0.0090805
gain_coupled_k20_max_trigger,0.01,above_all_base_thresholds,3000,3000,2000,-0.0011584173922599972,-0.0011924667222222222,-3.404932996222505e-05,-0.14454779795203307,5.712529745489719e-08,5.548737506743466e-08,1.0295188299225173,0.943,-0.12158318394840606,-0.12542967792357218,-0.003846493975166121,-0.15268761039356984,0.0006569982520672161,0.0006346328033044747,1.0352415580258167,0.942,3.562361662897801e-05,0.1490471826224461,0.003884593314333041,0.15155262090118143,0.0,0.0,0.006465166666666667,0.0030273333333333333
gain_coupled_k20_max_trigger,0.01,above_all_base_thresholds,3000,5000,2000,-0.0011584173922599972,-0.0011965101200000002,-3.809272774000301e-05,-0.17910274074194524,5.0494829621196214e-08,4.5235529876167666e-08,1.1162647980343303,0.94,-0.12158318394840606,-0.12587693409481507,-0.004293750146409009,-0.1887071293068819,0.0005816312959725106,0.0005177223602394491,1.123442487018531,0.9385,3.332908518396513e-05,0.14832007545636489,0.0036568974907218387,0.15163131562588575,0.0,0.0,0.006466099999999999,0.0030245
gain_coupled_k20_max_trigger,0.01,above_all_base_thresholds,5000,5000,2000,-0.0011584173922599972,-0.00117886924,-2.045184774000287e-05,-0.11208818465840502,3.410970883624055e-08,3.32924250404608e-08,1.0245486411634626,0.942,-0.12158318394840606,-0.12391973907838588,-0.0023365551299798226,-0.11973997111862923,0.00039162162260733156,0.00038077968198268477,1.0284730019422093,0.9415,2.1261693159294904e-05,0.1151221363103884,0.0023199100873242374,0.11722974546676841,0.0,0.0,0.003954399999999999,0.0018250999999999999
gain_coupled_k20_max_trigger,0.01,below_all_base_thresholds,1000,1000,2000,0.007283276249500009,0.006265103500000001,-0.0010181727495000084,-0.2992208356390553,1.065251738347949e-05,1.1578685979050881e-05,0.9200109064839401,0.96,0.7704774205260767,0.6652410609636508,-0.10523635956242594,-0.2923539560097099,0.12014154194513142,0.12957275188568879,0.9272130150567633,0.96,0.0016285710729040965,0.49897707250165907,0.17078529223819797,0.4927241698020704,0.0125,0.0125,0.0184435,0.009019500000000001
gain_coupled_k20_max_trigger,0.01,below_all_base_thresholds,3000,3000,2000,0.007283276249500009,0.006907231722222223,-0.0003760445272777864,-0.1914124852583547,3.7827740618727856e-06,3.85956199301696e-06,0.9801044959808637,0.9515,0.7704774205260767,0.7316818650023325,-0.03879555552374425,-0.18667482855880713,0.04248321709359205,0.0431909172952296,0.9836146058950288,0.9505,0.0005524233613401239,0.2840317141945276,0.05775615494310261,0.28021383532863603,0.0,0.0,0.006502333333333335,0.003054333333333333
gain_coupled_k20_max_trigger,0.01,below_all_base_thresholds,3000,5000,2000,0.007283276249500009,0.006913572220000001,-0.00036970402950000855,-0.2271147016691756,2.450966734271408e-06,2.6498291425271214e-06,0.9249527431545795,0.958,0.7704774205260767,0.7323674071576113,-0.03811001336846542,-0.22158593237822843,0.02743948707951208,0.029579704539361096,0.9276457458524958,0.9565,0.00046221909215003217,0.29524270238274086,0.04814685235517425,0.2906564102636818,0.0,0.0,0.0064578,0.0030074999999999998
gain_coupled_k20_max_trigger,0.01,below_all_base_thresholds,5000,5000,2000,0.007283276249500009,0.00705964974,-0.00022362650950000923,-0.14695306527681873,2.395118963133099e-06,2.315737195810176e-06,1.0342792642734016,0.9425,0.7704774205260767,0.7475143571142178,-0.02296306341185894,-0.14264547057101815,0.026862419108771175,0.025914550377137757,1.0365766998785997,0.941,0.00033852523906261405,0.21873964796203055,0.035366213416585975,0.21578239197054572,0.0,0.0,0.0040177,0.0018684
gain_coupled_k20_max_trigger,0.05,above_all_base_thresholds,1000,1000,2000,-0.014191671258869998,-0.014322208,-0.00013053674113000166,-0.0583191103516385,5.108226631051524e-06,5.010069517565137e-06,1.0195919663673831,0.9495,-0.34988769883858595,-0.355180895259759,-0.005293196421173041,-0.08798921253716269,0.0037614089884132756,0.003618904798679018,1.0393777116729557,0.9495,0.00028474391652851916,0.1259851553488707,0.007577453745207459,0.12355149788908444,0.0,0.0,0.0192415,0.005608
gain_coupled_k20_max_trigger,0.05,above_all_base_thresholds,3000,3000,2000,-0.014191671258869998,-0.01432294411111111,-0.00013127285224111274,-0.10158127810884454,1.8255131200907984e-06,1.6700231725217125e-06,1.0931064611123318,0.9395,-0.34988769883858595,-0.3539887840961524,-0.0041010852575664725,-0.1180785050569083,0.0013269634400226193,0.0012063015995596726,1.100026262509302,0.9375,9.58189391766485e-05,0.07091839187755686,0.002536762350182461,0.0696386437882557,0.0,0.0,0.0065214999999999995,0.0018725
gain_coupled_k20_max_trigger,0.05,above_all_base_thresholds,3000,5000,2000,-0.014191671258869998,-0.014290557620000002,-9.888636113000379e-05,-0.08586043830049725,1.4040763603305013e-06,1.326436882778847e-06,1.0585323572946808,0.9425,-0.34988769883858595,-0.35298895296257476,-0.003101254123988817,-0.09985151962006648,0.0010291306672963983,0.0009646401903082972,1.0668544371632391,0.944,8.289356627869262e-05,0.06995607919107502,0.0022618769794500978,0.07050724096016522,0.0,0.0,0.0065519,0.0018636
gain_coupled_k20_max_trigger,0.05,above_all_base_thresholds,5000,5000,2000,-0.014191671258869998,-0.014247386479999999,-5.571522113000105e-05,-0.05565920318708307,1.008537872310165e-06,1.0020139035130276e-06,1.0065108565602379,0.951,-0.34988769883858595,-0.35174111147911036,-0.00185341264052441,-0.0688919604513652,0.0007353991208137115,0.0007237809597358035,1.01605204022243,0.952,5.7321156220020686e-05,0.057078011713294095,0.0015123486297565598,0.05576867984618897,0.0,0.0,0.0040184999999999995,0.0011482
gain_coupled_k20_max_trigger,0.05,below_all_base_thresholds,1000,1000,2000,0.004753451074859999,0.0036556600000000024,-0.0010977910748599965,-0.1871310739062678,3.426485663371686e-05,3.44149839513222e-05,0.9956377339063215,0.943,0.1219714557552205,0.0933894573242963,-0.02858199843092421,-0.19080266601157908,0.02266447483936505,0.022439661679270424,1.010018562815602,0.941,0.0015419831566849222,0.2634238970560348,0.03941078284237137,0.2617834768297203,0.0715,0.0715,0.01957,0.005631500000000001
gain_coupled_k20_max_trigger,0.05,below_all_base_thresholds,3000,3000,2000,0.004753451074859999,0.004507057444444446,-0.0002463936304155532,-0.0727472060360924,1.1715389132365076e-05,1.1471661317107401e-05,1.0212460783595667,0.9485,0.1219714557552205,0.11549314845181971,-0.006478307303400793,-0.07490555396614852,0.007673470188791013,0.007479887226423476,1.0258804653743556,0.945,0.0005228294707055736,0.15275016940109007,0.013305692231052872,0.1518943321120367,0.02,0.02,0.006670833333333333,0.0018961666666666669
gain_coupled_k20_max_trigger,0.05,below_all_base_thresholds,3000,5000,2000,0.004753451074859999,0.00449275566,-0.0002606954148599988,-0.09008415071999865,8.751287103967546e-06,8.374714461664667e-06,1.044965430645623,0.9465,0.1219714557552205,0.11511980797613931,-0.006851647779081191,-0.0928546526861469,0.005720250196384099,0.005444809864865402,1.0505876859532002,0.9455,0.0004833217462701223,0.1633805561035274,0.01227718877558407,0.16232724627005415,0.015,0.015,0.0066067,0.0018908999999999998
gain_coupled_k20_max_trigger,0.05,below_all_base_thresholds,5000,5000,2000,0.004753451074859999,0.0046079617599999985,-0.00014548931486000043,-0.05545520501339966,6.7196556443710875e-06,6.88299679026444e-06,0.976268891171882,0.948,0.1219714557552205,0.11816301711379655,-0.003808438641423953,-0.05684912868530128,0.004391504768851226,0.004487932335854085,0.978514032791337,0.949,0.00031917683074559277,0.12312829033217913,0.008123813634187065,0.12258949965409262,0.0095,0.0095,0.003982599999999999,0.0011355999999999998
gain_coupled_k20_max_trigger,0.1,above_all_base_thresholds,1000,1000,2000,-0.03369333679716002,-0.033685487,7.849797160022765e-06,0.002112308286893845,1.392717862314257e-05,1.381027299594863e-05,1.0084651206553437,0.95,-0.5000382607667793,-0.5021401972913498,-0.00210193652457058,-0.032666466257346566,0.004184123059331629,0.0041403292667258566,1.0105773695241402,0.9555,0.0004150913128457404,0.11122747327756845,0.006323333526771018,0.09775609953491168,0.0,0.0,0.019572000000000003,0.004063000000000001
gain_coupled_k20_max_trigger,0.1,above_all_base_thresholds,3000,3000,2000,-0.03369333679716002,-0.033768062333333335,-7.472553617331179e-05,-0.034827999971812615,4.610126708962862e-06,4.603424331982877e-06,1.001455954632168,0.949,-0.5000382607667793,-0.5023620783791333,-0.0023238176123540066,-0.06255257986026161,0.0013863337464039911,0.0013801097555752853,1.0045097796052542,0.9505,0.00013681608965647595,0.0637207300139835,0.0021339929494548354,0.05731378400993589,0.0,0.0,0.006676166666666667,0.0013621666666666665
gain_coupled_k20_max_trigger,0.1,above_all_base_thresholds,3000,5000,2000,-0.03369333679716002,-0.0337033231,-9.986302839978811e-06,-0.005326186293578924,3.4671066918667252e-06,3.51541627461119e-06,0.9862577916893192,0.949,-0.5000382607667793,-0.500605080279545,-0.000566819512765715,-0.017283477937136884,0.0010720256383166705,0.0010755418300802137,0.9967307717234196,0.951,0.00011005563611555804,0.05910560746708473,0.0017502502968161158,0.053456137327860344,0.0,0.0,0.0065506,0.0013506
gain_coupled_k20_max_trigger,0.1,above_all_base_thresholds,5000,5000,2000,-0.03369333679716002,-0.033720043139999996,-2.670634283997303e-05,-0.016069349268206648,2.6109154735357072e-06,2.762054599189726e-06,0.9452801817537,0.9545,-0.5000382607667793,-0.5009583250665645,-0.0009200642997851949,-0.03197317329109913,0.0007764247639667643,0.0008280658533451712,0.9376364945254169,0.9545,8.614052086213574e-05,0.05331029520371751,0.0013323648315898163,0.047816025166933895,0.0,0.0,0.0039978,0.0008253999999999999
gain_coupled_k20_max_trigger,0.1,below_all_base_thresholds,1000,1000,2000,-0.010501994133259973,-0.011230480999999997,-0.0007284868667400239,-0.10510802801909601,4.551056961744771e-05,4.8036535433351125e-05,0.9474157369361473,0.9585,-0.1681272352110943,-0.18169935144655142,-0.013572116235457121,-0.1203488174228652,0.012314106705643367,0.012717785227354308,0.9682587404572078,0.953,0.0012661148834130335,0.18767956078084475,0.020873494193246418,0.18810212383816796,0.018,0.018,0.019415,0.003973000000000001
gain_coupled_k20_max_trigger,0.1,below_all_base_thresholds,3000,3000,2000,-0.010501994133259973,-0.010705828333333332,-0.00020383420007335888,-0.05093916740847368,1.5678191937622827e-05,1.6012178477783708e-05,0.9791417176229783,0.9565,-0.1681272352110943,-0.17187786844306652,-0.0037506332319722224,-0.057604907211001255,0.004172608382113388,0.0042392617424514365,0.9842771302204367,0.955,0.0004333587491406981,0.10944592107910932,0.007118612405686731,0.11020252213023765,0.0005,0.0005,0.0065520000000000005,0.001359
gain_coupled_k20_max_trigger,0.1,below_all_base_thresholds,3000,5000,2000,-0.010501994133259973,-0.01067718554,-0.00017519140674002696,-0.050691679984769,1.183599492209275e-05,1.1944066997121266e-05,0.9909518194217628,0.9525,-0.1681272352110943,-0.17127095506170922,-0.003143719850614929,-0.05574407313583332,0.0031547068570095863,0.0031804624846786026,0.9919019237632608,0.9515,0.00039401077893478904,0.1145264286047098,0.006491499705114999,0.11557543503236656,0.0,0.0,0.0065548,0.001335
gain_coupled_k20_max_trigger,0.1,below_all_base_thresholds,5000,5000,2000,-0.010501994133259973,-0.01045674534,4.52487932599728e-05,0.01459843045131094,9.640684097601084e-06,9.607307086670225e-06,1.003474127622835,0.949,-0.1681272352110943,-0.16769945911294723,0.00042777609814706463,0.008481951283767046,0.002550121547196296,0.0025435570454708616,1.0025808352665506,0.9485,0.00025768152478127047,0.08299068620119766,0.004225663404356141,0.08367861047494352,0.0,0.0,0.0039391,0.0008010999999999999
loss_coupled_k20_max_trigger,0.01,above_all_base_thresholds,1000,1000,2000,-0.0016092968466000016,-0.001745613,-0.00013631615339999847,-0.26189124445130346,3.1718395120660327e-07,2.709272485620271e-07,1.170734774335502,0.9275,-0.1689645517947289,-0.18450908061470353,-0.015544528819974618,-0.27885547939602573,0.003697089902214872,0.0031073971248655958,1.1897706516590738,0.9255,0.00015162976455828191,0.2692333519474472,0.016781304457918943,0.2759915026446196,0.0,0.0,0.019187000000000006,0.009827500000000001
loss_coupled_k20_max_trigger,0.01,above_all_base_thresholds,3000,3000,2000,-0.0016092968466000016,-0.0016650786666666665,-5.578182006666494e-05,-0.18562093868790666,9.924363449299956e-08,9.030908285400903e-08,1.09893303482479,0.9425,-0.1689645517947289,-0.17522721486613382,-0.006262663071404911,-0.19459034813397746,0.0011471616537805675,0.0010357990416218653,1.1075137238825106,0.9435,4.843822844932135e-05,0.1537577166061344,0.005340004573986221,0.15766283021037078,0.0,0.0,0.0065151666666666665,0.0032545
loss_coupled_k20_max_trigger,0.01,above_all_base_thresholds,3000,5000,2000,-0.0016092968466000016,-0.0016554730599999997,-4.617621339999818e-05,-0.1713082323469167,7.731326219493383e-08,7.265745227714877e-08,1.064078904116066,0.9465,-0.1689645517947289,-0.1741722327663344,-0.005207680971605483,-0.18038490378516045,0.0008912244166580865,0.0008334669129036714,1.0692978963654318,0.945,4.63421650335846e-05,0.16666688565123092,0.005125457915058472,0.17168768066464285,0.0,0.0,0.006522600000000001,0.0032772
loss_coupled_k20_max_trigger,0.01,above_all_base_thresholds,5000,5000,2000,-0.0016092968466000016,-0.00163478294,-2.5486093399998367e-05,-0.10948684199142415,5.6918592060186446e-08,5.418544971240542e-08,1.0504405216213477,0.942,-0.1689645517947289,-0.17186355627092778,-0.0028990044761988687,-0.11628816253717378,0.0006549457148824269,0.0006214794249731192,1.0538493931810458,0.9405,2.8202959603559285e-05,0.11821364564035983,0.003115859745974838,0.12175176003268501,0.0,0.0,0.003973699999999999,0.0019959
loss_coupled_k20_max_trigger,0.01,below_all_base_thresholds,1000,1000,2000,-0.001729596606,-0.0024412355,-0.000711638894,-0.3436927225328934,4.121633770925212e-06,4.287248720627625e-06,0.9613703424983079,0.9415,-0.18244495023029916,-0.2592313687945898,-0.07678641856429064,-0.35084957286214064,0.04665270519454172,0.04789905215716874,0.973979715537221,0.939,0.001001700657382234,0.4934046736250722,0.10695762905089595,0.49519169387740897,0.0905,0.0905,0.01897,0.009791500000000002
loss_coupled_k20_max_trigger,0.01,below_all_base_thresholds,3000,3000,2000,-0.001729596606,-0.001990984388888889,-0.0002613877828888888,-0.21865357007544545,1.3446559184130306e-06,1.4290829068758749e-06,0.940922259963622,0.9485,-0.18244495023029916,-0.21048318978831645,-0.02803823955801729,-0.22189520095605164,0.01507703711805507,0.015966350719056246,0.9443007599764324,0.949,0.00034433628599357896,0.2969458136777851,0.03659365422343926,0.2980216247495529,0.0265,0.0265,0.0065955,0.0033013333333333336
loss_coupled_k20_max_trigger,0.01,below_all_base_thresholds,3000,5000,2000,-0.001729596606,-0.00197485698,-0.000245260374,-0.2577517697855646,9.364936354021811e-07,9.054228708274879e-07,1.034316301891399,0.938,-0.18244495023029916,-0.20884404858663175,-0.026399098356332584,-0.26224966277821826,0.010536849947350761,0.010133239592779402,1.0398303376601257,0.936,0.0002938001726316716,0.303598507031766,0.03129517288463635,0.304875101122618,0.0125,0.0125,0.0066524,0.0033533
loss_coupled_k20_max_trigger,0.01,below_all_base_thresholds,5000,5000,2000,-0.001729596606,-0.00184421044,-0.00011461383399999987,-0.1237749338827003,8.317526895109613e-07,8.57449744125525e-07,0.970030832954798,0.955,-0.18244495023029916,-0.19480432736124856,-0.012359377130949395,-0.1262752179561831,0.009315265194814426,0.00957981043143375,0.9723851282326753,0.9545,0.00020009863088986865,0.21940524742216203,0.02125105010408418,0.2201824924540379,0.0145,0.0145,0.0039256,0.0019637
loss_coupled_k20_max_trigger,0.05,above_all_base_thresholds,1000,1000,2000,-0.022413451307999988,-0.022602343,-0.0001888916920000129,-0.06168942592442177,9.13358972821511e-06,9.375711951484628e-06,0.9741755906620853,0.953,-0.5555697890046698,-0.564183252693608,-0.008613463688938228,-0.10255171373265937,0.0069974501322222285,0.007054558026068697,0.9919048232879455,0.952,0.0003465876563006825,0.11468122978632572,0.010405020352774796,0.12438643705319002,0.0,0.0,0.019809,0.006100000000000001
loss_coupled_k20_max_trigger,0.05,above_all_base_thresholds,3000,3000,2000,-0.022413451307999988,-0.022453372611111112,-3.9921303111124795e-05,-0.02258204187424978,3.0890059651620606e-06,3.1252373171615426e-06,0.9884068477614402,0.9525,-0.5555697890046698,-0.557676685420543,-0.0021068964158732495,-0.043447911652361365,0.002330972136866019,0.0023515193420228994,0.991262157708129,0.9485,0.00011339443581619934,0.06451821910740307,0.0033586412743098213,0.06956568719421156,0.0,0.0,0.0065475,0.0019835
loss_coupled_k20_max_trigger,0.05,above_all_base_thresholds,3000,5000,2000,-0.022413451307999988,-0.02247216982,-5.87185120000111e-05,-0.03728290936466486,2.517561030464399e-06,2.480450089550074e-06,1.0149613737727157,0.9465,-0.5555697890046698,-0.5581938033940812,-0.0026240143894114,-0.060681355796275246,0.0019126675284921561,0.0018699150339320297,1.0228633353838688,0.945,0.00010299254028132308,0.06491062133485022,0.0031568454603867037,0.07218277591577342,0.0,0.0,0.0066113,0.0019949
loss_coupled_k20_max_trigger,0.05,above_all_base_thresholds,5000,5000,2000,-0.022413451307999988,-0.02243058518,-1.71338720000129e-05,-0.012512335828713587,1.897976190689312e-06,1.8751423902969256e-06,1.0121771021286392,0.947,-0.5555697890046698,-0.5565595587205551,-0.0009897697158852692,-0.026350220797453056,0.0014282824900252625,0.0014109116052137395,1.012311816521554,0.9395,6.679546381005219e-05,0.048484351352664976,0.001976592477260447,0.052301010771295224,0.0,0.0,0.0039818,0.0011752
loss_coupled_k20_max_trigger,0.05,below_all_base_thresholds,1000,1000,2000,-0.02734649453575999,-0.0283822475,-0.0010357529642400082,-0.18395992510418663,3.242578755201975e-05,3.1700486085014136e-05,1.0228798216235708,0.9425,-0.7061057041065899,-0.7380787856964399,-0.031973081589850016,-0.20915334754022707,0.024280378222518852,0.02336895821100287,1.0390013111961,0.94,0.0014059819748133333,0.24690761613901546,0.03927497245462847,0.2520508493987988,0.0,0.0,0.019555000000000003,0.005903
loss_coupled_k20_max_trigger,0.05,below_all_base_thresholds,3000,3000,2000,-0.02734649453575999,-0.027572295555555557,-0.00022580101979556566,-0.06946300474838298,1.0834276114531341e-05,1.0566828695004714e-05,1.0253100932404684,0.949,-0.7061057041065899,-0.7128458890031358,-0.006740184896545931,-0.07636823644159246,0.008029503965098784,0.007789652737000958,1.0307910039376376,0.948,0.000467448632696553,0.14201491036908487,0.012950472286130738,0.14452442440239768,0.0,0.0,0.006624666666666667,0.0019671666666666665
loss_coupled_k20_max_trigger,0.05,below_all_base_thresholds,3000,5000,2000,-0.02734649453575999,-0.027618802039999998,-0.0002723075042400068,-0.1007312862626882,7.232736969286883e-06,7.307864064876708e-06,0.9897196917015872,0.949,-0.7061057041065899,-0.7146737897903426,-0.008568085683752669,-0.1155640667312064,0.0054322565706415695,0.005496952309265234,0.9882306167156264,0.95,0.00042403696190402993,0.15767120201232018,0.011891064353279962,0.1613357426474798,0.0,0.0,0.0065968,0.0019695
loss_coupled_k20_max_trigger,0.05,below_all_base_thresholds,5000,5000,2000,-0.02734649453575999,-0.027493701439999997,-0.0001472069042400062,-0.05846288204347634,6.483219278339501e-06,6.340097217002828e-06,1.0225741114746394,0.9505,-0.7061057041065899,-0.71058727462145,-0.004481570514860089,-0.06555345110769169,0.004757681489870406,0.004673791642200574,1.0179489917591478,0.9525,0.00027780273283321073,0.10910412190199692,0.007711959651263093,0.11180650363008494,0.0,0.0,0.0039644,0.0011857999999999999
loss_coupled_k20_max_trigger,0.1,above_all_base_thresholds,1000,1000,2000,-0.05549483473765998,-0.055370317999999995,0.00012451673765998678,0.02500261560152133,2.4555496785268638e-05,2.480187871395568e-05,0.9900659973573532,0.945,-0.8381952267376671,-0.8403727762156556,-0.0021775494779885385,-0.023694537718668463,0.008575362158015907,0.008445776480116737,1.015343252121844,0.94,0.0004310312076868679,0.08698299412317514,0.008281687297347615,0.08943192790596548,0.0,0.0,0.0195695,0.004058
loss_coupled_k20_max_trigger,0.1,above_all_base_thresholds,3000,3000,2000,-0.05549483473765998,-0.05546029755555556,3.453718210442297e-05,0.012011721055914092,7.992590630726675e-06,8.267292904651892e-06,0.9667724033618494,0.9585,-0.8381952267376671,-0.8391736452683615,-0.0009784185306943582,-0.01844019481803729,0.0027595237801999704,0.0028152588267055787,0.980202514249523,0.9545,0.0001452783708507119,0.05138746289970533,0.0027334435767671166,0.05203469858478486,0.0,0.0,0.006601666666666666,0.0014028333333333334
loss_coupled_k20_max_trigger,0.1,above_all_base_thresholds,3000,5000,2000,-0.05549483473765998,-0.055381605460000004,0.00011322927765997776,0.044677347257454585,6.227795029167171e-06,6.42307090208857e-06,0.9695977397886263,0.952,-0.8381952267376671,-0.8376471788407518,0.0005480478969153157,0.011673364047152792,0.0021385317166707344,0.002204169414002371,0.970221119613283,0.9475,0.00011628185282321546,0.046595587070575116,0.0023979696950927783,0.05185442734124919,0.0,0.0,0.0066303,0.0013694
loss_coupled_k20_max_trigger,0.1,above_all_base_thresholds,5000,5000,2000,-0.05549483473765998,-0.055486660720000004,8.174017659977328e-06,0.0036701032655204594,5.091846596014289e-06,4.960375742791136e-06,1.0265042125920034,0.948,-0.8381952267376671,-0.8384879808663175,-0.0002927541286503743,-0.007123086839230084,0.001736650545417849,0.0016891552960233472,1.0281177518173235,0.948,8.302303949627445e-05,0.036792641895256016,0.0015913107906440401,0.03818552704421208,0.0,0.0,0.0039662,0.0008297
loss_coupled_k20_max_trigger,0.1,below_all_base_thresholds,1000,1000,2000,-0.06054519029243999,-0.061013875,-0.0004686847075600145,-0.06378449397974653,5.147339798736867e-05,5.39922390319603e-05,0.9533480905820441,0.9535,-1.0031283005620937,-1.0152601110635295,-0.012131810501435858,-0.08858313272953784,0.01828095989837708,0.01875638618542282,0.974652564606756,0.9465,0.0012912258898039489,0.17997442962099197,0.025121847263287568,0.18580272232607128,0.0,0.0,0.019449,0.0040955
loss_coupled_k20_max_trigger,0.1,below_all_base_thresholds,3000,3000,2000,-0.06054519029243999,-0.0606692715,-0.00012408120756000895,-0.029248322978355477,1.815909174398073e-05,1.7997413010653432e-05,1.008983442966586,0.949,-1.0031283005620937,-1.0063681775613027,-0.0032398769992090237,-0.04097458531791035,0.006378145115696729,0.006252128728474273,1.0201557569741864,0.9455,0.00043081498768878087,0.10109827424807735,0.00834938749682928,0.10454599954201657,0.0,0.0,0.006628333333333333,0.0013541666666666667
loss_coupled_k20_max_trigger,0.1,below_all_base_thresholds,3000,5000,2000,-0.06054519029243999,-0.06077303266,-0.00022784236756000914,-0.06405008377080962,1.2054418221105471e-05,1.2654050562842077e-05,0.9526134071648652,0.958,-1.0031283005620937,-1.008757493428798,-0.005629192866704269,-0.08357383883516613,0.004344260187885617,0.004536820062255602,0.9575562019812068,0.951,0.00040009677805451026,0.11523699546964447,0.007904361864530541,0.11992477161220357,0.0,0.0,0.0065949,0.0013677000000000001
loss_coupled_k20_max_trigger,0.1,below_all_base_thresholds,5000,5000,2000,-0.06054519029243999,-0.0605989096,-5.371930756001286e-05,-0.016347439518195662,1.0898965769272473e-05,1.079844780639206e-05,1.0093085566261581,0.95,-1.0031283005620937,-1.0045263258085915,-0.0013980252464977916,-0.022825769817963533,0.0038751220381316796,0.0037512772370845637,1.0330140358123374,0.947,0.00025995919730142274,0.07874310628642218,0.005052909335902192,0.0811706107439396,0.0,0.0,0.0039881000000000005,0.0008267
