scale,dgp,alpha,trigger_regime,reference_size,evaluation_size,bias,absolute_bias,standardized_bias,B_times_bias,n_times_bias,inverse_B,inverse_n
delta_pi,transparent_k3_max_trigger,0.01,above_all_base_thresholds,1000,1000,-1.4152724580000323e-05,1.4152724580000323e-05,-0.2712999086883113,-0.014152724580000324,-0.014152724580000324,0.001,0.001
delta_pi,transparent_k3_max_trigger,0.01,above_all_base_thresholds,3000,3000,-4.214835691111388e-06,4.214835691111388e-06,-0.1399428997945483,-0.012644507073334164,-0.012644507073334164,0.0003333333333333333,0.0003333333333333333
delta_pi,transparent_k3_max_trigger,0.01,above_all_base_thresholds,3000,5000,-5.178384580000275e-06,5.178384580000275e-06,-0.1923455258973868,-0.015535153740000826,-0.025891922900001377,0.0003333333333333333,0.0002
delta_pi,transparent_k3_max_trigger,0.01,above_all_base_thresholds,5000,5000,-1.860864580000311e-06,1.860864580000311e-06,-0.0797644480172594,-0.009304322900001554,-0.009304322900001554,0.0002,0.0002
delta_pi,transparent_k3_max_trigger,0.01,below_all_base_thresholds,1000,1000,-5.098675434999658e-05,5.098675434999658e-05,-0.079617311527738,-0.05098675434999658,-0.05098675434999658,0.001,0.001
delta_pi,transparent_k3_max_trigger,0.01,below_all_base_thresholds,3000,3000,-8.356365461107641e-06,8.356365461107641e-06,-0.0226010280410744,-0.025069096383322925,-0.025069096383322925,0.0003333333333333333,0.0003333333333333333
delta_pi,transparent_k3_max_trigger,0.01,below_all_base_thresholds,3000,5000,-7.40805434999654e-06,7.40805434999654e-06,-0.0257512942276467,-0.022224163049989618,-0.0370402717499827,0.0003333333333333333,0.0002
delta_pi,transparent_k3_max_trigger,0.01,below_all_base_thresholds,5000,5000,1.169104565000341e-05,1.169104565000341e-05,0.0408214568473253,0.058455228250017054,0.058455228250017054,0.0002,0.0002
delta_pi,transparent_k3_max_trigger,0.05,above_all_base_thresholds,1000,1000,-8.44057438300046e-05,8.44057438300046e-05,-0.1389070003958592,-0.0844057438300046,-0.0844057438300046,0.001,0.001
delta_pi,transparent_k3_max_trigger,0.05,above_all_base_thresholds,3000,3000,-2.748632718893671e-06,2.748632718893671e-06,-0.0078348280753311,-0.008245898156681013,-0.008245898156681013,0.0003333333333333333,0.0003333333333333333
delta_pi,transparent_k3_max_trigger,0.05,above_all_base_thresholds,3000,5000,4.1760361699956505e-06,4.1760361699956505e-06,0.0133524655890422,0.012528108509986952,0.020880180849978253,0.0003333333333333333,0.0002
delta_pi,transparent_k3_max_trigger,0.05,above_all_base_thresholds,5000,5000,7.543676169995475e-06,7.543676169995475e-06,0.0277600453223568,0.037718380849977376,0.037718380849977376,0.0002,0.0002
delta_pi,transparent_k3_max_trigger,0.05,below_all_base_thresholds,1000,1000,-0.00019070683619,0.00019070683619,-0.0945259249385216,-0.19070683618999998,-0.19070683618999998,0.001,0.001
delta_pi,transparent_k3_max_trigger,0.05,below_all_base_thresholds,3000,3000,-1.230655841222804e-05,1.230655841222804e-05,-0.0105653020872219,-0.03691967523668412,-0.03691967523668412,0.0003333333333333333,0.0003333333333333333
delta_pi,transparent_k3_max_trigger,0.05,below_all_base_thresholds,3000,5000,-3.5296556190005275e-05,3.5296556190005275e-05,-0.0378870273758414,-0.10588966857001583,-0.17648278095002637,0.0003333333333333333,0.0002
delta_pi,transparent_k3_max_trigger,0.05,below_all_base_thresholds,5000,5000,-3.361207619000583e-05,3.361207619000583e-05,-0.0372533228189377,-0.16806038095002915,-0.16806038095002915,0.0002,0.0002
delta_pi,transparent_k3_max_trigger,0.1,above_all_base_thresholds,1000,1000,-0.0001152217,0.0001152217,-0.0723374102467624,-0.1152217,-0.1152217,0.001,0.001
delta_pi,transparent_k3_max_trigger,0.1,above_all_base_thresholds,3000,3000,-2.610175555555969e-05,2.610175555555969e-05,-0.0283830474632142,-0.07830526666667907,-0.07830526666667907,0.0003333333333333333,0.0003333333333333333
delta_pi,transparent_k3_max_trigger,0.1,above_all_base_thresholds,3000,5000,-3.993662000000356e-05,3.993662000000356e-05,-0.0489126085940892,-0.11980986000001068,-0.1996831000000178,0.0003333333333333333,0.0002
delta_pi,transparent_k3_max_trigger,0.1,above_all_base_thresholds,5000,5000,-1.2937320000001517e-05,1.2937320000001517e-05,-0.018161762849399,-0.06468660000000759,-0.06468660000000759,0.0002,0.0002
delta_pi,transparent_k3_max_trigger,0.1,below_all_base_thresholds,1000,1000,-0.00013524058125,0.00013524058125,-0.0399086648276203,-0.13524058125,-0.13524058125,0.001,0.001
delta_pi,transparent_k3_max_trigger,0.1,below_all_base_thresholds,3000,3000,-1.9568525694454303e-05,1.9568525694454303e-05,-0.0100018169960957,-0.05870557708336291,-0.05870557708336291,0.0003333333333333333,0.0003333333333333333
delta_pi,transparent_k3_max_trigger,0.1,below_all_base_thresholds,3000,5000,-6.73204125000923e-06,6.73204125000923e-06,-0.0041968316376438,-0.02019612375002769,-0.03366020625004615,0.0003333333333333333,0.0002
delta_pi,transparent_k3_max_trigger,0.1,below_all_base_thresholds,5000,5000,-2.5762661250009963e-05,2.5762661250009963e-05,-0.0169994901033418,-0.12881330625004983,-0.12881330625004983,0.0002,0.0002
delta_pi,gain_coupled_k20_max_trigger,0.01,above_all_base_thresholds,1000,1000,-0.00010578710774,0.00010578710774,-0.2592835869061245,-0.10578710774,-0.10578710774,0.001,0.001
delta_pi,gain_coupled_k20_max_trigger,0.01,above_all_base_thresholds,3000,3000,-3.404932996222505e-05,3.404932996222505e-05,-0.144547797952033,-0.10214798988667514,-0.10214798988667514,0.0003333333333333333,0.0003333333333333333
delta_pi,gain_coupled_k20_max_trigger,0.01,above_all_base_thresholds,3000,5000,-3.809272774000301e-05,3.809272774000301e-05,-0.1791027407419452,-0.11427818322000903,-0.19046363870001506,0.0003333333333333333,0.0002
delta_pi,gain_coupled_k20_max_trigger,0.01,above_all_base_thresholds,5000,5000,-2.045184774000287e-05,2.045184774000287e-05,-0.112088184658405,-0.10225923870001434,-0.10225923870001434,0.0002,0.0002
delta_pi,gain_coupled_k20_max_trigger,0.01,below_all_base_thresholds,1000,1000,-0.0010181727495,0.0010181727495,-0.2992208356390553,-1.0181727495,-1.0181727495,0.001,0.001
delta_pi,gain_coupled_k20_max_trigger,0.01,below_all_base_thresholds,3000,3000,-0.0003760445272777,0.0003760445272777,-0.1914124852583547,-1.1281335818331,-1.1281335818331,0.0003333333333333333,0.0003333333333333333
delta_pi,gain_coupled_k20_max_trigger,0.01,below_all_base_thresholds,3000,5000,-0.0003697040295,0.0003697040295,-0.2271147016691756,-1.1091120884999999,-1.8485201475,0.0003333333333333333,0.0002
delta_pi,gain_coupled_k20_max_trigger,0.01,below_all_base_thresholds,5000,5000,-0.0002236265095,0.0002236265095,-0.1469530652768187,-1.1181325475,-1.1181325475,0.0002,0.0002
delta_pi,gain_coupled_k20_max_trigger,0.05,above_all_base_thresholds,1000,1000,-0.00013053674113,0.00013053674113,-0.0583191103516385,-0.13053674113,-0.13053674113,0.001,0.001
delta_pi,gain_coupled_k20_max_trigger,0.05,above_all_base_thresholds,3000,3000,-0.0001312728522411,0.0001312728522411,-0.1015812781088445,-0.3938185567233,-0.3938185567233,0.0003333333333333333,0.0003333333333333333
delta_pi,gain_coupled_k20_max_trigger,0.05,above_all_base_thresholds,3000,5000,-9.88863611300038e-05,9.88863611300038e-05,-0.0858604383004972,-0.2966590833900114,-0.49443180565001904,0.0003333333333333333,0.0002
delta_pi,gain_coupled_k20_max_trigger,0.05,above_all_base_thresholds,5000,5000,-5.571522113000105e-05,5.571522113000105e-05,-0.055659203187083,-0.27857610565000523,-0.27857610565000523,0.0002,0.0002
delta_pi,gain_coupled_k20_max_trigger,0.05,below_all_base_thresholds,1000,1000,-0.0010977910748599,0.0010977910748599,-0.1871310739062678,-1.0977910748599,-1.0977910748599,0.001,0.001
delta_pi,gain_coupled_k20_max_trigger,0.05,below_all_base_thresholds,3000,3000,-0.0002463936304155,0.0002463936304155,-0.0727472060360924,-0.7391808912465,-0.7391808912465,0.0003333333333333333,0.0003333333333333333
delta_pi,gain_coupled_k20_max_trigger,0.05,below_all_base_thresholds,3000,5000,-0.0002606954148599,0.0002606954148599,-0.0900841507199986,-0.7820862445797,-1.3034770742994999,0.0003333333333333333,0.0002
delta_pi,gain_coupled_k20_max_trigger,0.05,below_all_base_thresholds,5000,5000,-0.00014548931486,0.00014548931486,-0.0554552050133996,-0.7274465743,-0.7274465743,0.0002,0.0002
delta_pi,gain_coupled_k20_max_trigger,0.1,above_all_base_thresholds,1000,1000,7.849797160022765e-06,7.849797160022765e-06,0.0021123082868938,0.007849797160022765,0.007849797160022765,0.001,0.001
delta_pi,gain_coupled_k20_max_trigger,0.1,above_all_base_thresholds,3000,3000,-7.472553617331179e-05,7.472553617331179e-05,-0.0348279999718126,-0.22417660851993537,-0.22417660851993537,0.0003333333333333333,0.0003333333333333333
delta_pi,gain_coupled_k20_max_trigger,0.1,above_all_base_thresholds,3000,5000,-9.986302839978811e-06,9.986302839978811e-06,-0.0053261862935789,-0.029958908519936434,-0.049931514199894056,0.0003333333333333333,0.0002
delta_pi,gain_coupled_k20_max_trigger,0.1,above_all_base_thresholds,5000,5000,-2.670634283997303e-05,2.670634283997303e-05,-0.0160693492682066,-0.13353171419986515,-0.13353171419986515,0.0002,0.0002
delta_pi,gain_coupled_k20_max_trigger,0.1,below_all_base_thresholds,1000,1000,-0.00072848686674,0.00072848686674,-0.105108028019096,-0.72848686674,-0.72848686674,0.001,0.001
delta_pi,gain_coupled_k20_max_trigger,0.1,below_all_base_thresholds,3000,3000,-0.0002038342000733,0.0002038342000733,-0.0509391674084736,-0.6115026002199,-0.6115026002199,0.0003333333333333333,0.0003333333333333333
delta_pi,gain_coupled_k20_max_trigger,0.1,below_all_base_thresholds,3000,5000,-0.00017519140674,0.00017519140674,-0.050691679984769,-0.52557422022,-0.8759570337,0.0003333333333333333,0.0002
delta_pi,gain_coupled_k20_max_trigger,0.1,below_all_base_thresholds,5000,5000,4.52487932599728e-05,4.52487932599728e-05,0.0145984304513109,0.226243966299864,0.226243966299864,0.0002,0.0002
delta_pi,loss_coupled_k20_max_trigger,0.01,above_all_base_thresholds,1000,1000,-0.0001363161533999,0.0001363161533999,-0.2618912444513034,-0.1363161533999,-0.1363161533999,0.001,0.001
delta_pi,loss_coupled_k20_max_trigger,0.01,above_all_base_thresholds,3000,3000,-5.578182006666494e-05,5.578182006666494e-05,-0.1856209386879066,-0.16734546019999483,-0.16734546019999483,0.0003333333333333333,0.0003333333333333333
delta_pi,loss_coupled_k20_max_trigger,0.01,above_all_base_thresholds,3000,5000,-4.617621339999818e-05,4.617621339999818e-05,-0.1713082323469167,-0.13852864019999453,-0.2308810669999909,0.0003333333333333333,0.0002
delta_pi,loss_coupled_k20_max_trigger,0.01,above_all_base_thresholds,5000,5000,-2.5486093399998367e-05,2.5486093399998367e-05,-0.1094868419914241,-0.12743046699999183,-0.12743046699999183,0.0002,0.0002
delta_pi,loss_coupled_k20_max_trigger,0.01,below_all_base_thresholds,1000,1000,-0.000711638894,0.000711638894,-0.3436927225328934,-0.711638894,-0.711638894,0.001,0.001
delta_pi,loss_coupled_k20_max_trigger,0.01,below_all_base_thresholds,3000,3000,-0.0002613877828888,0.0002613877828888,-0.2186535700754454,-0.7841633486663999,-0.7841633486663999,0.0003333333333333333,0.0003333333333333333
delta_pi,loss_coupled_k20_max_trigger,0.01,below_all_base_thresholds,3000,5000,-0.000245260374,0.000245260374,-0.2577517697855646,-0.735781122,-1.22630187,0.0003333333333333333,0.0002
delta_pi,loss_coupled_k20_max_trigger,0.01,below_all_base_thresholds,5000,5000,-0.0001146138339999,0.0001146138339999,-0.1237749338827003,-0.5730691699995001,-0.5730691699995001,0.0002,0.0002
delta_pi,loss_coupled_k20_max_trigger,0.05,above_all_base_thresholds,1000,1000,-0.000188891692,0.000188891692,-0.0616894259244217,-0.188891692,-0.188891692,0.001,0.001
delta_pi,loss_coupled_k20_max_trigger,0.05,above_all_base_thresholds,3000,3000,-3.9921303111124795e-05,3.9921303111124795e-05,-0.0225820418742497,-0.11976390933337439,-0.11976390933337439,0.0003333333333333333,0.0003333333333333333
delta_pi,loss_coupled_k20_max_trigger,0.05,above_all_base_thresholds,3000,5000,-5.87185120000111e-05,5.87185120000111e-05,-0.0372829093646648,-0.1761555360000333,-0.2935925600000555,0.0003333333333333333,0.0002
delta_pi,loss_coupled_k20_max_trigger,0.05,above_all_base_thresholds,5000,5000,-1.71338720000129e-05,1.71338720000129e-05,-0.0125123358287135,-0.0856693600000645,-0.0856693600000645,0.0002,0.0002
delta_pi,loss_coupled_k20_max_trigger,0.05,below_all_base_thresholds,1000,1000,-0.00103575296424,0.00103575296424,-0.1839599251041866,-1.0357529642399999,-1.0357529642399999,0.001,0.001
delta_pi,loss_coupled_k20_max_trigger,0.05,below_all_base_thresholds,3000,3000,-0.0002258010197955,0.0002258010197955,-0.0694630047483829,-0.6774030593865,-0.6774030593865,0.0003333333333333333,0.0003333333333333333
delta_pi,loss_coupled_k20_max_trigger,0.05,below_all_base_thresholds,3000,5000,-0.00027230750424,0.00027230750424,-0.1007312862626882,-0.81692251272,-1.3615375212,0.0003333333333333333,0.0002
delta_pi,loss_coupled_k20_max_trigger,0.05,below_all_base_thresholds,5000,5000,-0.00014720690424,0.00014720690424,-0.0584628820434763,-0.7360345212,-0.7360345212,0.0002,0.0002
delta_pi,loss_coupled_k20_max_trigger,0.1,above_all_base_thresholds,1000,1000,0.0001245167376599,0.0001245167376599,0.0250026156015213,0.12451673765990001,0.12451673765990001,0.001,0.001
delta_pi,loss_coupled_k20_max_trigger,0.1,above_all_base_thresholds,3000,3000,3.453718210442297e-05,3.453718210442297e-05,0.012011721055914,0.10361154631326891,0.10361154631326891,0.0003333333333333333,0.0003333333333333333
delta_pi,loss_coupled_k20_max_trigger,0.1,above_all_base_thresholds,3000,5000,0.0001132292776599,0.0001132292776599,0.0446773472574545,0.3396878329797,0.5661463882995,0.0003333333333333333,0.0002
delta_pi,loss_coupled_k20_max_trigger,0.1,above_all_base_thresholds,5000,5000,8.174017659977328e-06,8.174017659977328e-06,0.0036701032655204,0.04087008829988664,0.04087008829988664,0.0002,0.0002
delta_pi,loss_coupled_k20_max_trigger,0.1,below_all_base_thresholds,1000,1000,-0.00046868470756,0.00046868470756,-0.0637844939797465,-0.46868470755999997,-0.46868470755999997,0.001,0.001
delta_pi,loss_coupled_k20_max_trigger,0.1,below_all_base_thresholds,3000,3000,-0.00012408120756,0.00012408120756,-0.0292483229783554,-0.37224362268000005,-0.37224362268000005,0.0003333333333333333,0.0003333333333333333
delta_pi,loss_coupled_k20_max_trigger,0.1,below_all_base_thresholds,3000,5000,-0.00022784236756,0.00022784236756,-0.0640500837708096,-0.68352710268,-1.1392118378,0.0003333333333333333,0.0002
delta_pi,loss_coupled_k20_max_trigger,0.1,below_all_base_thresholds,5000,5000,-5.371930756001286e-05,5.371930756001286e-05,-0.0163474395181956,-0.2685965378000643,-0.2685965378000643,0.0002,0.0002
delta_s,transparent_k3_max_trigger,0.01,above_all_base_thresholds,1000,1000,-0.0014698784701256,0.0014698784701256,-0.2764672378880546,-1.4698784701256,-1.4698784701256,0.001,0.001
delta_s,transparent_k3_max_trigger,0.01,above_all_base_thresholds,3000,3000,-0.0004381286071576,0.0004381286071576,-0.1427330293247398,-1.3143858214728,-1.3143858214728,0.0003333333333333333,0.0003333333333333333
delta_s,transparent_k3_max_trigger,0.01,above_all_base_thresholds,3000,5000,-0.0005353652620452,0.0005353652620452,-0.1951122624050295,-1.6060957861356,-2.676826310226,0.0003333333333333333,0.0002
delta_s,transparent_k3_max_trigger,0.01,above_all_base_thresholds,5000,5000,-0.0001953028303699,0.0001953028303699,-0.0821402053673371,-0.9765141518495,-0.9765141518495,0.0002,0.0002
delta_s,transparent_k3_max_trigger,0.01,below_all_base_thresholds,1000,1000,-0.0051990998825757,0.0051990998825757,-0.0799887792941717,-5.1990998825757,-5.1990998825757,0.001,0.001
delta_s,transparent_k3_max_trigger,0.01,below_all_base_thresholds,3000,3000,-0.0008545539694957,0.0008545539694957,-0.0227719924599935,-2.5636619084871,-2.5636619084871,0.0003333333333333333,0.0003333333333333333
delta_s,transparent_k3_max_trigger,0.01,below_all_base_thresholds,3000,5000,-0.0007608407088091,0.0007608407088091,-0.0260580521641367,-2.2825221264273,-3.8042035440455,0.0003333333333333333,0.0002
delta_s,transparent_k3_max_trigger,0.01,below_all_base_thresholds,5000,5000,0.0011853675992517,0.0011853675992517,0.0407792244862107,5.9268379962585005,5.9268379962585005,0.0002,0.0002
delta_s,transparent_k3_max_trigger,0.05,above_all_base_thresholds,1000,1000,-0.0020358712222772,0.0020358712222772,-0.151920823786365,-2.0358712222772,-2.0358712222772,0.001,0.001
delta_s,transparent_k3_max_trigger,0.05,above_all_base_thresholds,3000,3000,-0.0001231004369449,0.0001231004369449,-0.0159106244535991,-0.3693013108347,-0.3693013108347,0.0003333333333333333,0.0003333333333333333
delta_s,transparent_k3_max_trigger,0.05,above_all_base_thresholds,3000,5000,4.351330905862788e-05,4.351330905862788e-05,0.0063074792568552,0.13053992717588364,0.2175665452931394,0.0003333333333333333,0.0002
delta_s,transparent_k3_max_trigger,0.05,above_all_base_thresholds,5000,5000,0.000132878162194,0.000132878162194,0.0221720382018437,0.66439081097,0.66439081097,0.0002,0.0002
delta_s,transparent_k3_max_trigger,0.05,below_all_base_thresholds,1000,1000,-0.0043914744079421,0.0043914744079421,-0.1003788216653956,-4.391474407942099,-4.391474407942099,0.001,0.001
delta_s,transparent_k3_max_trigger,0.05,below_all_base_thresholds,3000,3000,-0.0003449485764586,0.0003449485764586,-0.0136567299427352,-1.0348457293758,-1.0348457293758,0.0003333333333333333,0.0003333333333333333
delta_s,transparent_k3_max_trigger,0.05,below_all_base_thresholds,3000,5000,-0.0008340134133723,0.0008340134133723,-0.0412202177278498,-2.5020402401169,-4.1700670668615,0.0003333333333333333,0.0002
delta_s,transparent_k3_max_trigger,0.05,below_all_base_thresholds,5000,5000,-0.00076877866133,0.00076877866133,-0.0392932597835882,-3.84389330665,-3.84389330665,0.0002,0.0002
delta_s,transparent_k3_max_trigger,0.1,above_all_base_thresholds,1000,1000,-0.0017616695844204,0.0017616695844204,-0.0903418174878548,-1.7616695844204,-1.7616695844204,0.001,0.001
delta_s,transparent_k3_max_trigger,0.1,above_all_base_thresholds,3000,3000,-0.0004522385327896,0.0004522385327896,-0.0401691422373199,-1.3567155983688002,-1.3567155983688002,0.0003333333333333333,0.0003333333333333333
delta_s,transparent_k3_max_trigger,0.1,above_all_base_thresholds,3000,5000,-0.0005911019848091,0.0005911019848091,-0.0590959778657607,-1.7733059544272998,-2.9555099240455,0.0003333333333333333,0.0002
delta_s,transparent_k3_max_trigger,0.1,above_all_base_thresholds,5000,5000,-0.0002269339776933,0.0002269339776933,-0.0260224926687053,-1.1346698884665,-1.1346698884665,0.0002,0.0002
delta_s,transparent_k3_max_trigger,0.1,below_all_base_thresholds,1000,1000,-0.0021970925812435,0.0021970925812435,-0.0540806469177151,-2.1970925812435,-2.1970925812435,0.001,0.001
delta_s,transparent_k3_max_trigger,0.1,below_all_base_thresholds,3000,3000,-0.0003806892660763,0.0003806892660763,-0.0162302339267046,-1.1420677982289,-1.1420677982289,0.0003333333333333333,0.0003333333333333333
delta_s,transparent_k3_max_trigger,0.1,below_all_base_thresholds,3000,5000,-0.0001961212945908,0.0001961212945908,-0.0101455042097635,-0.5883638837724,-0.9806064729539999,0.0003333333333333333,0.0002
delta_s,transparent_k3_max_trigger,0.1,below_all_base_thresholds,5000,5000,-0.0003818012698165,0.0003818012698165,-0.0210143466006391,-1.9090063490825,-1.9090063490825,0.0002,0.0002
delta_s,gain_coupled_k20_max_trigger,0.01,above_all_base_thresholds,1000,1000,-0.0120294335411215,0.0120294335411215,-0.275691446194694,-12.029433541121499,-12.029433541121499,0.001,0.001
delta_s,gain_coupled_k20_max_trigger,0.01,above_all_base_thresholds,3000,3000,-0.0038464939751661,0.0038464939751661,-0.1526876103935698,-11.5394819254983,-11.5394819254983,0.0003333333333333333,0.0003333333333333333
delta_s,gain_coupled_k20_max_trigger,0.01,above_all_base_thresholds,3000,5000,-0.004293750146409,0.004293750146409,-0.1887071293068819,-12.881250439227001,-21.468750732045002,0.0003333333333333333,0.0002
delta_s,gain_coupled_k20_max_trigger,0.01,above_all_base_thresholds,5000,5000,-0.0023365551299798,0.0023365551299798,-0.1197399711186292,-11.682775649899,-11.682775649899,0.0002,0.0002
delta_s,gain_coupled_k20_max_trigger,0.01,below_all_base_thresholds,1000,1000,-0.1052363595624259,0.1052363595624259,-0.2923539560097099,-105.2363595624259,-105.2363595624259,0.001,0.001
delta_s,gain_coupled_k20_max_trigger,0.01,below_all_base_thresholds,3000,3000,-0.0387955555237442,0.0387955555237442,-0.1866748285588071,-116.38666657123261,-116.38666657123261,0.0003333333333333333,0.0003333333333333333
delta_s,gain_coupled_k20_max_trigger,0.01,below_all_base_thresholds,3000,5000,-0.0381100133684654,0.0381100133684654,-0.2215859323782284,-114.33004010539621,-190.550066842327,0.0003333333333333333,0.0002
delta_s,gain_coupled_k20_max_trigger,0.01,below_all_base_thresholds,5000,5000,-0.0229630634118589,0.0229630634118589,-0.1426454705710181,-114.8153170592945,-114.8153170592945,0.0002,0.0002
delta_s,gain_coupled_k20_max_trigger,0.05,above_all_base_thresholds,1000,1000,-0.005293196421173,0.005293196421173,-0.0879892125371626,-5.2931964211730005,-5.2931964211730005,0.001,0.001
delta_s,gain_coupled_k20_max_trigger,0.05,above_all_base_thresholds,3000,3000,-0.0041010852575664,0.0041010852575664,-0.1180785050569083,-12.303255772699199,-12.303255772699199,0.0003333333333333333,0.0003333333333333333
delta_s,gain_coupled_k20_max_trigger,0.05,above_all_base_thresholds,3000,5000,-0.0031012541239888,0.0031012541239888,-0.0998515196200664,-9.3037623719664,-15.506270619944,0.0003333333333333333,0.0002
delta_s,gain_coupled_k20_max_trigger,0.05,above_all_base_thresholds,5000,5000,-0.0018534126405244,0.0018534126405244,-0.0688919604513652,-9.267063202622,-9.267063202622,0.0002,0.0002
delta_s,gain_coupled_k20_max_trigger,0.05,below_all_base_thresholds,1000,1000,-0.0285819984309242,0.0285819984309242,-0.190802666011579,-28.5819984309242,-28.5819984309242,0.001,0.001
delta_s,gain_coupled_k20_max_trigger,0.05,below_all_base_thresholds,3000,3000,-0.0064783073034007,0.0064783073034007,-0.0749055539661485,-19.4349219102021,-19.4349219102021,0.0003333333333333333,0.0003333333333333333
delta_s,gain_coupled_k20_max_trigger,0.05,below_all_base_thresholds,3000,5000,-0.0068516477790811,0.0068516477790811,-0.0928546526861469,-20.554943337243298,-34.2582388954055,0.0003333333333333333,0.0002
delta_s,gain_coupled_k20_max_trigger,0.05,below_all_base_thresholds,5000,5000,-0.0038084386414239,0.0038084386414239,-0.0568491286853012,-19.0421932071195,-19.0421932071195,0.0002,0.0002
delta_s,gain_coupled_k20_max_trigger,0.1,above_all_base_thresholds,1000,1000,-0.0021019365245705,0.0021019365245705,-0.0326664662573465,-2.1019365245704997,-2.1019365245704997,0.001,0.001
delta_s,gain_coupled_k20_max_trigger,0.1,above_all_base_thresholds,3000,3000,-0.002323817612354,0.002323817612354,-0.0625525798602616,-6.971452837062,-6.971452837062,0.0003333333333333333,0.0003333333333333333
delta_s,gain_coupled_k20_max_trigger,0.1,above_all_base_thresholds,3000,5000,-0.0005668195127657,0.0005668195127657,-0.0172834779371368,-1.7004585382971,-2.8340975638285,0.0003333333333333333,0.0002
delta_s,gain_coupled_k20_max_trigger,0.1,above_all_base_thresholds,5000,5000,-0.0009200642997851,0.0009200642997851,-0.0319731732910991,-4.6003214989255,-4.6003214989255,0.0002,0.0002
delta_s,gain_coupled_k20_max_trigger,0.1,below_all_base_thresholds,1000,1000,-0.0135721162354571,0.0135721162354571,-0.1203488174228652,-13.5721162354571,-13.5721162354571,0.001,0.001
delta_s,gain_coupled_k20_max_trigger,0.1,below_all_base_thresholds,3000,3000,-0.0037506332319722,0.0037506332319722,-0.0576049072110012,-11.251899695916599,-11.251899695916599,0.0003333333333333333,0.0003333333333333333
delta_s,gain_coupled_k20_max_trigger,0.1,below_all_base_thresholds,3000,5000,-0.0031437198506149,0.0031437198506149,-0.0557440731358333,-9.431159551844699,-15.7185992530745,0.0003333333333333333,0.0002
delta_s,gain_coupled_k20_max_trigger,0.1,below_all_base_thresholds,5000,5000,0.000427776098147,0.000427776098147,0.008481951283767,2.138880490735,2.138880490735,0.0002,0.0002
delta_s,loss_coupled_k20_max_trigger,0.01,above_all_base_thresholds,1000,1000,-0.0155445288199746,0.0155445288199746,-0.2788554793960257,-15.5445288199746,-15.5445288199746,0.001,0.001
delta_s,loss_coupled_k20_max_trigger,0.01,above_all_base_thresholds,3000,3000,-0.0062626630714049,0.0062626630714049,-0.1945903481339774,-18.7879892142147,-18.7879892142147,0.0003333333333333333,0.0003333333333333333
delta_s,loss_coupled_k20_max_trigger,0.01,above_all_base_thresholds,3000,5000,-0.0052076809716054,0.0052076809716054,-0.1803849037851604,-15.623042914816201,-26.038404858027,0.0003333333333333333,0.0002
delta_s,loss_coupled_k20_max_trigger,0.01,above_all_base_thresholds,5000,5000,-0.0028990044761988,0.0028990044761988,-0.1162881625371737,-14.495022380994001,-14.495022380994001,0.0002,0.0002
delta_s,loss_coupled_k20_max_trigger,0.01,below_all_base_thresholds,1000,1000,-0.0767864185642906,0.0767864185642906,-0.3508495728621406,-76.7864185642906,-76.7864185642906,0.001,0.001
delta_s,loss_coupled_k20_max_trigger,0.01,below_all_base_thresholds,3000,3000,-0.0280382395580172,0.0280382395580172,-0.2218952009560516,-84.1147186740516,-84.1147186740516,0.0003333333333333333,0.0003333333333333333
delta_s,loss_coupled_k20_max_trigger,0.01,below_all_base_thresholds,3000,5000,-0.0263990983563325,0.0263990983563325,-0.2622496627782182,-79.1972950689975,-131.9954917816625,0.0003333333333333333,0.0002
delta_s,loss_coupled_k20_max_trigger,0.01,below_all_base_thresholds,5000,5000,-0.0123593771309493,0.0123593771309493,-0.1262752179561831,-61.7968856547465,-61.7968856547465,0.0002,0.0002
delta_s,loss_coupled_k20_max_trigger,0.05,above_all_base_thresholds,1000,1000,-0.0086134636889382,0.0086134636889382,-0.1025517137326593,-8.6134636889382,-8.6134636889382,0.001,0.001
delta_s,loss_coupled_k20_max_trigger,0.05,above_all_base_thresholds,3000,3000,-0.0021068964158732,0.0021068964158732,-0.0434479116523613,-6.3206892476196,-6.3206892476196,0.0003333333333333333,0.0003333333333333333
delta_s,loss_coupled_k20_max_trigger,0.05,above_all_base_thresholds,3000,5000,-0.0026240143894114,0.0026240143894114,-0.0606813557962752,-7.8720431682342,-13.120071947057,0.0003333333333333333,0.0002
delta_s,loss_coupled_k20_max_trigger,0.05,above_all_base_thresholds,5000,5000,-0.0009897697158852,0.0009897697158852,-0.026350220797453,-4.948848579426,-4.948848579426,0.0002,0.0002
delta_s,loss_coupled_k20_max_trigger,0.05,below_all_base_thresholds,1000,1000,-0.03197308158985,0.03197308158985,-0.209153347540227,-31.973081589850004,-31.973081589850004,0.001,0.001
delta_s,loss_coupled_k20_max_trigger,0.05,below_all_base_thresholds,3000,3000,-0.0067401848965459,0.0067401848965459,-0.0763682364415924,-20.220554689637698,-20.220554689637698,0.0003333333333333333,0.0003333333333333333
delta_s,loss_coupled_k20_max_trigger,0.05,below_all_base_thresholds,3000,5000,-0.0085680856837526,0.0085680856837526,-0.1155640667312064,-25.704257051257798,-42.840428418763,0.0003333333333333333,0.0002
delta_s,loss_coupled_k20_max_trigger,0.05,below_all_base_thresholds,5000,5000,-0.00448157051486,0.00448157051486,-0.0655534511076916,-22.4078525743,-22.4078525743,0.0002,0.0002
delta_s,loss_coupled_k20_max_trigger,0.1,above_all_base_thresholds,1000,1000,-0.0021775494779885,0.0021775494779885,-0.0236945377186684,-2.1775494779885,-2.1775494779885,0.001,0.001
delta_s,loss_coupled_k20_max_trigger,0.1,above_all_base_thresholds,3000,3000,-0.0009784185306943,0.0009784185306943,-0.0184401948180372,-2.9352555920828998,-2.9352555920828998,0.0003333333333333333,0.0003333333333333333
delta_s,loss_coupled_k20_max_trigger,0.1,above_all_base_thresholds,3000,5000,0.0005480478969153,0.0005480478969153,0.0116733640471527,1.6441436907459002,2.7402394845765,0.0003333333333333333,0.0002
delta_s,loss_coupled_k20_max_trigger,0.1,above_all_base_thresholds,5000,5000,-0.0002927541286503,0.0002927541286503,-0.00712308683923,-1.4637706432514999,-1.4637706432514999,0.0002,0.0002
delta_s,loss_coupled_k20_max_trigger,0.1,below_all_base_thresholds,1000,1000,-0.0121318105014358,0.0121318105014358,-0.0885831327295378,-12.131810501435801,-12.131810501435801,0.001,0.001
delta_s,loss_coupled_k20_max_trigger,0.1,below_all_base_thresholds,3000,3000,-0.003239876999209,0.003239876999209,-0.0409745853179103,-9.719630997627,-9.719630997627,0.0003333333333333333,0.0003333333333333333
delta_s,loss_coupled_k20_max_trigger,0.1,below_all_base_thresholds,3000,5000,-0.0056291928667042,0.0056291928667042,-0.0835738388351661,-16.887578600112597,-28.145964333520997,0.0003333333333333333,0.0002
delta_s,loss_coupled_k20_max_trigger,0.1,below_all_base_thresholds,5000,5000,-0.0013980252464977,0.0013980252464977,-0.0228257698179635,-6.9901262324885005,-6.9901262324885005,0.0002,0.0002
