scale,dgp,alpha,trigger_regime,design_points,all_bias_signs_equal,coefficient_inverse_B_only,rmse_inverse_B_only,coefficient_inverse_B_joint,coefficient_inverse_n_joint,rmse_inverse_B_plus_inverse_n,relative_sse_reduction_from_inverse_n,log_absolute_bias_vs_log_B_slope,log_absolute_bias_vs_log_B_r2,expected_second_order_slope,B_scaled_bias_cv,same_B_3000_n5000_minus_n3000,same_B_3000_relative_difference,posthoc_exploratory
delta_pi,transparent_k3_max_trigger,0.01,above_all_base_thresholds,4,True,-0.013988005130047398,5.85475230711134e-07,-0.0180798846583026,0.004241218197169619,5.194924583090996e-07,0.2126978428213484,-1.2197821227074386,0.9754261319892239,-1.0,0.20741140197168118,-9.63548888888887e-07,0.2051583719062203,True
delta_pi,transparent_k3_max_trigger,0.01,below_all_base_thresholds,4,False,-0.04270512028285878,1.1822527830684167e-05,0.0114626623600578,-0.05614470901674565,1.1269229197456873e-05,0.09141045833987815,-1.0398683809926945,0.7552993492783427,-1.0,1.209885377799602,9.483111111111011e-07,0.12031030922471722,True
delta_pi,transparent_k3_max_trigger,0.05,above_all_base_thresholds,4,False,-0.06529849181432602,2.1355621987282006e-05,0.1405363391592432,-0.21334705108209365,1.6479467853731257e-05,0.40452721529724367,-1.7242914922144517,0.7251893051596932,-1.0,1.4743385999232557,6.924668888889322e-06,2.0,True
delta_pi,transparent_k3_max_trigger,0.05,below_all_base_thresholds,4,True,-0.16898526467066113,2.6702643507728535e-05,-0.002110811663162758,-0.17296476151142168,2.4326366718509418e-05,0.17006136285216455,-1.2083340284734623,0.7939689520946638,-1.0,0.5504828013532485,-2.2989997777777237e-05,0.9659030914207725,True
delta_pi,transparent_k3_max_trigger,0.1,above_all_base_thresholds,4,True,-0.11077443685446238,7.598539997930675e-06,-0.13467121235523685,0.024768920592043615,7.433113024094062e-06,0.04306780715933278,-1.3235154745630702,0.9843538984727775,-1.0,0.28791436269633824,-1.383486444444387e-05,0.41899469295102565,True
delta_pi,transparent_k3_max_trigger,0.1,below_all_base_thresholds,4,True,-0.11817251076878597,2.0948562291567013e-05,0.1409542270993587,-0.2685839180823105,1.2101846361647477e-05,0.6662703253202188,-1.2038821891066924,0.6812692597355645,-1.0,0.6505189373357221,1.2836484444445073e-05,0.9761374704621909,True
delta_pi,gain_coupled_k20_max_trigger,0.01,above_all_base_thresholds,4,True,-0.10610241801925081,1.5696127746480138e-06,-0.12772558080890095,0.02241232931481984,6.539932171785922e-07,0.8263953158877281,-1.0144367090023825,0.9990380294746367,-1.0,0.05368040115803307,-4.0433977777779625e-06,0.11209543798895785,True
delta_pi,gain_coupled_k20_max_trigger,0.01,below_all_base_thresholds,4,True,-1.0390253638145335,2.2984758206478164e-05,-1.2243898673262892,0.19212963137714806,1.9459697184087227e-05,0.28320944051491526,-0.9374430579818017,0.999511755604947,-1.0,0.04640768769839558,6.340497777699997e-06,0.017004384976879103,True
delta_pi,gain_coupled_k20_max_trigger,0.05,above_all_base_thresholds,4,True,-0.17302779122511563,4.8388825437331495e-05,-0.5000063052519642,0.33891203643658746,4.331190822311999e-05,0.198830374804005,-0.4630827955088232,0.6869038918995372,-1.0,0.3955441582882554,3.238649111109619e-05,0.28142684915139077,True
delta_pi,gain_coupled_k20_max_trigger,0.05,below_all_base_thresholds,4,True,-1.026696089464199,7.821401124721817e-05,-0.3797549939202532,-0.6705520844324111,6.553584249386046e-05,0.297916680799984,-1.2681448863637437,0.9978346148869193,-1.0,0.20999429273728318,-1.4301784444399992e-05,0.05640738871269717,True
delta_pi,gain_coupled_k20_max_trigger,0.1,above_all_base_thresholds,4,False,-0.020383693636586125,3.85163377169113e-05,-0.04570810365625817,0.02624865856053599,3.848006812406882e-05,0.001882448749727872,0.8838598643175967,0.6962737988476253,-1.0,1.0603703182761584,6.473923333333298e-05,1.5284577477576875,True
delta_pi,gain_coupled_k20_max_trigger,0.1,below_all_base_thresholds,4,False,-0.6700713726436576,9.778637217220113e-05,-0.28790708920657054,-0.39611188502238204,9.447860857282396e-05,0.06650862722173889,-1.6468548833721095,0.9499494079453854,-1.0,0.8263223482989049,2.8642793333300015e-05,0.15113909360434769,True
delta_pi,loss_coupled_k20_max_trigger,0.01,above_all_base_thresholds,4,True,-0.1389607789717506,5.04613324455375e-06,-0.13781786368737658,-0.0011846275210299843,5.04556960938034e-06,0.00022338042539593594,-1.0185535930779739,0.988339228411701,-1.0,0.12151772012000772,9.60560666666676e-06,0.18842275277518908,True
delta_pi,loss_coupled_k20_max_trigger,0.01,below_all_base_thresholds,4,True,-0.7157569910093504,1.8680469028041876e-05,-0.7687165652510302,0.054892405418383416,1.8350664645304114e-05,0.03499837481179913,-1.1036298792458223,0.9826415609300906,-1.0,0.1291618194254488,1.6127408888799992e-05,0.06366315033231104,True
delta_pi,loss_coupled_k20_max_trigger,0.05,above_all_base_thresholds,4,True,-0.178414229131464,1.4462150438113216e-05,-0.17244046544408934,-0.006191784259906552,1.445677704820534e-05,0.0007429588972206469,-1.4484777045920207,0.980741677678934,-1.0,0.33945473500968515,-1.8797208888886308e-05,0.38112822631931725,True
delta_pi,loss_coupled_k20_max_trigger,0.05,below_all_base_thresholds,4,True,-0.9754467146037411,6.81758527043989e-05,-0.5561838640618001,-0.4345644144303333,6.230982117280517e-05,0.16468197575730026,-1.225782947029231,0.9972669301048693,-1.0,0.19220946296689145,-4.650648444450001e-05,0.1867323372333436,True
delta_pi,loss_coupled_k20_max_trigger,0.1,above_all_base_thresholds,4,True,0.138966835389087,3.608725271364559e-05,0.6698312498661911,-0.5502390281441518,8.667664119064975e-06,0.9423105357998915,-1.4985261851073848,0.7269159734279633,-1.0,0.8540734416437483,7.869209555547704e-05,1.0650873774872234,True
delta_pi,loss_coupled_k20_max_trigger,0.1,below_all_base_thresholds,4,True,-0.47276653582817113,4.399544301519683e-05,-1.0301834790463291,0.5777606272772146,2.413728173034283e-05,0.6990035810656904,-1.2736388516833643,0.9324700263336652,-1.0,0.39451752463484596,-0.00010376116,0.5896800745140146,True
delta_s,transparent_k3_max_trigger,0.01,above_all_base_thresholds,4,True,-1.4525469131518152,5.938288609445819e-05,-1.858651075290397,0.42092548192466117,5.299232765452176e-05,0.20365109018370608,-1.2146131996325638,0.9767892410903186,-1.0,0.2020341299240036,-9.723665488759999e-05,0.19976839703618818,True
delta_s,transparent_k3_max_trigger,0.01,below_all_base_thresholds,4,False,-4.357783565091782,0.0012015538494169957,1.1308422475922801,-5.68894062336596,0.0011456672469781712,0.09086052243382114,-1.0421308470833441,0.7598629575005278,-1.0,1.207126775349511,9.371326068659995e-05,0.11602521903185038,True
delta_s,transparent_k3_max_trigger,0.05,above_all_base_thresholds,4,False,-1.6128892334686984,0.0004732641266748209,2.9981106701665907,-4.779284571651176,0.00036248769993722053,0.4133495927700426,-1.8888691301173461,0.8096841554249743,-1.0,1.4597244300505159,0.00016661374600352788,2.0,True
delta_s,transparent_k3_max_trigger,0.05,below_all_base_thresholds,4,True,-3.912320178817395,0.0005853947693542544,-0.1824292212504461,-3.8660183647774193,0.0005311378257661732,0.1767783419444685,-1.2013230690232866,0.8202609326845554,-1.0,0.5094911995943041,-0.0004890648369137,0.8296532731879629,True
delta_s,transparent_k3_max_trigger,0.1,above_all_base_thresholds,4,True,-1.7071768461644052,8.690933811391063e-05,-1.882074294658934,0.18128056705272375,8.613961873230606e-05,0.017634718159044827,-1.2469880978138799,0.9900570008108063,-1.0,0.208840660738045,-0.00013886345201949993,0.26619008785185694,True
delta_s,transparent_k3_max_trigger,0.1,below_all_base_thresholds,4,True,-1.9534777463787412,0.00029139356860115025,1.6569585311708506,-3.742204024905416,0.0001677757919529833,0.6684884448949173,-1.2084116376839487,0.8157820846804507,-1.0,0.5013974848541318,0.00018456797148550002,0.6399604448019856,True
delta_s,gain_coupled_k20_max_trigger,0.01,above_all_base_thresholds,4,True,-12.050302241970286,0.0001669962668276518,-14.24798376753342,2.2778888805106923,8.280432914622208e-05,0.7541373486663212,-1.0131150691386408,0.9994407335674479,-1.0,0.04999465520397055,-0.0004472561712429001,0.10988765559437745,True
delta_s,gain_coupled_k20_max_trigger,0.01,below_all_base_thresholds,4,True,-107.32195923237745,0.002301230339161491,-125.85684493901012,19.21134138935644,0.00194928722731947,0.2824841617349211,-0.9411835009592652,0.9994422195531543,-1.0,0.04478931264676557,0.000685542155278801,0.017828153803521117,True
delta_s,gain_coupled_k20_max_trigger,0.05,above_all_base_thresholds,4,True,-6.389254285930152,0.0012612086228550113,-14.097509262512526,7.9895781509101935,0.0011540872151132103,0.16265699385976895,-0.6040599213582578,0.8757992081215049,-1.0,0.31804143985836997,0.0009998311335775996,0.2776406610713494,True
delta_s,gain_coupled_k20_max_trigger,0.05,below_all_base_thresholds,4,True,-26.767873299324496,0.001996379588197834,-10.33599289768117,-17.031584065936876,0.0016762451175522642,0.2950004981278278,-1.2639349988547448,0.9981095518242268,-1.0,0.20536513669320633,-0.00037334047568039937,0.056015263873025745,True
delta_s,gain_coupled_k20_max_trigger,0.1,above_all_base_thresholds,4,True,-2.574423929234752,0.000809396410837506,-0.2629710613108513,-2.3958124616437506,0.0007948946283365246,0.03551256131048497,-0.4858932068071961,0.9330886958081136,-1.0,0.6369908478922203,0.0017569980995883001,1.2156476399752485,True
delta_s,gain_coupled_k20_max_trigger,0.1,below_all_base_thresholds,4,False,-12.505467287870653,0.0016538419196738948,-4.374576171354129,-8.427638967484278,0.0015643892059777989,0.10525015875060229,-2.0047539130315046,0.8969135900434069,-1.0,0.7679552783864496,0.0006069133813573001,0.17606100937596786,True
delta_s,loss_coupled_k20_max_trigger,0.01,above_all_base_thresholds,4,True,-15.803697144890862,0.0005312379609404476,-15.325905069210792,-0.4952297426756903,0.000530301529059979,0.0035223632666204763,-1.0218178519443886,0.9900352122157061,-1.0,0.1152025570444424,0.0010549820997994997,0.18394951290800657,True
delta_s,loss_coupled_k20_max_trigger,0.01,below_all_base_thresholds,4,True,-77.16872004026175,0.0019631535620147533,-82.53387021278688,5.56095857298224,0.001930965935678661,0.03252293122272043,-1.1045606696748778,0.9832724355401442,-1.0,0.12738738221263463,0.0016391412016847004,0.060221210826425155,True
delta_s,loss_coupled_k20_max_trigger,0.05,above_all_base_thresholds,4,True,-8.230236893036176,0.0004992422948765726,-7.282890555239444,-0.981921021657927,0.0004953129231014515,0.015679394231423838,-1.3175978053686108,0.9908291847475094,-1.0,0.23559954546976497,-0.0005171179735381998,0.21861243841695777,True
delta_s,loss_coupled_k20_max_trigger,0.05,below_all_base_thresholds,4,True,-30.083571564814573,0.00217178708433568,-18.50121464672039,-12.005070674229001,0.0020328560705785586,0.12384938548642033,-1.23367505774086,0.9975841268182406,-1.0,0.20419599121631782,-0.0018279007872066995,0.2388121868657298,True
delta_s,loss_coupled_k20_max_trigger,0.1,above_all_base_thresholds,4,False,-1.8852125558806374,0.0006322805847043237,7.449185239251327,-9.67506924750904,0.0001427242997383958,0.9490462503128173,-1.2002415504329624,0.9672843276351444,-1.0,0.9780472042874326,0.0015264664276095998,2.0,True
delta_s,loss_coupled_k20_max_trigger,0.1,below_all_base_thresholds,4,True,-12.175171615700497,0.0010264809276677841,-24.638487385284627,12.918181308620039,0.0006142199272543571,0.6419480563809357,-1.274697763795738,0.9400681417460608,-1.0,0.36736503102483326,-0.0023893158674951997,0.538797394454663,True
