scale,dgp,alpha,trigger_regime,reference_size,evaluation_size,bridge_rms_to_empirical_sd,sqrt_B_scaled_bridge_ratio,strict_sign_reversal_frequency,locked_threshold,locked_threshold_fail
delta_pi,transparent_k3_max_trigger,0.01,above_all_base_thresholds,1000,1000,0.2658377064114428,8.406526402153059,0.0,0.15,True
delta_pi,transparent_k3_max_trigger,0.01,above_all_base_thresholds,3000,3000,0.1458579385866852,7.988968315513067,0.0,0.15,False
delta_pi,transparent_k3_max_trigger,0.01,above_all_base_thresholds,3000,5000,0.1661391016598348,9.099813366273551,0.0,0.15,True
delta_pi,transparent_k3_max_trigger,0.01,above_all_base_thresholds,5000,5000,0.1180018991133129,8.34399430559144,0.0,0.15,False
delta_pi,transparent_k3_max_trigger,0.01,below_all_base_thresholds,1000,1000,0.3996293801049844,12.637390610529298,0.0475,0.15,True
delta_pi,transparent_k3_max_trigger,0.01,below_all_base_thresholds,3000,3000,0.2277329590143757,12.473447873957305,0.0355,0.15,True
delta_pi,transparent_k3_max_trigger,0.01,below_all_base_thresholds,3000,5000,0.2343669893793086,12.836808681762102,0.0465,0.15,True
delta_pi,transparent_k3_max_trigger,0.01,below_all_base_thresholds,5000,5000,0.1922381606543618,13.593290700152819,0.0375,0.15,True
delta_pi,transparent_k3_max_trigger,0.05,above_all_base_thresholds,1000,1000,0.1285994812114077,4.0666726654407785,0.0,0.15,False
delta_pi,transparent_k3_max_trigger,0.05,above_all_base_thresholds,3000,3000,0.0753999907574366,4.1298275773529065,0.0,0.15,False
delta_pi,transparent_k3_max_trigger,0.05,above_all_base_thresholds,3000,5000,0.0728864432585679,3.9921549109037984,0.0,0.15,False
delta_pi,transparent_k3_max_trigger,0.05,above_all_base_thresholds,5000,5000,0.0590946644716693,4.178623797986111,0.0,0.15,False
delta_pi,transparent_k3_max_trigger,0.05,below_all_base_thresholds,1000,1000,0.2073617748603196,6.557355082136537,0.018,0.15,True
delta_pi,transparent_k3_max_trigger,0.05,below_all_base_thresholds,3000,3000,0.1247729097168608,6.834093721748019,0.0015,0.15,False
delta_pi,transparent_k3_max_trigger,0.05,below_all_base_thresholds,3000,5000,0.1192345404772628,6.530744745315963,0.0005,0.15,False
delta_pi,transparent_k3_max_trigger,0.05,below_all_base_thresholds,5000,5000,0.0955188647171381,6.754203697272881,0.0,0.15,False
delta_pi,transparent_k3_max_trigger,0.1,above_all_base_thresholds,1000,1000,0.1013883845032917,3.2061822331532124,0.0,0.15,False
delta_pi,transparent_k3_max_trigger,0.1,above_all_base_thresholds,3000,3000,0.0597609931460441,3.2732444004999977,0.0,0.15,False
delta_pi,transparent_k3_max_trigger,0.1,above_all_base_thresholds,3000,5000,0.0593158350810655,3.248862089115585,0.0,0.15,False
delta_pi,transparent_k3_max_trigger,0.1,above_all_base_thresholds,5000,5000,0.0444795830767618,3.145181481792867,0.0,0.15,False
delta_pi,transparent_k3_max_trigger,0.1,below_all_base_thresholds,1000,1000,0.1594289452106307,5.0415859182378595,0.0,0.15,True
delta_pi,transparent_k3_max_trigger,0.1,below_all_base_thresholds,3000,3000,0.0921527931465939,5.0474163543496955,0.0,0.15,False
delta_pi,transparent_k3_max_trigger,0.1,below_all_base_thresholds,3000,5000,0.1020165268061857,5.587675297007837,0.0,0.15,False
delta_pi,transparent_k3_max_trigger,0.1,below_all_base_thresholds,5000,5000,0.0726325379595806,5.1358960126008775,0.0,0.15,False
delta_pi,gain_coupled_k20_max_trigger,0.01,above_all_base_thresholds,1000,1000,0.3641680469107464,11.516004792930037,0.0025,0.15,True
delta_pi,gain_coupled_k20_max_trigger,0.01,above_all_base_thresholds,3000,3000,0.1490471826224461,8.163650405490573,0.0,0.15,False
delta_pi,gain_coupled_k20_max_trigger,0.01,above_all_base_thresholds,3000,5000,0.1483200754563648,8.123825105831935,0.0,0.15,False
delta_pi,gain_coupled_k20_max_trigger,0.01,above_all_base_thresholds,5000,5000,0.1151221363103884,8.14036432497577,0.0,0.15,False
delta_pi,gain_coupled_k20_max_trigger,0.01,below_all_base_thresholds,1000,1000,0.498977072501659,15.77904049308214,0.0125,0.15,True
delta_pi,gain_coupled_k20_max_trigger,0.01,below_all_base_thresholds,3000,3000,0.2840317141945276,15.557057691120306,0.0,0.15,True
delta_pi,gain_coupled_k20_max_trigger,0.01,below_all_base_thresholds,3000,5000,0.2952427023827408,16.17110880338114,0.0,0.15,True
delta_pi,gain_coupled_k20_max_trigger,0.01,below_all_base_thresholds,5000,5000,0.2187396479620305,15.467228838830994,0.0,0.15,True
delta_pi,gain_coupled_k20_max_trigger,0.05,above_all_base_thresholds,1000,1000,0.1259851553488707,3.984000422725766,0.0,0.15,False
delta_pi,gain_coupled_k20_max_trigger,0.05,above_all_base_thresholds,3000,3000,0.0709183918775568,3.8843602973329014,0.0,0.15,False
delta_pi,gain_coupled_k20_max_trigger,0.05,above_all_base_thresholds,3000,5000,0.069956079191075,3.831652260756953,0.0,0.15,False
delta_pi,gain_coupled_k20_max_trigger,0.05,above_all_base_thresholds,5000,5000,0.057078011713294,4.036024913911538,0.0,0.15,False
delta_pi,gain_coupled_k20_max_trigger,0.05,below_all_base_thresholds,1000,1000,0.2634238970560348,8.330195048147937,0.0715,0.15,True
delta_pi,gain_coupled_k20_max_trigger,0.05,below_all_base_thresholds,3000,3000,0.15275016940109,8.36647134437124,0.02,0.15,True
delta_pi,gain_coupled_k20_max_trigger,0.05,below_all_base_thresholds,3000,5000,0.1633805561035274,8.94872160356403,0.015,0.15,True
delta_pi,gain_coupled_k20_max_trigger,0.05,below_all_base_thresholds,5000,5000,0.1231282903321791,8.706484904978987,0.0095,0.15,False
delta_pi,gain_coupled_k20_max_trigger,0.1,above_all_base_thresholds,1000,1000,0.1112274732775684,3.5173215394262995,0.0,0.15,False
delta_pi,gain_coupled_k20_max_trigger,0.1,above_all_base_thresholds,3000,3000,0.0637207300139835,3.490128120935524,0.0,0.15,False
delta_pi,gain_coupled_k20_max_trigger,0.1,above_all_base_thresholds,3000,5000,0.0591056074670847,3.237347448476808,0.0,0.15,False
delta_pi,gain_coupled_k20_max_trigger,0.1,above_all_base_thresholds,5000,5000,0.0533102952037175,3.7696071245605327,0.0,0.15,False
delta_pi,gain_coupled_k20_max_trigger,0.1,below_all_base_thresholds,1000,1000,0.1876795607808447,5.9349488232747865,0.018,0.15,True
delta_pi,gain_coupled_k20_max_trigger,0.1,below_all_base_thresholds,3000,3000,0.1094459210791093,5.994599980195832,0.0005,0.15,False
delta_pi,gain_coupled_k20_max_trigger,0.1,below_all_base_thresholds,3000,5000,0.1145264286047098,6.272870837730446,0.0,0.15,False
delta_pi,gain_coupled_k20_max_trigger,0.1,below_all_base_thresholds,5000,5000,0.0829906862011976,5.868327698819166,0.0,0.15,False
delta_pi,loss_coupled_k20_max_trigger,0.01,above_all_base_thresholds,1000,1000,0.2692333519474472,8.51390614235663,0.0,0.15,True
delta_pi,loss_coupled_k20_max_trigger,0.01,above_all_base_thresholds,3000,3000,0.1537577166061344,8.421656977566649,0.0,0.15,True
delta_pi,loss_coupled_k20_max_trigger,0.01,above_all_base_thresholds,3000,5000,0.1666668856512309,9.128721286031325,0.0,0.15,True
delta_pi,loss_coupled_k20_max_trigger,0.01,above_all_base_thresholds,5000,5000,0.1182136456403598,8.358967046108196,0.0,0.15,False
delta_pi,loss_coupled_k20_max_trigger,0.01,below_all_base_thresholds,1000,1000,0.4934046736250722,15.60282576827236,0.0905,0.15,True
delta_pi,loss_coupled_k20_max_trigger,0.01,below_all_base_thresholds,3000,3000,0.2969458136777851,16.2643920508049,0.0265,0.15,True
delta_pi,loss_coupled_k20_max_trigger,0.01,below_all_base_thresholds,3000,5000,0.303598507031766,16.628775072618904,0.0125,0.15,True
delta_pi,loss_coupled_k20_max_trigger,0.01,below_all_base_thresholds,5000,5000,0.219405247422162,15.514293828012303,0.0145,0.15,True
delta_pi,loss_coupled_k20_max_trigger,0.05,above_all_base_thresholds,1000,1000,0.1146812297863257,3.6265389099393426,0.0,0.15,False
delta_pi,loss_coupled_k20_max_trigger,0.05,above_all_base_thresholds,3000,3000,0.064518219107403,3.5338083975185453,0.0,0.15,False
delta_pi,loss_coupled_k20_max_trigger,0.05,above_all_base_thresholds,3000,5000,0.0649106213348502,3.5553011526773557,0.0,0.15,False
delta_pi,loss_coupled_k20_max_trigger,0.05,above_all_base_thresholds,5000,5000,0.0484843513526649,3.428361362290051,0.0,0.15,False
delta_pi,loss_coupled_k20_max_trigger,0.05,below_all_base_thresholds,1000,1000,0.2469076161390154,7.80790438641838,0.0,0.15,True
delta_pi,loss_coupled_k20_max_trigger,0.05,below_all_base_thresholds,3000,3000,0.1420149103690848,7.778476991122207,0.0,0.15,False
delta_pi,loss_coupled_k20_max_trigger,0.05,below_all_base_thresholds,3000,5000,0.1576712020123201,8.636007401110167,0.0,0.15,True
delta_pi,loss_coupled_k20_max_trigger,0.05,below_all_base_thresholds,5000,5000,0.1091041219019969,7.714826445230574,0.0,0.15,False
delta_pi,loss_coupled_k20_max_trigger,0.1,above_all_base_thresholds,1000,1000,0.0869829941231751,2.7506437913027404,0.0,0.15,False
delta_pi,loss_coupled_k20_max_trigger,0.1,above_all_base_thresholds,3000,3000,0.0513874628997053,2.8146072603128425,0.0,0.15,False
delta_pi,loss_coupled_k20_max_trigger,0.1,above_all_base_thresholds,3000,5000,0.0465955870705751,2.5521454118750047,0.0,0.15,False
delta_pi,loss_coupled_k20_max_trigger,0.1,above_all_base_thresholds,5000,5000,0.036792641895256,2.601632658190379,0.0,0.15,False
delta_pi,loss_coupled_k20_max_trigger,0.1,below_all_base_thresholds,1000,1000,0.1799744296209919,5.691291181920088,0.0,0.15,True
delta_pi,loss_coupled_k20_max_trigger,0.1,below_all_base_thresholds,3000,3000,0.1010982742480773,5.537380533051557,0.0,0.15,False
delta_pi,loss_coupled_k20_max_trigger,0.1,below_all_base_thresholds,3000,5000,0.1152369954696444,6.311790187784488,0.0,0.15,False
delta_pi,loss_coupled_k20_max_trigger,0.1,below_all_base_thresholds,5000,5000,0.0787431062864221,5.567978442682213,0.0,0.15,False
delta_s,transparent_k3_max_trigger,0.01,above_all_base_thresholds,1000,1000,0.2664461210268125,8.425766161616094,0.0,0.15,True
delta_s,transparent_k3_max_trigger,0.01,above_all_base_thresholds,3000,3000,0.1461377338607598,8.004293333822467,0.0,0.15,False
delta_s,transparent_k3_max_trigger,0.01,above_all_base_thresholds,3000,5000,0.1664836426626506,9.118684654196317,0.0,0.15,True
delta_s,transparent_k3_max_trigger,0.01,above_all_base_thresholds,5000,5000,0.1182395076333102,8.36079576516722,0.0,0.15,False
delta_s,transparent_k3_max_trigger,0.01,below_all_base_thresholds,1000,1000,0.3991107343926211,12.620989593031814,0.0475,0.15,True
delta_s,transparent_k3_max_trigger,0.01,below_all_base_thresholds,3000,3000,0.227578620291604,12.464994393961444,0.035,0.15,True
delta_s,transparent_k3_max_trigger,0.01,below_all_base_thresholds,3000,5000,0.2343765742960367,12.83733366927248,0.0465,0.15,True
delta_s,transparent_k3_max_trigger,0.01,below_all_base_thresholds,5000,5000,0.1922151915981513,13.59166654261243,0.0375,0.15,True
delta_s,transparent_k3_max_trigger,0.05,above_all_base_thresholds,1000,1000,0.1284718949667186,4.062638034127526,0.0,0.15,False
delta_s,transparent_k3_max_trigger,0.05,above_all_base_thresholds,3000,3000,0.0753671278721526,4.128027602995432,0.0,0.15,False
delta_s,transparent_k3_max_trigger,0.05,above_all_base_thresholds,3000,5000,0.0732961062611267,4.014593077651474,0.0,0.15,False
delta_s,transparent_k3_max_trigger,0.05,above_all_base_thresholds,5000,5000,0.0591913179769244,4.185458232885244,0.0,0.15,False
delta_s,transparent_k3_max_trigger,0.05,below_all_base_thresholds,1000,1000,0.207479101584345,6.561065278919799,0.018,0.15,True
delta_s,transparent_k3_max_trigger,0.05,below_all_base_thresholds,3000,3000,0.1248233805437087,6.836858122784072,0.0015,0.15,False
delta_s,transparent_k3_max_trigger,0.05,below_all_base_thresholds,3000,5000,0.1196579295635924,6.553934720634386,0.0005,0.15,False
delta_s,transparent_k3_max_trigger,0.05,below_all_base_thresholds,5000,5000,0.095622962179367,6.761564499417517,0.0,0.15,False
delta_s,transparent_k3_max_trigger,0.1,above_all_base_thresholds,1000,1000,0.1002887836870246,3.171409802189369,0.0,0.15,False
delta_s,transparent_k3_max_trigger,0.1,above_all_base_thresholds,3000,3000,0.0589747917509338,3.2301823766156037,0.0,0.15,False
delta_s,transparent_k3_max_trigger,0.1,above_all_base_thresholds,3000,5000,0.0597294155628018,3.2715148250346675,0.0,0.15,False
delta_s,transparent_k3_max_trigger,0.1,above_all_base_thresholds,5000,5000,0.0441256664913259,3.1201558000392553,0.0,0.15,False
delta_s,transparent_k3_max_trigger,0.1,below_all_base_thresholds,1000,1000,0.1600610716841495,5.061575512493954,0.0,0.15,True
delta_s,transparent_k3_max_trigger,0.1,below_all_base_thresholds,3000,3000,0.0926716909282273,5.075837556353696,0.0,0.15,False
delta_s,transparent_k3_max_trigger,0.1,below_all_base_thresholds,3000,5000,0.1030010575958741,5.641600269214908,0.0,0.15,False
delta_s,transparent_k3_max_trigger,0.1,below_all_base_thresholds,5000,5000,0.0729191566213331,5.156163012534857,0.0,0.15,False
delta_s,gain_coupled_k20_max_trigger,0.01,above_all_base_thresholds,1000,1000,0.3632618654461431,11.487348818914299,0.0025,0.15,True
delta_s,gain_coupled_k20_max_trigger,0.01,above_all_base_thresholds,3000,3000,0.1515526209011814,8.300878911660597,0.0,0.15,True
delta_s,gain_coupled_k20_max_trigger,0.01,above_all_base_thresholds,3000,5000,0.1516313156258857,8.305189199248318,0.0,0.15,True
delta_s,gain_coupled_k20_max_trigger,0.01,above_all_base_thresholds,5000,5000,0.1172297454667684,8.289394797632486,0.0,0.15,False
delta_s,gain_coupled_k20_max_trigger,0.01,below_all_base_thresholds,1000,1000,0.4927241698020704,15.581306347900984,0.0125,0.15,True
delta_s,gain_coupled_k20_max_trigger,0.01,below_all_base_thresholds,3000,3000,0.280213835328636,15.347943853453197,0.0,0.15,True
delta_s,gain_coupled_k20_max_trigger,0.01,below_all_base_thresholds,3000,5000,0.2906564102636818,15.91990723848946,0.0,0.15,True
delta_s,gain_coupled_k20_max_trigger,0.01,below_all_base_thresholds,5000,5000,0.2157823919705457,15.258119262302648,0.0,0.15,True
delta_s,gain_coupled_k20_max_trigger,0.05,above_all_base_thresholds,1000,1000,0.1235514978890844,3.9070414165499225,0.0,0.15,False
delta_s,gain_coupled_k20_max_trigger,0.05,above_all_base_thresholds,3000,3000,0.0696386437882557,3.814265607689466,0.0,0.15,False
delta_s,gain_coupled_k20_max_trigger,0.05,above_all_base_thresholds,3000,5000,0.0705072409601652,3.861840634133469,0.0,0.15,False
delta_s,gain_coupled_k20_max_trigger,0.05,above_all_base_thresholds,5000,5000,0.0557686798461889,3.9434411697061718,0.0,0.15,False
delta_s,gain_coupled_k20_max_trigger,0.05,below_all_base_thresholds,1000,1000,0.2617834768297203,8.278320405798311,0.0715,0.15,True
delta_s,gain_coupled_k20_max_trigger,0.05,below_all_base_thresholds,3000,3000,0.1518943321120367,8.319595205494382,0.02,0.15,True
delta_s,gain_coupled_k20_max_trigger,0.05,below_all_base_thresholds,3000,5000,0.1623272462700541,8.891029447980497,0.015,0.15,True
delta_s,gain_coupled_k20_max_trigger,0.05,below_all_base_thresholds,5000,5000,0.1225894996540926,8.66838665076748,0.0095,0.15,False
delta_s,gain_coupled_k20_max_trigger,0.1,above_all_base_thresholds,1000,1000,0.0977560995349116,3.0913192970444743,0.0,0.15,False
delta_s,gain_coupled_k20_max_trigger,0.1,above_all_base_thresholds,3000,3000,0.0573137840099358,3.1392052358220734,0.0,0.15,False
delta_s,gain_coupled_k20_max_trigger,0.1,above_all_base_thresholds,3000,5000,0.0534561373278603,2.9279132251563023,0.0,0.15,False
delta_s,gain_coupled_k20_max_trigger,0.1,above_all_base_thresholds,5000,5000,0.0478160251669338,3.381103564492551,0.0,0.15,False
delta_s,gain_coupled_k20_max_trigger,0.1,below_all_base_thresholds,1000,1000,0.1881021238381679,5.948311440436643,0.018,0.15,True
delta_s,gain_coupled_k20_max_trigger,0.1,below_all_base_thresholds,3000,3000,0.1102025221302376,6.0360407264693405,0.0005,0.15,False
delta_s,gain_coupled_k20_max_trigger,0.1,below_all_base_thresholds,3000,5000,0.1155754350323665,6.330327286069996,0.0,0.15,False
delta_s,gain_coupled_k20_max_trigger,0.1,below_all_base_thresholds,5000,5000,0.0836786104749435,5.9169712907100225,0.0,0.15,False
delta_s,loss_coupled_k20_max_trigger,0.01,above_all_base_thresholds,1000,1000,0.2759915026446196,8.727617632093827,0.0,0.15,True
delta_s,loss_coupled_k20_max_trigger,0.01,above_all_base_thresholds,3000,3000,0.1576628302103707,8.635548858632701,0.0,0.15,True
delta_s,loss_coupled_k20_max_trigger,0.01,above_all_base_thresholds,3000,5000,0.1716876806646428,9.40372155457684,0.0,0.15,True
delta_s,loss_coupled_k20_max_trigger,0.01,above_all_base_thresholds,5000,5000,0.121751760032685,8.609149514050884,0.0,0.15,False
delta_s,loss_coupled_k20_max_trigger,0.01,below_all_base_thresholds,1000,1000,0.4951916938774089,15.65933631049469,0.0905,0.15,True
delta_s,loss_coupled_k20_max_trigger,0.01,below_all_base_thresholds,3000,3000,0.2980216247495529,16.323316649967005,0.0265,0.15,True
delta_s,loss_coupled_k20_max_trigger,0.01,below_all_base_thresholds,3000,5000,0.304875101122618,16.698697010652648,0.0125,0.15,True
delta_s,loss_coupled_k20_max_trigger,0.01,below_all_base_thresholds,5000,5000,0.2201824924540379,15.569253351280603,0.0145,0.15,True
delta_s,loss_coupled_k20_max_trigger,0.05,above_all_base_thresholds,1000,1000,0.12438643705319,3.9334445112124303,0.0,0.15,False
delta_s,loss_coupled_k20_max_trigger,0.05,above_all_base_thresholds,3000,3000,0.0695656871942115,3.8102696104617904,0.0,0.15,False
delta_s,loss_coupled_k20_max_trigger,0.05,above_all_base_thresholds,3000,5000,0.0721827759157734,3.953613463240972,0.0,0.15,False
delta_s,loss_coupled_k20_max_trigger,0.05,above_all_base_thresholds,5000,5000,0.0523010107712952,3.6982399379293502,0.0,0.15,False
delta_s,loss_coupled_k20_max_trigger,0.05,below_all_base_thresholds,1000,1000,0.2520508493987988,7.97054770280286,0.0,0.15,True
delta_s,loss_coupled_k20_max_trigger,0.05,below_all_base_thresholds,3000,3000,0.1445244244023976,7.915928735564326,0.0,0.15,False
delta_s,loss_coupled_k20_max_trigger,0.05,below_all_base_thresholds,3000,5000,0.1613357426474798,8.836722557987294,0.0,0.15,True
delta_s,loss_coupled_k20_max_trigger,0.05,below_all_base_thresholds,5000,5000,0.1118065036300849,7.905913689759138,0.0,0.15,False
delta_s,loss_coupled_k20_max_trigger,0.1,above_all_base_thresholds,1000,1000,0.0894319279059654,2.8280858772282342,0.0,0.15,False
delta_s,loss_coupled_k20_max_trigger,0.1,above_all_base_thresholds,3000,3000,0.0520346985847848,2.850057818786878,0.0,0.15,False
delta_s,loss_coupled_k20_max_trigger,0.1,above_all_base_thresholds,3000,5000,0.0518544273412491,2.840183956131477,0.0,0.15,False
delta_s,loss_coupled_k20_max_trigger,0.1,above_all_base_thresholds,5000,5000,0.038185527044212,2.7001245116144608,0.0,0.15,False
delta_s,loss_coupled_k20_max_trigger,0.1,below_all_base_thresholds,1000,1000,0.1858027223260712,5.875597980102035,0.0,0.15,True
delta_s,loss_coupled_k20_max_trigger,0.1,below_all_base_thresholds,3000,3000,0.1045459995420165,5.726220224608721,0.0,0.15,False
delta_s,loss_coupled_k20_max_trigger,0.1,below_all_base_thresholds,3000,5000,0.1199247716122035,6.568550261565904,0.0,0.15,False
delta_s,loss_coupled_k20_max_trigger,0.1,below_all_base_thresholds,5000,5000,0.0811706107439396,5.739628929009332,0.0,0.15,False
