library,policy,replication,best_model,best_selection_metric,p_value,winner_model,winner_selection_roc_auc,naive_empirical_p_value,model_match,score_abs_diff,p_abs_diff,decision_mismatch_alpha_0.2,decision_mismatch_alpha_0.1,decision_mismatch_alpha_0.05,decision_mismatch_alpha_0.025,decision_mismatch_alpha_0.01,decision_mismatch_alpha_0.005
high_dependency_linear_20,fixed_base,45,logreg_l2_c003,0.4987222222222222,0.5162967406518696,logreg_l2_c003,0.4987222222222222,0.5164967006598681,True,0.0,0.00019996000799848979,False,False,False,False,False,False
high_dependency_linear_20,fixed_base,96,elastic_net_logreg,0.4697444444444444,0.8428314337132573,elastic_net_logreg,0.4697444444444444,0.8430313937212558,True,0.0,0.00019996000799848979,False,False,False,False,False,False
high_dependency_linear_20,fixed_base,130,logreg_l1_c01,0.4845222222222222,0.7002599480103979,logreg_l1_c01,0.4845222222222222,0.7004599080183963,True,0.0,0.00019996000799837876,False,False,False,False,False,False
high_dependency_linear_20,fixed_base,182,logreg_l1_c01,0.4558222222222222,0.9294141171765646,logreg_l1_c01,0.4558222222222222,0.9296140771845632,True,0.0,0.0001999600079986008,False,False,False,False,False,False
high_dependency_linear_20,fixed_base,406,elastic_net_logreg,0.4865222222222222,0.6792641471705659,elastic_net_logreg,0.4865222222222222,0.6796640671865627,True,0.0,0.00039992001599675753,False,False,False,False,False,False
high_dependency_linear_20,fixed_base,486,elastic_net_logreg,0.4491222222222222,0.9528094381123776,elastic_net_logreg,0.4491222222222222,0.953009398120376,True,0.0,0.00019996000799837876,False,False,False,False,False,False
high_dependency_linear_20,fixed_base,557,logreg_l1_c01,0.4876555555555555,0.6644671065786842,logreg_l1_c01,0.4876555555555555,0.6646670665866826,True,0.0,0.00019996000799837876,False,False,False,False,False,False
high_dependency_linear_20,fixed_base,622,logreg_l1_c01,0.4954555555555556,0.5714857028594281,logreg_l1_c01,0.4954555555555556,0.5716856628674265,True,0.0,0.00019996000799837876,False,False,False,False,False,False
high_dependency_linear_20,fixed_base,667,logreg_l1_c01,0.4909111111111111,0.626874625074985,logreg_l1_c01,0.4909111111111111,0.6270745850829834,True,0.0,0.00019996000799837876,False,False,False,False,False,False
high_dependency_linear_20,fixed_base,687,logreg_l2_c10,0.4918999999999999,0.6100779844031193,logreg_l2_c10,0.4918999999999999,0.6102779444111178,True,0.0,0.00019996000799848979,False,False,False,False,False,False
high_dependency_linear_20,fixed_base,699,logreg_l1_c01,0.4895,0.6420715856828634,logreg_l1_c01,0.4895,0.6422715456908619,True,0.0,0.00019996000799848979,False,False,False,False,False,False
high_dependency_linear_20,fixed_base,701,logreg_l2_c003,0.4995222222222222,0.5060987802439512,logreg_l2_c003,0.4995222222222222,0.5062987402519497,True,0.0,0.00019996000799848979,False,False,False,False,False,False
high_dependency_linear_20,fixed_base,740,logreg_l1_c01,0.4880222222222222,0.6594681063787242,logreg_l1_c01,0.4880222222222222,0.6596680663867227,True,0.0,0.00019996000799848979,False,False,False,False,False,False
high_dependency_linear_20,fixed_base,770,elastic_net_logreg,0.4983444444444445,0.5222955408918216,elastic_net_logreg,0.4983444444444445,0.52249550089982,True,0.0,0.00019996000799837876,False,False,False,False,False,False
high_dependency_linear_20,fixed_base,896,logreg_l2_c003,0.4898333333333333,0.642871425714857,logreg_l2_c003,0.4898333333333333,0.6430713857228554,True,0.0,0.00019996000799837876,False,False,False,False,False,False
high_dependency_linear_20,fixed_base,971,logreg_l1_c01,0.4963333333333333,0.5608878224355129,logreg_l1_c01,0.4963333333333333,0.5610877824435113,True,0.0,0.00019996000799837876,False,False,False,False,False,False
high_dependency_linear_20,fixed_base,1000,linear_svm_c1,0.4796333333333333,0.75624875024995,linear_svm_c1,0.4796333333333333,0.7564487102579485,True,0.0,0.00019996000799848979,False,False,False,False,False,False
high_dependency_linear_20,fixed_base,1013,linear_svm_c1,0.4664,0.8666266746650669,linear_svm_c1,0.4664,0.8668266346730654,True,0.0,0.00019996000799848979,False,False,False,False,False,False
high_dependency_linear_20,fixed_base,1017,logreg_l1_c01,0.4953333333333333,0.5722855428914218,logreg_l1_c01,0.4953333333333333,0.5724855028994201,True,0.0,0.00019996000799837876,False,False,False,False,False,False
high_dependency_linear_20,fixed_base,1075,logreg_l1_c01,0.4756111111111111,0.7954409118176364,logreg_l1_c01,0.4756111111111111,0.7956408718256349,True,0.0,0.00019996000799848979,False,False,False,False,False,False
high_dependency_linear_20,fixed_base,1106,logreg_l2_c10,0.4933111111111111,0.5922815436912617,logreg_l2_c10,0.4933111111111111,0.5924815036992601,True,0.0,0.00019996000799837876,False,False,False,False,False,False
high_dependency_linear_20,fixed_base,1156,elastic_net_logreg,0.4869222222222222,0.673865226954609,elastic_net_logreg,0.4869222222222222,0.6740651869626075,True,0.0,0.00019996000799848979,False,False,False,False,False,False
high_dependency_linear_20,fixed_base,1229,elastic_net_logreg,0.4795222222222222,0.7568486302739452,elastic_net_logreg,0.4795222222222222,0.7570485902819436,True,0.0,0.00019996000799837876,False,False,False,False,False,False
high_dependency_linear_20,fixed_base,1271,logreg_l2_c003,0.4985666666666666,0.5182963407318536,logreg_l2_c003,0.4985666666666666,0.5186962607478505,True,0.0,0.00039992001599686855,False,False,False,False,False,False
high_dependency_linear_20,fixed_base,1341,elastic_net_logreg,0.4643222222222222,0.8800239952009599,elastic_net_logreg,0.4643222222222222,0.8802239552089582,True,0.0,0.00019996000799837876,False,False,False,False,False,False
high_dependency_linear_20,fixed_base,1418,logreg_l2_c10,0.4747888888888888,0.8004399120175965,logreg_l2_c10,0.4747888888888888,0.8006398720255948,True,0.0,0.00019996000799837876,False,False,False,False,False,False
high_dependency_linear_20,fixed_base,1442,linear_svm_c1,0.4861111111111111,0.6882623475304939,linear_svm_c1,0.4861111111111111,0.6886622675464907,True,0.0,0.00039992001599686855,False,False,False,False,False,False
high_dependency_linear_20,fixed_base,1530,logreg_l2_c01,0.4967222222222222,0.5438912217556489,logreg_l2_c01,0.4967222222222222,0.5440911817636472,True,0.0,0.00019996000799837876,False,False,False,False,False,False
high_dependency_linear_20,fixed_base,1771,logreg_l2_c10,0.4850444444444444,0.6948610277944411,logreg_l2_c10,0.4850444444444444,0.6950609878024395,True,0.0,0.00019996000799837876,False,False,False,False,False,False
high_dependency_linear_20,fixed_base,1954,linear_svm_c1,0.4858666666666666,0.6908618276344731,linear_svm_c1,0.4858666666666666,0.6910617876424715,True,0.0,0.00019996000799837876,False,False,False,False,False,False
high_dependency_linear_20,fixed_base,1955,logreg_l1_c01,0.4955888888888889,0.5692861427714457,logreg_l1_c01,0.4955888888888889,0.5694861027794441,True,0.0,0.00019996000799837876,False,False,False,False,False,False
high_dependency_linear_20,fixed_base,1974,logreg_l1_c01,0.4818777777777778,0.73125374925015,logreg_l1_c01,0.4818777777777778,0.7314537092581483,True,0.0,0.00019996000799837876,False,False,False,False,False,False
high_dependency_linear_20,fixed_base,1979,logreg_l1_c01,0.4939222222222222,0.589882023595281,logreg_l1_c01,0.4939222222222222,0.5900819836032793,True,0.0,0.00019996000799837876,False,False,False,False,False,False
high_dependency_linear_20,fixed_base,2067,logreg_l2_c10,0.4875,0.6642671465706859,logreg_l2_c10,0.4875,0.6646670665866826,True,0.0,0.00039992001599675753,False,False,False,False,False,False
high_dependency_linear_20,fixed_base,2080,logreg_l1_c01,0.4893222222222222,0.6440711857628474,logreg_l1_c01,0.4893222222222222,0.6442711457708459,True,0.0,0.00019996000799848979,False,False,False,False,False,False
high_dependency_linear_20,fixed_base,2102,logreg_l1_c01,0.4915444444444444,0.6186762647470506,logreg_l1_c01,0.4915444444444444,0.618876224755049,True,0.0,0.00019996000799837876,False,False,False,False,False,False
high_dependency_linear_20,fixed_base,2142,elastic_net_logreg,0.4745111111111111,0.8034393121375725,elastic_net_logreg,0.4745111111111111,0.8038392321535693,True,0.0,0.00039992001599686855,False,False,False,False,False,False
high_dependency_linear_20,fixed_base,2282,elastic_net_logreg,0.4758333333333333,0.7920415916816637,elastic_net_logreg,0.4758333333333333,0.792241551689662,True,0.0,0.00019996000799837876,False,False,False,False,False,False
high_dependency_linear_20,fixed_base,2294,logreg_l2_c003,0.4727666666666666,0.8178364327134573,logreg_l2_c003,0.4727666666666666,0.8180363927214557,True,0.0,0.00019996000799837876,False,False,False,False,False,False
high_dependency_linear_20,fixed_base,2316,logreg_l2_c003,0.4764444444444444,0.7868426314737053,logreg_l2_c003,0.4764444444444444,0.7870425914817036,True,0.0,0.00019996000799837876,False,False,False,False,False,False
high_dependency_linear_20,fixed_base,2341,linear_svm_c1,0.4953333333333333,0.5652869426114777,linear_svm_c1,0.4953333333333333,0.5654869026194761,True,0.0,0.00019996000799837876,False,False,False,False,False,False
high_dependency_linear_20,fixed_base,2348,logreg_l2_c10,0.4804555555555556,0.7464507098580284,logreg_l2_c10,0.4804555555555556,0.7466506698660268,True,0.0,0.00019996000799837876,False,False,False,False,False,False
high_dependency_linear_20,fixed_base,2443,logreg_l2_c003,0.4613777777777778,0.8990201959608078,logreg_l2_c003,0.4613777777777778,0.8992201559688062,True,0.0,0.00019996000799837876,False,False,False,False,False,False
high_dependency_linear_20,fixed_base,2565,logreg_l2_c01,0.4778,0.772245550889822,logreg_l2_c01,0.4778,0.7724455108978204,True,0.0,0.00019996000799837876,False,False,False,False,False,False
high_dependency_linear_20,fixed_base,2573,linear_svm_c1,0.4735555555555555,0.8120375924815036,linear_svm_c1,0.4735555555555555,0.8122375524895021,True,0.0,0.00019996000799848979,False,False,False,False,False,False
high_dependency_linear_20,fixed_base,2580,logreg_l1_c01,0.4844,0.7016596680663867,logreg_l1_c01,0.4844,0.7018596280743852,True,0.0,0.00019996000799848979,False,False,False,False,False,False
high_dependency_linear_20,fixed_base,2597,logreg_l1_c01,0.4612,0.904019196160768,logreg_l1_c01,0.4612,0.9042191561687662,True,0.0,0.00019996000799826774,False,False,False,False,False,False
high_dependency_linear_20,fixed_base,2692,logreg_l2_c10,0.4781333333333333,0.7668466306738653,logreg_l2_c10,0.4781333333333333,0.7670465906818636,True,0.0,0.00019996000799837876,False,False,False,False,False,False
high_dependency_linear_20,fixed_base,2830,linear_svm_c1,0.4855,0.6958608278344331,linear_svm_c1,0.4855,0.6960607878424315,True,0.0,0.00019996000799837876,False,False,False,False,False,False
high_dependency_linear_20,fixed_base,2925,logreg_l2_c003,0.497,0.5390921815636872,logreg_l2_c003,0.497,0.5392921415716857,True,0.0,0.00019996000799848979,False,False,False,False,False,False
high_dependency_linear_20,fixed_base,2941,logreg_l1_c01,0.4830222222222222,0.7182563487302539,logreg_l1_c01,0.4830222222222222,0.7184563087382524,True,0.0,0.00019996000799848979,False,False,False,False,False,False
high_dependency_linear_20,fixed_base,2948,logreg_l1_c01,0.4995333333333333,0.5212957408518296,logreg_l1_c01,0.4995333333333333,0.521495700859828,True,0.0,0.00019996000799837876,False,False,False,False,False,False
high_dependency_linear_20,fixed_base,3114,logreg_l2_c003,0.4834444444444444,0.7144571085782844,logreg_l2_c003,0.4834444444444444,0.7146570685862828,True,0.0,0.00019996000799837876,False,False,False,False,False,False
high_dependency_linear_20,fixed_base,3120,logreg_l2_c10,0.4816111111111111,0.7336532693461307,logreg_l2_c10,0.4816111111111111,0.7338532293541292,True,0.0,0.00019996000799848979,False,False,False,False,False,False
high_dependency_linear_20,fixed_base,3172,logreg_l2_c003,0.4982444444444444,0.5226954609078185,logreg_l2_c003,0.4982444444444444,0.5228954209158169,True,0.0,0.00019996000799837876,False,False,False,False,False,False
high_dependency_linear_20,fixed_base,3184,logreg_l1_c01,0.4947555555555555,0.5788842231553689,logreg_l1_c01,0.4947555555555555,0.5790841831633673,True,0.0,0.00019996000799837876,False,False,False,False,False,False
high_dependency_linear_20,fixed_base,3198,linear_svm_c1,0.4979222222222222,0.5292941411717657,linear_svm_c1,0.4979222222222222,0.529494101179764,True,0.0,0.00019996000799837876,False,False,False,False,False,False
high_dependency_linear_20,fixed_base,3203,logreg_l1_c01,0.4883333333333333,0.6552689462107578,logreg_l1_c01,0.4883333333333333,0.6554689062187562,True,0.0,0.00019996000799837876,False,False,False,False,False,False
high_dependency_linear_20,fixed_base,3227,elastic_net_logreg,0.4775333333333333,0.7738452309538092,elastic_net_logreg,0.4775333333333333,0.7740451909618077,True,0.0,0.00019996000799848979,False,False,False,False,False,False
high_dependency_linear_20,fixed_base,3267,logreg_l2_c003,0.4959111111111111,0.55248950209958,logreg_l2_c003,0.4959111111111111,0.5526894621075785,True,0.0,0.00019996000799848979,False,False,False,False,False,False
high_dependency_linear_20,fixed_base,3383,logreg_l2_c10,0.5858111111111111,0.0013997200559888,elastic_net_logreg,0.5858111111111112,0.0017996400719856,False,1.1102230246251565e-16,0.0003999200159967998,False,False,False,False,False,False
high_dependency_linear_20,fixed_base,3409,logreg_l2_c003,0.4620111111111111,0.8952209558088382,logreg_l2_c003,0.4620111111111111,0.8954209158168366,True,0.0,0.00019996000799837876,False,False,False,False,False,False
high_dependency_linear_20,fixed_base,3586,logreg_l1_c01,0.5165888888888889,0.28374325134973,linear_svm_c1,0.516588888888889,0.29874025194961,False,1.1102230246251565e-16,0.014997000599880017,False,False,False,False,False,False
high_dependency_linear_20,fixed_base,3628,logreg_l2_c003,0.4847666666666667,0.6990601879624075,logreg_l2_c003,0.4847666666666667,0.6992601479704059,True,0.0,0.00019996000799837876,False,False,False,False,False,False
high_dependency_linear_20,fixed_base,3634,logreg_l1_c01,0.4815111111111111,0.735252949410118,logreg_l1_c01,0.4815111111111111,0.7354529094181164,True,0.0,0.00019996000799837876,False,False,False,False,False,False
high_dependency_linear_20,fixed_base,3710,logreg_l1_c01,0.4728222222222222,0.8250349930013997,logreg_l1_c01,0.4728222222222222,0.8252349530093981,True,0.0,0.00019996000799837876,False,False,False,False,False,False
high_dependency_linear_20,fixed_base,3784,logreg_l1_c01,0.4904666666666666,0.6318736252749451,logreg_l1_c01,0.4904666666666666,0.6320735852829434,True,0.0,0.00019996000799837876,False,False,False,False,False,False
high_dependency_linear_20,fixed_base,3906,logreg_l1_c01,0.4869111111111111,0.6710657868426315,logreg_l1_c01,0.4869111111111111,0.6712657468506299,True,0.0,0.00019996000799837876,False,False,False,False,False,False
high_dependency_linear_20,fixed_base,3911,elastic_net_logreg,0.4765111111111111,0.7844431113777245,elastic_net_logreg,0.4765111111111111,0.7846430713857229,True,0.0,0.00019996000799837876,False,False,False,False,False,False
high_dependency_linear_20,fixed_base,3923,logreg_l2_c003,0.4825777777777777,0.7250549890021996,logreg_l2_c003,0.4825777777777777,0.7252549490101979,True,0.0,0.00019996000799837876,False,False,False,False,False,False
high_dependency_linear_20,fixed_base,3967,elastic_net_logreg,0.4765111111111111,0.7844431113777245,elastic_net_logreg,0.4765111111111111,0.7846430713857229,True,0.0,0.00019996000799837876,False,False,False,False,False,False
high_dependency_linear_20,fixed_base,4078,logreg_l2_c10,0.4903666666666667,0.6294741051789642,logreg_l2_c10,0.4903666666666667,0.6296740651869626,True,0.0,0.00019996000799837876,False,False,False,False,False,False
high_dependency_linear_20,fixed_base,4084,logreg_l2_c003,0.4860777777777778,0.6848630273945211,logreg_l2_c003,0.4860777777777778,0.6850629874025195,True,0.0,0.00019996000799837876,False,False,False,False,False,False
high_dependency_linear_20,fixed_base,4113,logreg_l1_c01,0.4625666666666667,0.8958208358328335,logreg_l1_c01,0.4625666666666667,0.8960207958408318,True,0.0,0.00019996000799837876,False,False,False,False,False,False
high_dependency_linear_20,fixed_base,4209,logreg_l1_c01,0.4913666666666667,0.619876024795041,logreg_l1_c01,0.4913666666666667,0.6200759848030394,True,0.0,0.00019996000799837876,False,False,False,False,False,False
high_dependency_linear_20,fixed_base,4279,logreg_l1_c01,0.4936,0.5936812637472505,logreg_l1_c01,0.4936,0.5940811837632474,True,0.0,0.00039992001599686855,False,False,False,False,False,False
high_dependency_linear_20,fixed_base,4284,logreg_l1_c01,0.4924,0.6082783443311338,logreg_l1_c01,0.4924,0.6086782643471306,True,0.0,0.00039992001599675753,False,False,False,False,False,False
high_dependency_linear_20,fixed_base,4306,logreg_l1_c01,0.4725555555555555,0.8280343931213757,logreg_l1_c01,0.4725555555555555,0.8282343531293741,True,0.0,0.00019996000799837876,False,False,False,False,False,False
high_dependency_linear_20,fixed_base,4396,logreg_l1_c01,0.4577222222222222,0.9230153969206158,logreg_l1_c01,0.4577222222222222,0.9232153569286142,True,0.0,0.00019996000799837876,False,False,False,False,False,False
high_dependency_linear_20,fixed_base,4423,logreg_l1_c01,0.4802111111111111,0.7476504699060188,logreg_l1_c01,0.4802111111111111,0.7480503899220156,True,0.0,0.00039992001599675753,False,False,False,False,False,False
high_dependency_linear_20,fixed_base,4428,logreg_l2_c10,0.4793111111111111,0.7580483903219356,logreg_l2_c10,0.4793111111111111,0.758248350329934,True,0.0,0.00019996000799837876,False,False,False,False,False,False
high_dependency_linear_20,fixed_base,4447,logreg_l1_c01,0.4933333333333333,0.5972805438912218,logreg_l1_c01,0.4933333333333333,0.597880423915217,True,0.0,0.0005998800239952473,False,False,False,False,False,False
high_dependency_linear_20,fixed_base,4752,elastic_net_logreg,0.4975666666666666,0.5326934613077384,elastic_net_logreg,0.4975666666666666,0.5328934213157368,True,0.0,0.00019996000799837876,False,False,False,False,False,False
high_dependency_linear_20,fixed_base,4920,linear_svm_c1,0.4884444444444444,0.6546690661867627,linear_svm_c1,0.4884444444444444,0.6548690261947611,True,0.0,0.00019996000799837876,False,False,False,False,False,False
high_dependency_linear_20,fixed_base,4924,logreg_l1_c01,0.4907111111111111,0.628874225154969,logreg_l1_c01,0.4907111111111111,0.6290741851629674,True,0.0,0.00019996000799837876,False,False,False,False,False,False
high_dependency_linear_20,fixed_base,4953,linear_svm_c1,0.4684888888888889,0.8528294341131774,linear_svm_c1,0.4684888888888889,0.8530293941211757,True,0.0,0.00019996000799837876,False,False,False,False,False,False
high_dependency_linear_20,fixed_full,129,logreg_l2_c30,0.5247555555555555,0.2171565686862627,logreg_l2_c100,0.5247555555555556,0.2177564487102579,False,1.1102230246251565e-16,0.0005998800239951918,False,False,False,False,False,False
high_dependency_linear_20,fixed_full,209,logreg_l2_c10,0.524711111111111,0.2173565286942611,logreg_l2_c100,0.5247111111111111,0.2179564087182563,False,1.1102230246251565e-16,0.0005998800239952196,False,False,False,False,False,False
high_dependency_linear_20,fixed_full,287,logreg_l2_c30,0.5319888888888888,0.1569686062787442,logreg_l2_c100,0.531988888888889,0.1569686062787442,False,1.1102230246251565e-16,0.0,False,False,False,False,False,False
high_dependency_linear_20,fixed_full,1423,logreg_l2_c30,0.5517,0.0501899620075984,logreg_l2_c100,0.5517000000000001,0.0501899620075984,False,1.1102230246251565e-16,0.0,False,False,False,False,False,False
high_dependency_linear_20,fixed_full,1742,logreg_l2_c10,0.5406444444444444,0.0961807638472305,logreg_l2_c100,0.5406444444444445,0.0959808038392321,False,1.1102230246251565e-16,0.00019996000799839264,False,False,False,False,False,False
high_dependency_linear_20,fixed_full,1756,logreg_l2_c30,0.5025666666666666,0.4677064587082583,logreg_l2_c100,0.5025666666666667,0.4677064587082583,False,1.1102230246251565e-16,0.0,False,False,False,False,False,False
high_dependency_linear_20,fixed_full,1759,logreg_l1_c01,0.5400666666666666,0.0899820035992801,logreg_l1_c03,0.5400666666666667,0.0975804839032193,False,1.1102230246251565e-16,0.007598480303939198,False,False,False,False,False,False
high_dependency_linear_20,fixed_full,1763,logreg_l2_c10,0.5320555555555555,0.1559688062387522,logreg_l2_c100,0.5320555555555556,0.156368726254749,False,1.1102230246251565e-16,0.00039992001599681304,False,False,False,False,False,False
high_dependency_linear_20,fixed_full,1953,logreg_l2_c30,0.5214666666666666,0.2501499700059988,logreg_l2_c100,0.5214666666666667,0.2499500099980004,False,1.1102230246251565e-16,0.00019996000799840652,False,False,False,False,False,False
high_dependency_linear_20,fixed_full,2164,logreg_l2_c30,0.5052333333333332,0.4339132173565287,logreg_l2_c100,0.5052333333333334,0.4339132173565287,False,2.220446049250313e-16,0.0,False,False,False,False,False,False
high_dependency_linear_20,fixed_full,3129,logreg_l2_c10,0.5376333333333333,0.1155768846230753,logreg_l2_c30,0.5376333333333334,0.1153769246150769,False,1.1102230246251565e-16,0.00019996000799840652,False,False,False,False,False,False
high_dependency_linear_20,fixed_full,4509,logreg_l2_c10,0.5106222222222222,0.3707258548290342,logreg_l2_c100,0.5106222222222223,0.3707258548290342,False,1.1102230246251565e-16,0.0,False,False,False,False,False,False
high_dependency_linear_20,fixed_full,4537,logreg_l2_c10,0.5223111111111111,0.2415516896620675,logreg_l2_c30,0.5223111111111112,0.2415516896620675,False,1.1102230246251565e-16,0.0,False,False,False,False,False,False
high_dependency_linear_20,fixed_full,4763,logreg_l2_c30,0.5014,0.4827034593081383,logreg_l2_c100,0.5014000000000001,0.4823035392921416,False,1.1102230246251565e-16,0.000399920015996702,False,False,False,False,False,False
