replication,seed,roc_auc,average_precision,pauc_fpr_0_10
1,1247279049,0.7394306833372649,0.4764529409797355,0.577341561026889
2,575847221,0.7470598411575058,0.4868044119006467,0.5732773783952687
3,2452910289,0.7390044821891957,0.4724851201714867,0.5692380278367539
4,3411969163,0.7460706141385547,0.4887940605645925,0.5743617122542142
5,1160498617,0.7462467563104505,0.4952061686998115,0.5807849418308687
6,3695282143,0.739858457183298,0.47326905238499517,0.5755784838363898
7,635337828,0.7370527640166706,0.47653567031272437,0.581885830405218
8,818799842,0.7507493905795392,0.48754150765580345,0.5776643779772621
9,1370384211,0.7364708657702288,0.4695020639466513,0.5707031201499857
10,2686250009,0.7381505071950933,0.46932919796325034,0.574312048108003
11,1306730845,0.7405944798301486,0.4786295880434014,0.572068884170795
12,3952713435,0.7369505386490527,0.4862018848552287,0.578525223178257
13,2741695309,0.7373091137846977,0.4689971626620645,0.5688489920247659
14,1732426939,0.7413147754973658,0.47577929689335585,0.5752887763168242
15,3220911416,0.7442179759377211,0.4717726206742132,0.5744279311158292
16,102035506,0.7429975623181568,0.47737697145674923,0.5746265877006742
17,3721855887,0.7411543603051034,0.46581639207377445,0.5728138463639637
18,3699044261,0.7438609735000392,0.47511482020276186,0.5790053099249657
19,914731488,0.7405991979240387,0.46682144209053356,0.57081072580011
20,3666386505,0.7338224423999372,0.4721147496946556,0.5748666310740286
21,709178618,0.7385562632696391,0.473911383025454,0.5738154066458905
22,1231385432,0.7466934025320437,0.48109091849365637,0.5772256780190628
23,2384446116,0.742327592985767,0.468393367822199,0.5727310727869449
24,1590281819,0.736370213100574,0.48052304351331865,0.574767302781606
25,836769115,0.7371172446331683,0.47258433099881125,0.5716384615702975
26,935260516,0.7343728866871119,0.46476844601676387,0.57134047669303
27,3044832985,0.7382653141464183,0.48103327824604936,0.5768531969224784
28,3468174108,0.7413084847055124,0.4866732222357455,0.5835826887341024
29,812972128,0.7336148462687739,0.45886547462671257,0.5689317656017846
30,4197877224,0.7464763702131005,0.4856573440889296,0.5781279100085671
31,2010708840,0.7438389557285523,0.49929073907912924,0.5831770982067105
32,1260431569,0.7439757804513644,0.4871978672937206,0.5778299251312996
33,2169793229,0.7384493198081309,0.4722093559325722,0.5742375518886861
34,3522205761,0.7390500904301329,0.48703114654555457,0.5754046593246503
35,1832262014,0.7409813635291342,0.47136260631621557,0.5705044635651407
36,1927610767,0.7469167256428403,0.4696617469748819,0.569627063648742
37,2338976871,0.7342565070378233,0.46456775292550473,0.5676322204425903
38,1005733996,0.7411150428560196,0.4733061711067509,0.5762737818833472
39,387842874,0.7420539435401431,0.4723750705259191,0.5769028610686897
40,723920769,0.741939136588818,0.4715491779234203,0.5707941710847063
41,481307703,0.7365259101989463,0.47065142201591237,0.5729793935180012
42,624114181,0.7403444208539749,0.47093268317633713,0.5725075841289944
43,452568434,0.7424974443658097,0.4733370634016664,0.5665809960144522
44,881953385,0.7376047810018086,0.48012206566293364,0.5767952554185652
45,3013418517,0.7371707163639223,0.4703572722080201,0.5763068913141547
46,3575398647,0.7405583077769915,0.4746449562024263,0.5733518746145856
47,536842656,0.7352740426201148,0.4601917435516367,0.570289252264892
48,2415480353,0.740136824722812,0.4774236212607803,0.5765717667606147
49,2786942594,0.7323346701266024,0.4683443310057844,0.57213510303241
50,3792371421,0.7378988755209562,0.46854478009894407,0.5738816255075055
51,3811675053,0.7477785641267595,0.47335797353513887,0.5722095992517269
52,2180688410,0.744980734449949,0.4807564046417597,0.5755453744055823
53,263143930,0.7338601871510577,0.4738353272609711,0.5783182892357102
54,3046278604,0.7377070063694267,0.4591074764749049,0.5673756223538322
55,796730381,0.740278367539514,0.4657264240755291,0.5716632936434032
56,3665275268,0.7434898167806873,0.47034064491265276,0.5730952765258275
57,1945272669,0.732550129747582,0.47620574458387965,0.5736415821341512
58,2856463834,0.7381379256113862,0.4686833249383484,0.5711583748235888
59,3478094386,0.7373264134622945,0.47573874917069514,0.5705044635651407
60,1694546017,0.7407659039081544,0.4795470786043432,0.5728800652255787
61,2007519788,0.7471730754108674,0.47700147073588767,0.5755702064786878
62,1446601050,0.7325359754659116,0.45939972570633747,0.5726400218522243
63,207875068,0.7434835259888338,0.4706195945857797,0.5734098161184986
64,3882688571,0.7380309821498781,0.47990862772468423,0.579518506102482
65,2886198115,0.7421435873240545,0.4799035015458073,0.5795516155332895
66,2224566294,0.7369568294409059,0.47770119027557917,0.5734429255493061
67,1364348021,0.7386600613352206,0.4799669946829792,0.5726482992099262
68,1676577022,0.7372116065109696,0.47378096790856844,0.5747176386353948
69,2211439076,0.7459778249587168,0.4862720487196116,0.5723834237634663
70,1960497157,0.736304159786113,0.4632319687469366,0.5713984181969431
71,839031334,0.7340662105842573,0.4705908922686122,0.5732856557529705
72,4205335787,0.741704804592278,0.48413163956729927,0.578591442039872
73,1282827547,0.7415066446488952,0.47231279866280707,0.5720937162439006
74,3038408998,0.7392781316348195,0.47267144513064396,0.5732773783952687
75,1034764514,0.7406731147283164,0.4858711336222884,0.5747921348547117
76,1443038265,0.73539828575922,0.4570836448095126,0.5681040298315971
77,3761416054,0.7352929149956751,0.47513420506704357,0.5763482781026641
78,1205559295,0.7441094597782496,0.49551878944368366,0.5790135872826676
79,563158782,0.7361720531571913,0.4688086069758933,0.571539133277875
80,2003807228,0.7360226468506724,0.47167171943171443,0.5734925896955174
81,978961461,0.7431689863961626,0.48371826787116107,0.5785417778936608
82,1998400913,0.7423197294959503,0.4868580606294607,0.5764062196065771
83,3569951427,0.738119053235826,0.4580439676330805,0.5682116354817215
84,3469398523,0.7400283085633405,0.4772703140073177,0.573260823679865
85,1440666809,0.7438735550837462,0.48157729773197727,0.5785500552513627
86,2554261048,0.7415333805142721,0.4868551574110257,0.5770601308650253
87,3410076678,0.7342690886215303,0.4622483263356987,0.5698588296643945
88,2744093310,0.7375135645199339,0.4821713113414729,0.5744527631889348
89,2511562231,0.7300007863489817,0.47034182664319873,0.5701650918993639
90,1597907457,0.7443437917747896,0.4774050897512981,0.574899740504836
91,2407727768,0.7353086419753085,0.460201154637707,0.5768945837109878
92,251578240,0.7381253440276794,0.48703503258727654,0.5790798061442827
93,833332768,0.7418164661476763,0.4787204430120586,0.577209123303659
94,1019689395,0.7389698828340017,0.47637377881883675,0.5751728933089979
95,3075732333,0.7403365573641582,0.47518041628953644,0.5763896648911735
96,1517568219,0.7331100102225367,0.4716437450377026,0.5737740198573811
97,1550870139,0.7415601163796494,0.4599708868814058,0.5693042466983689
98,3297791305,0.7315278760714005,0.4564741569903753,0.5732028821759518
99,2694014092,0.7451301407564677,0.48787618430891294,0.5787652665516114
100,2145451684,0.743387591413069,0.48130110954809946,0.5788728722017358
101,2759362677,0.7401997326413462,0.4708192780000651,0.5753053310322279
102,2164733220,0.7341196823150113,0.46404356721879914,0.5729297293717899
103,3794917539,0.7462546198002674,0.4759914308609639,0.5718867823013537
104,1159415526,0.737054336714634,0.4770171936957709,0.5759426875752722
105,1987572286,0.7358354957930329,0.4752877397374329,0.5764972705412978
106,1611315576,0.7340614924903673,0.4736444594360808,0.5711004333196757
107,923143172,0.7352221435873241,0.46399897580684346,0.5702975296225938
108,4235281045,0.7414846268774081,0.483656720178716,0.5775071081809264
109,4126383640,0.7350491468113549,0.4705284808362945,0.5718867823013537
110,3374723186,0.7322230085712039,0.45121477694802825,0.566071938515787
111,2699657834,0.7366438625461981,0.4679275433674081,0.568509620358989
112,1245684037,0.7428921915546118,0.4600224432459087,0.5676073883694847
113,1676239794,0.7437335849650074,0.4801486790137668,0.5709762729541475
114,2133970591,0.7424266729574587,0.4809853921689666,0.5743286028234067
115,3434877182,0.7411417787213964,0.4749378319924765,0.5741630556693692
116,8047364,0.7360729731854998,0.4850758476928232,0.5827218435331074
117,2464240600,0.7394401195250452,0.48270966900325873,0.5785417778936608
118,2063194903,0.7325674294251789,0.4736190598700381,0.5777223194811753
119,1554738142,0.7338947865062515,0.46374442629680696,0.5719943879514782
120,4047293190,0.7329228591648974,0.46382120022145995,0.5720274973822856
121,2549174021,0.7442698749705119,0.47863124387232825,0.5768200874916709
122,869532214,0.7320059762522608,0.47345394764761134,0.571017659742657
123,21455072,0.7365447825745067,0.4678752691141778,0.5721847671786212
124,3078674404,0.7430321616733506,0.46566756037880563,0.5678060449543296
125,661195141,0.7349280490681764,0.4580785027762738,0.5716384615702975
126,2364879339,0.7416780687269009,0.48656075176706476,0.5800399796377
127,1792984690,0.7430809153102148,0.4794575768375485,0.5763813875334716
128,2258131364,0.7455280333411967,0.485863389412015,0.5760751252985022
129,2795681785,0.7386097350003933,0.4767356511837617,0.5778299251312996
130,3313768220,0.7368766218447748,0.4784700556104766,0.5758599139982534
131,752837601,0.7408618384839192,0.4729775377730627,0.5757357536327253
132,2347379502,0.7382118424156641,0.47117574121315003,0.5769856346457084
133,3905618462,0.748302272548557,0.49387791426966554,0.5799737607760851
134,3821267243,0.7357002437681843,0.45936328070348603,0.567855709100541
135,686322203,0.734365023197295,0.47664116786908933,0.5731614953874424
136,1306725149,0.7364598568844853,0.48006306859399617,0.5787073250476983
137,3790651310,0.7400754895022412,0.4727919668374642,0.5738567934343999
138,2529736645,0.7401714240780057,0.4804479708008884,0.5775071081809264
139,1203855554,0.7408775654635527,0.4791420973135564,0.5764558837527884
140,4228210238,0.7393882204922544,0.4732322256022221,0.5761744535909247
141,3665683214,0.7443752457340567,0.4686312676235449,0.5731532180297405
142,3628422326,0.7429283636077691,0.47348243118841776,0.57239997847887
143,822623857,0.7352992057875285,0.4787360526932903,0.5709100540925326
144,51927676,0.7388016041519226,0.4811428449764359,0.5823410850788211
145,271348866,0.7332971612801761,0.46345443566381744,0.5753218857476317
146,1315991452,0.7374538019973264,0.4626588289473268,0.5706286239306688
147,2268475451,0.74068884170795,0.48093178798487557,0.5750321782280661
148,1560967023,0.7334968939215223,0.46146880296398174,0.5731366633143368
149,1607692556,0.7452622473853896,0.47304310799079624,0.573120108598933
150,1037265541,0.7384037115671935,0.4777602519124989,0.5755784838363898
151,3843266786,0.7377982228513015,0.47465721620553936,0.5750404555857679
152,1174811832,0.734519147597704,0.477821607757466,0.5732111595336536
153,3439732319,0.7419045372336243,0.4907374081604181,0.576745591272354
154,836620191,0.7359723205158449,0.4689790248565849,0.5752473895283148
155,2351561214,0.7414421640323976,0.48338685165938644,0.5749080178625379
156,3512078119,0.7433986002988126,0.4806291052988753,0.5769194157840934
157,1820113670,0.7476448847998742,0.4975654102833128,0.579253630656022
158,2292929249,0.7436203507116459,0.4694904069435063,0.572987670875703
159,2445568322,0.7381552252889831,0.4715936177118497,0.5732856557529705
160,3421287956,0.738829912715263,0.4734988416564296,0.571936446447565
161,3736675014,0.7433152473067547,0.4857360646928609,0.5784921137474496
162,4268734572,0.73493905795392,0.4683655193412292,0.5731366633143368
163,625951401,0.7425886608476842,0.46979985009830916,0.5741878877424749
164,2866315270,0.7423936463002281,0.49114215911578896,0.5754046593246503
165,4170659451,0.7443091924195957,0.48727025665719687,0.5782189609432877
166,1276090790,0.7334009593457578,0.4626310372603958,0.568642058082219
167,506926391,0.7309632775025556,0.4682465274737927,0.5696601730795495
168,1404195737,0.7334214044192813,0.4653365375309896,0.5766545403376334
169,1819013933,0.7410961704804592,0.4801465131658481,0.5788894269171395
170,3703075591,0.7336997719587953,0.47363063874147704,0.5752556668860167
171,436822396,0.7413273570810727,0.4776145584559068,0.575098397089681
172,1137523828,0.7404340646378863,0.470361799339753,0.5746265877006742
173,1051136586,0.7414846268774081,0.4816302588952629,0.5738733481498036
174,948139739,0.7403302665723047,0.4758139217063388,0.5706286239306688
175,577505098,0.7338617598490209,0.46686792923683296,0.5733022104683743
176,2770345257,0.7439521899819139,0.48854339222459375,0.5788645948440339
177,3657051608,0.7391192891405206,0.4853852102647361,0.5783762307396233
178,906329755,0.7410191082802549,0.47603811491192205,0.5782272383009895
179,2237660090,0.7344609577730596,0.4679857236458532,0.5707776163693026
180,2569284969,0.7351702445545334,0.4726131656251681,0.5757688630635329
181,3815396752,0.733592828497287,0.4754991557839979,0.5726069124214168
182,2237183614,0.7422678304631595,0.4809625105250783,0.5773829478153983
183,3254839350,0.7328819690178501,0.4808322833785486,0.5782520703740952
184,642661475,0.7384414563183141,0.48048653861328483,0.5740140632307354
185,2952272912,0.7436738224423999,0.48145581046837876,0.5744858726197424
186,4181918824,0.7430683337265078,0.47617839359501357,0.5727807369331562
187,3080965017,0.7357096799559646,0.48271665267155295,0.5723834237634662
188,482085559,0.7394149563576314,0.4708322181345272,0.571017659742657
189,1556797813,0.7388393489030433,0.47489586823597285,0.5758350819251479
190,577830362,0.7444224266729575,0.47225891260730457,0.5683026864164422
191,1132602263,0.7429802626405599,0.47854168452520934,0.5725241388443981
192,2790867745,0.731362742785248,0.462116095633347,0.5714646370585582
193,1423402176,0.738097035464339,0.4734642420188663,0.575106674447383
194,1807686006,0.7371581347802155,0.4667900045596627,0.5701402598262583
195,945497333,0.7445875599591099,0.477269662162943,0.5711004333196757
196,2764545561,0.7406337972792325,0.48292066294666613,0.5760089064368872
197,572709107,0.7341102461272313,0.4673093733153102,0.575297053674526
198,385146068,0.7379696469293072,0.4856268671878987,0.5806938908961481
199,3362730764,0.7429425178894393,0.4755997530825971,0.5710838786042719
200,1578368121,0.7360619642997562,0.47394379558670574,0.5774657213924171
201,219407413,0.7467877644098452,0.47587260754754224,0.5724827520558887
202,1714589603,0.7394873004639458,0.47100003102570925,0.5751480612358922
203,4226885932,0.7365322009907997,0.4739188191475875,0.5756612574134085
204,3244192700,0.7353054965793819,0.47059320400273263,0.5771511817997459
205,3825044283,0.7472988912479358,0.4728478441654111,0.5740140632307354
206,1582763680,0.7403082488008179,0.4765373288874359,0.5701402598262583
207,2285987360,0.7377148698592435,0.47776886117826,0.5757357536327253
208,523893878,0.7363985216639144,0.47346016502187477,0.5708603899463214
209,119797004,0.7501218840921601,0.4770914407407827,0.5736581368495549
210,3239549520,0.7428387198238577,0.4784362120402693,0.5743948216850217
211,3767118317,0.7405976252260753,0.48728974338520226,0.5811325908543474
212,1878324217,0.7424707085004324,0.4739396646998732,0.5726979633561374
213,3131826121,0.7419281277030747,0.48497186978028073,0.5790632514288788
214,3216003414,0.7444963434772351,0.47433065548994835,0.573517421768623
215,3690485476,0.7445057796650153,0.476069781257007,0.5710093823849551
216,3947299676,0.738302272548557,0.4651771499843589,0.5731697727451442
217,1981977386,0.7355193835023982,0.4711630264900558,0.5758599139982534
218,94466915,0.7353306597467957,0.4584442482442755,0.5735008670532193
219,1161569601,0.7444931980813085,0.4776518942689154,0.5769939120034103
220,2908981354,0.7346905716757097,0.47010306411333214,0.5710673238888682
221,3707339406,0.7401556970983723,0.4735601157245086,0.5753467178207372
222,1270181659,0.7443375009829363,0.48444064666038106,0.577738874196579
223,3465446302,0.743810647165212,0.4786176375402962,0.5770104667188141
224,3316198573,0.744181803884564,0.4906657193179496,0.583996556619196
225,1730384249,0.7420838248014469,0.4892965006686794,0.5821175964208705
226,3431653577,0.7451521585279548,0.4872809968512144,0.577076685580429
227,1941289302,0.732779743650232,0.4598645287849028,0.5699084938106058
228,3403928948,0.7352913422977116,0.4782134145402197,0.5761165120870115
229,3054146636,0.7393410395533538,0.4633590515103492,0.5687496637323434
230,2400536384,0.7408146575450184,0.47057432721569503,0.5779209760660202
231,2597925921,0.74298498073445,0.48788274715485713,0.5768118101339691
232,3840610625,0.7345977824958716,0.46715690839070984,0.5681619713355103
233,73824757,0.7353982857592198,0.4724743430368528,0.5759013007867628
234,332178559,0.7433419831721317,0.47246665503226,0.5724910294135906
235,561017833,0.7402579224659903,0.4739909362135599,0.5724082558365718
236,1312455374,0.7439757804513643,0.4846683900731137,0.5759509649329742
237,2674833390,0.7396005347173076,0.46499039018219346,0.570355471126507
238,3410698691,0.7428025477707006,0.4766329193842977,0.5787404344785058
239,1504347084,0.7383282220649525,0.45591830591592375,0.567789490238926
240,2344862196,0.7416922230085713,0.4713260487716266,0.5721682124632175
241,3928460153,0.7423716285287411,0.47228926412176214,0.5695111806409158
242,3882694102,0.7453754816387512,0.4824386608697272,0.5786079967552757
243,541871023,0.7364409845089251,0.46548606336213855,0.5732194368913556
244,416315967,0.7453723362428245,0.4837584639761614,0.5761496215178191
245,294124600,0.7305638122198632,0.47559183505539215,0.577407779888504
246,2511007018,0.7427632303216167,0.47874512751635323,0.5741547783116674
247,668161719,0.7373515766297082,0.4678998553735595,0.5749742367241529
248,1130801481,0.7409735000393174,0.46922534658881315,0.5689855684268468
249,750753305,0.7401289612329953,0.46800584136843765,0.5736001953456418
250,2134978128,0.7427129039867892,0.4733708426332487,0.5729131746563862
251,2707967671,0.7414122827710938,0.47597900176421276,0.5733022104683743
252,2689972427,0.7471463395454904,0.49113752751465667,0.5761992856640303
253,2333275821,0.740207596131163,0.4690070661255,0.5665230545105392
254,1737260062,0.7380734449948886,0.4705880927356305,0.5729462840871937
255,3338422281,0.7450389242745932,0.49324488862154425,0.5829453321910579
256,925218211,0.7370826452779744,0.46772265152585685,0.5713487540507319
257,1765884225,0.7407942124714949,0.46228090918701575,0.5747010839199911
258,2999212178,0.7372210426987497,0.4694895810949081,0.5726234671368206
259,1868485470,0.7352174254934339,0.46895366313556036,0.5711004333196757
260,3717205342,0.7390092002830856,0.4599052906971144,0.5663078432102904
261,1075536087,0.7446158685224503,0.47138527347015846,0.5709431635233401
262,287108836,0.7486482661004954,0.4710997834925996,0.5671769657689872
263,1525025095,0.7375701816466147,0.4640885677574922,0.5717460672204219
264,1068322467,0.739933946685539,0.46893271962208616,0.5706782880768801
265,79357316,0.7370700636942674,0.4678007790319808,0.5736746915649586
266,1737297574,0.739425965243375,0.46509027322133806,0.5726896859984356
267,752386762,0.7454415349532123,0.4796394948279815,0.5723420369749569
268,687399515,0.7479814421640324,0.4891045190348568,0.5755370970478804
269,3897688295,0.7399622552488796,0.47757029136758117,0.5720606068130931
270,38276326,0.7331398914838406,0.4766939125033679,0.5730952765258275
271,527328495,0.7397971219627272,0.4738827265412542,0.5755288196901786
272,393823662,0.7341825902335456,0.4672948308136017,0.5703223616956995
273,3222219936,0.7390343634504993,0.47440790847237385,0.5765386573298072
274,793988577,0.7367177793504758,0.4756794907780469,0.5756860894865141
275,2682641642,0.7509790044821892,0.488666774606037,0.580768387115465
276,437519295,0.7462939372493512,0.4790130383045569,0.5769276931417953
277,2199180617,0.7315782024062278,0.47206746014613976,0.5695608447871271
278,3323021626,0.7435873240544154,0.47622901393036804,0.5761827309486266
279,1248049845,0.7369961468899898,0.4664727528180926,0.5701154277531526
280,2044770880,0.7349170401824329,0.4734757787777827,0.5726814086407337
281,1941680272,0.745153731225918,0.48832914217366963,0.5787735439093132
282,3058117222,0.7388047495478494,0.47947617451489166,0.5792453532983202
283,1417107592,0.7396508610521348,0.47224433601765936,0.5766297082645278
284,867885520,0.7392435322796256,0.4682655825620882,0.5743782669696179
285,1049998826,0.7387135330659746,0.4728824304431226,0.57239997847887
286,3347885755,0.738927419988991,0.47540654229520024,0.5736415821341512
287,712606398,0.7431721317920894,0.47181971283429275,0.5739064575806111
288,2719796280,0.7420130533930959,0.4637623139749403,0.5690228165365052
289,2430651363,0.7409947314618227,0.47400188430221973,0.5706700107191782
290,1949202955,0.7434473539356767,0.4743538862132536,0.5738733481498036
291,445976425,0.7419863175277188,0.4647640306435714,0.5687910505208528
292,1196497428,0.7325925925925927,0.4708457832203894,0.5726317444945225
293,3006807023,0.7353558229142093,0.456351310550858,0.5695442900717232
294,277998717,0.7417095226861682,0.47847071757876475,0.5753467178207372
295,3661679396,0.7413603837383032,0.47403145748232567,0.5711087106773776
296,1312911000,0.7399811276244397,0.4707431294396948,0.5721433803901119
297,3353264176,0.7444664622159314,0.47911263091810163,0.5737988519304867
298,1848192428,0.7312715263033733,0.47635232129241034,0.5780203043584426
299,2323860331,0.7402500589761737,0.46828949016884835,0.5719281690898631
300,632940701,0.7307336635999057,0.4626002358962099,0.5736995236380642
301,1198503724,0.7428670283871981,0.4833763580052322,0.5742375518886861
302,2568844942,0.738600298812613,0.46541988888485586,0.5654883847978048
303,722728120,0.7385625540614925,0.4719831192224354,0.5729711161602993
304,3178454995,0.741214122827711,0.47200276141479064,0.5722758181133418
305,1519904511,0.742388928206338,0.48406359471632776,0.5777140421234733
306,2524345597,0.7382841865219785,0.47202013350567673,0.5749328499356435
307,2528668052,0.732320515844932,0.46239975220562407,0.5756529800557066
308,833296553,0.7343398600298813,0.46657895485384765,0.573318765183778
309,2649861259,0.7405677439647715,0.4650759701987037,0.5693870202753877
310,3241902573,0.742027207674766,0.46776187931308033,0.5745024273351461
311,1458761017,0.7375607454588347,0.4703045563270219,0.5752142800975073
312,1592608521,0.7407800581898246,0.47645818950432284,0.5778382024890014
313,2422151678,0.7418494928049069,0.47679557922637367,0.5755453744055823
314,2467554529,0.7346323818510656,0.47698074543748215,0.5733270425414799
315,725248387,0.7430667610285445,0.48534105394233834,0.5768614742801803
316,1548312668,0.7365227648030197,0.4849794102895855,0.583210207637518
317,988327661,0.7403475662499016,0.4755702726063262,0.5762655045256453
318,914668658,0.7416607690493041,0.4712045284668278,0.574436208473531
319,1166063040,0.7444019815994338,0.4909060018401308,0.5757191989173216
320,3449010216,0.7401258158370686,0.4724909575958397,0.5732359916067593
321,879473295,0.736511755917276,0.4620712632927655,0.5696022315756364
322,2802956804,0.743974207753401,0.4854274589049834,0.5796923306142213
323,2054790449,0.7467091295116772,0.47681331383023784,0.5721433803901119
324,4173234527,0.7439097271369034,0.4734014642975354,0.5724744746981869
325,4256568052,0.7496500747031534,0.4891740576722646,0.5781941288701821
326,2696888829,0.7356797986946606,0.466355537407229,0.5699250485260096
327,1030266088,0.7422143587324054,0.4947833157767555,0.5801310305724207
328,977305003,0.7367633875914131,0.4741953120535997,0.5785003911051514
329,280074897,0.7415899976409531,0.4732105053359438,0.5697926108027795
330,858346908,0.7340080207596131,0.45426318051341186,0.5665727186567504
331,4136923307,0.7404309192419596,0.48197703979776635,0.5747838574970098
332,665889076,0.7398616025792246,0.48165947715906055,0.577209123303659
333,2016873748,0.7434221907682629,0.4751155816965871,0.5736664142072567
334,4106044452,0.7394715734843123,0.46879764944408403,0.5687910505208528
335,755217954,0.7331682000471809,0.4724410296186966,0.574775580139308
336,3795230769,0.736939529763309,0.4613239186792935,0.5705375729959482
337,1901019934,0.7380938900684124,0.47228551852153633,0.5717957313666331
338,1539368907,0.7451836124872219,0.48022118449776785,0.5771842912305534
339,2187216938,0.7384681921836912,0.4773195393259945,0.5745520914813573
340,2846781255,0.7392749862388929,0.4712196090309465,0.574833521643221
341,870693245,0.7399622552488794,0.46506867725697254,0.5714066955546451
342,3724821584,0.7397247778564127,0.48780793795089455,0.5787735439093132
343,3951709647,0.7407501769285209,0.47846888775576285,0.5753715498938429
344,3607460055,0.7421137060627506,0.4872710881438043,0.5739561217268223
345,193389244,0.7495179680742313,0.47312190632298284,0.5707941710847063
346,1886767032,0.7393237398757568,0.4729961286393848,0.5745107046928479
347,1673218511,0.7438436738224424,0.4709710152901973,0.570156814541662
348,2399763587,0.7280427773846032,0.4645721526660543,0.5724744746981869
349,1320134726,0.7388456396948966,0.4793947077576534,0.5763772488546206
350,2694545409,0.7425053078556263,0.47494264585881707,0.5728469557947712
351,2495618689,0.7480506408744201,0.4758522000495359,0.5751811706666998
352,2886379897,0.7392026421325784,0.4851064024082219,0.5775733270425415
353,2774456366,0.7383549579303293,0.47407435175531687,0.5722758181133418
354,2920652411,0.7402673586537706,0.46723999690286666,0.5728138463639637
355,2432334592,0.7410002359046945,0.47258777046105876,0.5721268256747081
356,3301250253,0.7467987732955885,0.48179239474274116,0.5745769235544629
357,1826184685,0.7428528741055281,0.4747213925495476,0.5748335216432211
358,3257526009,0.7400440355429739,0.48491082912323846,0.5751811706666998
359,3714162882,0.7404482189195564,0.468346024549663,0.5709348861656383
360,3629020552,0.7380750176928521,0.46732882670691106,0.5708769446617251
361,2728824661,0.7370260281512936,0.46299342100222224,0.5684185694242684
362,593957220,0.7425131713454431,0.4797821505932355,0.5748914631471341
363,1872797234,0.7405803255484784,0.47524679248681845,0.5745107046928479
364,4182476884,0.7345049933160337,0.46373863500728907,0.5700326541761339
365,4142286079,0.7382008335299206,0.4717864200796449,0.5712328710429057
366,4102980615,0.7342612251317134,0.4642727583489991,0.5691221448289278
367,558307747,0.7348572776598254,0.46689726963742934,0.5734843123378155
368,2802190223,0.7436974129118502,0.4728594895899618,0.57266485392533
369,4128250647,0.7391491704018244,0.4657169729125683,0.5704299673458239
370,1930285431,0.7468066367854054,0.48384006137641844,0.5725075841289944
371,682148163,0.7388047495478494,0.47163655117654446,0.5749742367241529
372,496821540,0.7398726114649681,0.4775314094865011,0.5758681913559554
373,3783366571,0.7351057639380357,0.4665307662359156,0.5694863485678102
374,1670288426,0.7436423684831329,0.4767801945419101,0.5747590254239042
375,1978028858,0.7455327514350869,0.4833266859750453,0.5748417990009229
376,1401232498,0.7399716914366595,0.4704999616391174,0.5728469557947712
377,191856670,0.7373437131398914,0.47388497664543056,0.578401062812729
378,1875472982,0.7473397813949831,0.47303981918377946,0.5729793935180012
379,2573251187,0.7400534717307541,0.47153240965056475,0.573120108598933
380,3419391937,0.7432145946370999,0.4739394426754202,0.5752391121706129
381,759621795,0.7387261146496815,0.47588565897470014,0.5743699896119161
382,3492882953,0.7412487221829048,0.4724541282606454,0.5741878877424749
383,2425489153,0.7378060863411182,0.4686699532212578,0.5743286028234067
384,3984357731,0.7408539749941023,0.4792321410364907,0.5740057858730336
385,2629397966,0.7447212392859952,0.4791262221115963,0.5732691010375668
386,511587266,0.734242352756153,0.4638723971363707,0.5715805200663844
387,1374356124,0.7380640088071087,0.4804630621062909,0.5754212140400541
388,1392531993,0.736736651726036,0.49047558251484324,0.5794936740293763
389,3856107702,0.7382212786034442,0.4594310468725072,0.5677315487350127
390,2663256254,0.7416450420696705,0.4846430425918674,0.5805862852460237
391,2373450515,0.7361358811040339,0.4755275046767082,0.5713487540507319
392,2908379786,0.74230557521428,0.4680505711446882,0.568575839220604
393,4087599350,0.7383848391916332,0.4678726119436297,0.5746265877006742
394,1315705503,0.737342140441928,0.4655314659203845,0.5722758181133418
395,3401164096,0.7379995281906111,0.4667500395275896,0.575098397089681
396,3406108635,0.7368137139262405,0.4726853195157277,0.574502427335146
397,522986909,0.7428450106157112,0.4878735760769648,0.5726814086407337
398,2506936529,0.7374522292993632,0.46986560115749065,0.5782189609432877
399,561782749,0.7326020287803726,0.4735447322623069,0.5763400007449622
400,425371984,0.7358803176849886,0.47910191457578893,0.5765965988337203
401,1136736821,0.7365935362113707,0.481669726298007,0.574444485831233
402,1527338358,0.7407580404183376,0.47606618504425646,0.5742127198155804
403,3679748278,0.7331052921286467,0.4754354924121502,0.5750818423742773
404,453711811,0.7388912479358339,0.48308919869809475,0.5783679533819214
405,2301576523,0.7378454037902021,0.47523386427446423,0.575628147982601
406,1969696566,0.7390878351812534,0.48013576083819204,0.5740223405884374
407,804458615,0.7477337422348037,0.48795452628101366,0.5771594591574477
408,3148925653,0.7454163717857986,0.4785008825234808,0.5733518746145856
409,2773085851,0.7341747267437289,0.4624974574953924,0.5727476275023488
410,2261972721,0.7438389557285524,0.47321925286175803,0.5767124818415466
411,421243942,0.7301030117165997,0.46712434124975244,0.5720854388861988
412,3506891420,0.7410741527089721,0.47574448971262595,0.5711335427504832
413,1076063910,0.7435291342297712,0.48284726952661017,0.5766048761914222
414,799149157,0.741069434615082,0.4654962518573466,0.565546326301718
415,1777184094,0.7393174490839034,0.48471666582920625,0.575893023429061
416,3718213945,0.7401179523472518,0.4685969291827094,0.5704713541343333
417,3418642883,0.7440921601006526,0.48086840505210365,0.5775650496848396
418,3062830785,0.7400345993551938,0.47691648690694133,0.575098397089681
419,25581547,0.7432256035228435,0.4650657854073973,0.569304246698369
420,658219957,0.7485161594715735,0.49217278121856367,0.5809918757734156
421,301207043,0.7382118424156641,0.47971537011099263,0.5806028399614275
422,1063315449,0.7374459385075097,0.4671738666366719,0.5724330879096775
423,793248115,0.7351356451993395,0.4763468187668344,0.5840213886923017
424,3510162425,0.7346559723205158,0.4686817666635821,0.5717957313666331
425,3100565543,0.7440040890147047,0.48246015008311705,0.5759095781444648
426,481670698,0.7421451600220178,0.47723175639140203,0.5725655256329074
427,2094269722,0.7325894471966659,0.4667686701840552,0.5721185483170063
428,1451862088,0.7431406778328222,0.478742573472697,0.5740306179461392
429,2136137546,0.7371188173311316,0.4689431952984511,0.5712245936852038
430,3707815185,0.7373940394747189,0.47724737136392914,0.5716301842125957
431,1969956715,0.7414626091059212,0.47472937292011985,0.5765055478989997
432,1733167444,0.7408634111818825,0.4760660632635639,0.5757688630635329
433,3516706111,0.7415585436816859,0.480163462234252,0.5774326119616096
434,4255352517,0.7405630258708815,0.45913061614482154,0.5693208014137727
435,2380639901,0.7344546669812063,0.46945307538625647,0.570024376818432
436,499100569,0.7444585987261145,0.46758196499768667,0.5689317656017846
437,3724694495,0.7378155225288983,0.4615121034582925,0.5736084727033436
438,1481522976,0.740044035542974,0.47192603444367087,0.5712163163275019
439,3102192452,0.7465817409766455,0.4818654075866109,0.575959242290676
440,514480180,0.7393111582920501,0.4729429487259784,0.5733353198991817
441,2932160782,0.7400511126838091,0.4788452389393363,0.5764310516796828
442,3493312718,0.7468868443815364,0.49692379926535185,0.5788397627709283
443,3399064377,0.7391098529527405,0.483688019383101,0.5771925685882553
444,2081940663,0.7425147440434064,0.47945091695266484,0.576091680013906
445,2438293783,0.7395344814028466,0.47084066115271966,0.5665396092259429
446,1230732021,0.7456444129904851,0.480293875607117,0.5764889931835959
447,1812108508,0.7461319493591256,0.48744552081281345,0.579849600410557
448,1095154228,0.7323000707714084,0.46700812299760763,0.5720274973822856
449,3660529146,0.7382448690728947,0.471482936515705,0.5725738029906093
450,638702672,0.7454839977982228,0.48310606199822637,0.5763896648911735
451,634386732,0.7445844145631831,0.47463626307321755,0.5725406935598019
452,185559071,0.730854761343084,0.464395575017307,0.5737740198573811
453,3844501955,0.7366045450971141,0.4735603304237073,0.5752556668860167
454,1852225991,0.7465896044664622,0.489097170739761,0.5787156024054001
455,196147970,0.7449775890540222,0.4874698826709653,0.5814967945932299
456,3083195883,0.7356451993394668,0.4756835375767244,0.5734843123378155
457,3735592929,0.7452842651568766,0.4835589366987345,0.5728304010793674
458,636498848,0.737840685696312,0.4777555278843663,0.576422774321981
459,741165753,0.7425163167413698,0.4802605286801398,0.5721847671786212
460,1481317465,0.7322088542895336,0.4628114946732849,0.5752556668860167
461,315855114,0.7389604466462216,0.47440598045309657,0.575098397089681
462,844971769,0.7327419988991115,0.460749591294512,0.5724827520558887
463,3436617195,0.7412675945584649,0.47570168240936106,0.5775153855386284
464,3254673362,0.7456837304395691,0.4826272333568783,0.5731697727451442
465,2315244963,0.7383989934733034,0.4665278911319307,0.57160535213949
466,316282683,0.7481796021074153,0.4896106711135936,0.5808097739039744
467,2631668927,0.73977510419124,0.4668665776762171,0.5678225996697335
468,809004292,0.7341354092946449,0.47444111849330195,0.573451202907008
469,2511801030,0.7338806322245812,0.46466688977491843,0.574245829246388
470,550538244,0.7445419517181725,0.4823768958315885,0.5767124818415466
471,1623649824,0.7432853660454509,0.4691823187135389,0.571017659742657
472,2373649938,0.7377164425572069,0.4614639958732646,0.5700492088915377
473,1819899443,0.7394511284107887,0.470670575339932,0.5729297293717899
474,3693136385,0.7392419595816623,0.4769357843940847,0.5746845292045873
475,617398124,0.7474199889911142,0.49177845520750607,0.5804207380919862
476,2030248852,0.7445828418652197,0.46824603324780245,0.5714646370585582
477,3730684560,0.7346543996225525,0.4704443753497576,0.5711997616120982
478,3374347761,0.7345907053550367,0.4601593469477805,0.57081072580011
479,2300176761,0.742093260989227,0.47405579959094646,0.5735670859148343
480,3587349272,0.7446111504285602,0.471576074766209,0.5765883214760185
481,2034695300,0.744186521978454,0.48498592695280085,0.5741216688808599
482,459127838,0.7362742785248093,0.4784217934415833,0.5740388953038411
483,912852380,0.7371675709679957,0.4703508663713168,0.5725324162020999
484,4235828804,0.7400833529920579,0.4720612356033075,0.5769939120034102
485,894845772,0.7442164032397578,0.48431067543900586,0.5774905534655227
486,3518465450,0.7371801525517023,0.4781373157057484,0.5734346481916043
487,2816052292,0.7390752535975466,0.46527975314296816,0.5728304010793674
488,3944387409,0.7391460250058977,0.47531439019638155,0.5748583537163267
489,4209818166,0.7429283636077691,0.4757798932428652,0.5742789386771955
490,2562331566,0.7403680113234253,0.4646774513051265,0.5717957313666331
491,1298973356,0.7417142407800582,0.47900660301318126,0.5742541066040898
492,1455791564,0.7466525123849964,0.47910712812579437,0.5729214520140881
493,72262293,0.7342454981520798,0.466600384254231,0.5746100329852705
494,2603804599,0.7456475583864118,0.4785456042173376,0.5741051141654561
495,3093226681,0.7339545490288589,0.4747497010404387,0.5760502932253966
496,3360400731,0.7399496736651726,0.47730593534506816,0.5754543234708617
497,2591036009,0.7422725485570496,0.48205296230455214,0.5809256569118006
498,3910013484,0.7455296060391602,0.48438760641256184,0.5721682124632175
499,3025313778,0.7425383345128568,0.480589274834287,0.5756778121288123
500,2627812328,0.7416922230085713,0.48156656328459635,0.5716632936434032
501,2718992774,0.7453157191161437,0.48945605221179256,0.5842779867810597
502,3625760739,0.7438169379570655,0.47941101720451923,0.5751728933089979
503,1233586620,0.7449477077927186,0.47533753605650253,0.573252546322163
504,536074783,0.7404906817645672,0.48258297988159693,0.5735753632725361
505,1818387396,0.7409483368719039,0.46434599254136855,0.5720192200245837
506,1040542626,0.7412959031218055,0.4827353977749406,0.5729048972986843
507,2978428646,0.742672013839742,0.4706550173602064,0.5748666310740286
508,2924200629,0.7417834394904458,0.46953780920478555,0.5706617333614763
509,89289030,0.7355602736494457,0.4669327405524423,0.5745189820505499
510,2649667000,0.7416937957065346,0.4769051161060852,0.574775580139308
511,2237752499,0.7419202642132579,0.4757073066865177,0.5750487329434698
512,1077977791,0.7357725878744986,0.4677721703201846,0.5755867611940916
513,3897447343,0.7356231815679799,0.4592029236497033,0.5703803031996126
514,2036224284,0.7362443972635055,0.47313748892708063,0.5744196537581273
515,4122537273,0.738043563733585,0.4657933860988661,0.5673838997115341
516,3176664568,0.7337233624282457,0.4689643960885502,0.5674666732885528
517,640402295,0.7402610678619173,0.4785246704812838,0.5742541066040898
518,2623042916,0.7452465204057561,0.47697007796476476,0.5785169458205551
519,3372056362,0.7390878351812535,0.46212658662165806,0.5694035749907914
520,202566839,0.7400172996775969,0.46985778373547626,0.5690724806827164
521,2826960961,0.7448407643312102,0.47689213815368137,0.574436208473531
522,4160163898,0.735036565227648,0.46648930137568284,0.5727145180715412
523,2549126604,0.7430714791224345,0.4789425811732704,0.5763565554603659
524,3138619119,0.7409986632067311,0.4779381800723168,0.577937530781424
525,1761748308,0.737672407014233,0.4826950094202975,0.5793695136638483
526,2530438431,0.7416670598411574,0.4664321978455602,0.5759095781444648
527,3965203679,0.7483431626956044,0.4828835527060114,0.5772008459459571
528,3756609817,0.7389573012502949,0.4731672196485129,0.5703306390534014
529,1129250067,0.7390359361484627,0.47369267748470645,0.574444485831233
530,3268992551,0.7388645120704569,0.4690081005684976,0.576356555460366
531,190196362,0.7428355744279311,0.49240285313414955,0.5783596760242196
532,1636080855,0.7377966501533382,0.47439375663928524,0.5752639442437185
533,4162926373,0.7425760792639774,0.4786957370737924,0.5759840743637816
534,2917770030,0.7377353149327671,0.47468505478906287,0.5755039876170729
535,1223572495,0.7396697334276952,0.4679743859670039,0.5730787218104236
536,1014748244,0.7389777463238185,0.4689127591871505,0.5717791766512293
537,4128986276,0.7487457733742235,0.4865081965930335,0.5769608025726027
538,727797592,0.7445136431548321,0.47578583854594736,0.5730373350219143
539,4180276647,0.7376661162223794,0.47240659462990797,0.5729380067294918
540,3309565881,0.7461240858693088,0.4790300449279553,0.5756115932671972
541,157897790,0.7414531729181411,0.4664745721275563,0.5742541066040898
542,170269760,0.7449791617519855,0.4832914403859293,0.5724496426250812
543,407728977,0.728536604545097,0.46680226600765184,0.5715060238470675
544,2631172293,0.740242195486357,0.47407510587602986,0.5722427086825344
545,240734471,0.7397467956278996,0.46794951136186635,0.5717295125050181
546,2765871030,0.7383093496893922,0.46302364310563493,0.5704547994189295
547,2428566288,0.7326130376661162,0.46974519398456777,0.5764972705412978
548,58050675,0.7411842415664072,0.4645257875246278,0.5724248105519756
549,1386124538,0.7432539120861839,0.4769333389904864,0.5732856557529705
550,2755785849,0.7301501926555004,0.46184684616700844,0.5692545825521577
551,1975837119,0.7439246677675552,0.47849130380581606,0.578790098624717
552,1874698827,0.7407250137611072,0.480937477520967,0.5772836195229759
553,3335095979,0.7294440512699535,0.451576220167332,0.5694780712101083
554,2503705917,0.7413666745301564,0.4673015802667385,0.5714977464893657
555,830616772,0.7346198002673585,0.4681676861492702,0.5727310727869449
556,1684875000,0.7403239757804515,0.4746596433971631,0.5730290576642124
557,378378392,0.7432161673350632,0.4715735924854616,0.5715474106355769
558,2229015387,0.7401651332861526,0.47356677648540496,0.5755702064786878
559,1276533694,0.7363812219863175,0.4733124030876177,0.5725324162020999
560,2596392304,0.735566564441299,0.46802073205660344,0.5675577242232734
561,734696917,0.7392262326020288,0.47748657385489296,0.5811905323582606
562,2553927888,0.7404843909727137,0.4699579622220455,0.5707113975076876
563,363253682,0.7411748053786271,0.4804807951448473,0.5766048761914222
564,60347338,0.7439458991900605,0.48065751266799883,0.574378266969618
565,2403264644,0.7410977431784226,0.47750513579196585,0.5719695558783725
566,1341010596,0.7405126995360543,0.4704857055513266,0.5753384404630354
567,1854309058,0.73701030117166,0.47103587790620727,0.5738402387189961
568,1460518582,0.7455657780923174,0.48931880863791194,0.5771677365151496
569,1372831303,0.7429723991507431,0.4881168842180894,0.5784921137474496
570,2246465126,0.7458016827868208,0.4791140438991178,0.5741796103847729
571,985495732,0.7431564048124557,0.478387801442515,0.5768283648493728
572,1469173097,0.7379334748761499,0.47537446659253135,0.5708521125886195
573,1112371203,0.7374113391523158,0.47395759949207233,0.5757936951366385
574,15873808,0.7350302744357946,0.46317231954675125,0.5684268467819703
575,637519614,0.7452355115200126,0.4791106272090303,0.5723503143326587
576,3247113542,0.7405095541401274,0.4682141272522685,0.5728055690062618
577,1454406630,0.7424109459778249,0.4718371714691926,0.5759178555021666
578,1532184020,0.7433750098293623,0.47638006808824823,0.5730290576642124
579,1512495888,0.745166312809625,0.48261374706081533,0.575230834812911
580,345283801,0.7461366674530157,0.4904564643071587,0.5774243346039077
581,2094214592,0.7348635684516788,0.46568903340637324,0.5723089275441493
582,3933122527,0.7339160179287567,0.4792176165692966,0.5731449406720387
583,1332704175,0.742088542895337,0.4814873665289506,0.5742292745309843
584,4276429029,0.7326523551152,0.4564586080651414,0.5659850262599173
585,3561762598,0.7439616261696941,0.4772846161929564,0.5726234671368207
586,1899650043,0.7378013682472281,0.47998506885936065,0.5772008459459571
587,2365653085,0.7372949595030275,0.48183420538521937,0.5781941288701821
588,2790682119,0.7394589919006056,0.4817353969554662,0.5806193946768312
589,2894334993,0.7356970983722576,0.4648634725689942,0.5695691221448289
590,1431094228,0.7350979004482188,0.4613419860839354,0.5705955144998613
591,2800615834,0.7449225446253046,0.48225599295243443,0.5753549951784391
592,660370213,0.7384162931509004,0.4669067748994357,0.571481191773962
593,1630154865,0.7398285759219941,0.4740500430713406,0.5752804989591223
594,2670765686,0.7418636470865771,0.4689623385758556,0.5713653087661357
595,1721114548,0.7455185971534166,0.4796729919434841,0.5783100118780083
596,991026572,0.7393190217818667,0.47167101619488305,0.5757854177789365
597,2626893792,0.7292018557835969,0.4599609259501317,0.5707776163693026
598,1518304713,0.7432570574821105,0.4728867996294434,0.5728386784370694
599,1739587956,0.7430714791224344,0.4833381859854772,0.5788397627709283
600,848225625,0.740141542816702,0.48110271765256,0.5759344102175703
601,2115155132,0.7376157898875522,0.47389167229459106,0.5718288407974407
602,3630490366,0.7379617834394905,0.4590189541145193,0.5700492088915377
603,1479522769,0.7356483447353936,0.47302377377032356,0.58083460597708
604,2876004184,0.7327435715970747,0.4563147816121115,0.5657698149596686
605,3936802271,0.7408854289533695,0.4801612358423255,0.5749825140818547
606,3476239483,0.7442918927419989,0.4839706143461331,0.5782272383009895
607,4214942688,0.7427459306440198,0.4835966724619716,0.5733684293299892
608,425877072,0.7449256900212315,0.4778368725235192,0.5756612574134085
609,192474326,0.7557128253518912,0.4867226096183415,0.577209123303659
610,229228449,0.7412046866399309,0.4758129084204819,0.5708852220194269
611,1037803617,0.7451458677361014,0.48248478910015574,0.576753868630056
612,3894654992,0.7427113312888259,0.4826483059218869,0.5764476063950865
613,2864799534,0.7295557128253517,0.4656235045485137,0.5783845080973252
614,3422054238,0.7420193441849493,0.4950520887317863,0.5819272171937274
615,1525285224,0.7478021545962099,0.48412593781936764,0.5743286028234067
616,3807857743,0.7364221121333648,0.4697120279601831,0.5748417990009229
617,497670291,0.7398254305260675,0.46796603486018357,0.5753632725361411
618,2179787760,0.7367932688527169,0.471793375137298,0.5709431635233401
619,196136226,0.7377793504757411,0.4734762626320646,0.5738567934343999
620,2142139169,0.7395525674294252,0.4793865837350777,0.5773332836691871
621,1679041072,0.7396760242195488,0.48541140999546833,0.5801144758570169
622,1686651103,0.741324211685146,0.4790116958891929,0.5748831857894323
623,2135562003,0.7402940945191476,0.48593166346941685,0.5824652454443493
624,2577826110,0.7449477077927185,0.4795738340326148,0.5765552120452109
625,1121722974,0.734577337422348,0.4642883886180582,0.5739643990845242
626,1116680804,0.7422992844224267,0.4774216318676716,0.5745438141236554
627,584317942,0.7343335692380278,0.45498003476845494,0.570819003157812
628,4139511905,0.742225367618149,0.4922598730696014,0.5793446815907426
629,3422964965,0.7362664150349925,0.4607153059737426,0.5674666732885528
630,3779534569,0.7430400251631675,0.4739294802155802,0.5740057858730336
631,1526797603,0.7407014232916569,0.48496638097106715,0.5809918757734156
632,735106547,0.7374223480380592,0.46748625505136493,0.574245829246388
633,1224352997,0.7488023905009042,0.4866892041687062,0.5775236628963303
634,2221209223,0.7411260517417629,0.4791041289102114,0.5761910083063284
635,2995463401,0.7451946213729652,0.4773287117124205,0.5755122649747748
636,4028128333,0.735049146811355,0.4724969106033667,0.570156814541662
637,1026025892,0.7356923802783675,0.48023448131112123,0.5732691010375668
638,3314225507,0.738551545175749,0.48660063527334574,0.5822500341441005
639,3665897991,0.7298057718015255,0.4588834389486135,0.571804008724335
640,2142757667,0.7363167413698201,0.48159531781015363,0.5758599139982534
641,3766022631,0.7407745537469528,0.4760844209280114,0.5741051141654561
642,3885754553,0.7286419753086419,0.4557737361539742,0.5690559259673127
643,3765559165,0.7458755995910986,0.4720136154694211,0.5710673238888682
644,2477831639,0.734824251002595,0.4612101825322293,0.5703306390534014
645,3692554212,0.7438924274593064,0.4742929630881235,0.5739064575806111
646,1448298263,0.7352693245262248,0.47477888631476406,0.5744113764004255
647,2874037493,0.7412675945584651,0.4716520145189686,0.5770684082227271
648,2977113482,0.7370669182983409,0.47002004319094326,0.5744693179043385
649,1674672867,0.7334984666194856,0.4678283320211638,0.5733353198991817
650,2343725352,0.738710387670048,0.48199513931711496,0.5807601097577632
651,4126834891,0.740075489502241,0.4801119013782321,0.5796261117526064
652,2389517501,0.7373138318785877,0.4790200601903273,0.5713404766930301
653,1256724765,0.737902020916883,0.46592018654238865,0.5778630345621071
654,1899155075,0.7380891719745225,0.4683534835951348,0.5743203254657049
655,776825806,0.7507729810489895,0.49268768060389456,0.5743534348965124
656,2797527333,0.7353982857592201,0.46491999605723355,0.565016575408798
657,3585365393,0.7382857592199419,0.48470810663727487,0.5789887552095621
658,2054796438,0.7407470315325941,0.4801414445025233,0.5756364253403029
659,4292258438,0.7412518675788315,0.4801999437581718,0.5773995025308021
660,3705911802,0.7399260831957224,0.47204077386135634,0.5719281690898631
661,2880090536,0.73449870252418,0.46863035686708,0.5738981802229093
662,1244691904,0.7392010694346152,0.46959879622327794,0.5730621670950199
663,796897863,0.7336101281748839,0.45649409808145075,0.5728800652255787
664,3815582737,0.7380765903908154,0.4729489661070246,0.5774574440347152
665,1708890037,0.7503735157662972,0.4924407953966249,0.5776809326926658
666,3089270762,0.7451600220177714,0.4797305373966164,0.5722758181133418
667,1365201798,0.7382574506566014,0.4740755052803919,0.5734843123378155
668,3114820236,0.7436643862546197,0.4871775611739363,0.5790053099249658
669,4107545316,0.7376157898875522,0.4813655483407365,0.5742954933925992
670,3970602289,0.740896437839113,0.48974904582925793,0.5796426664680101
671,1427492397,0.7375025556341905,0.4631877095720997,0.5724993067712925
672,1030073467,0.7349374852559566,0.4756784869540811,0.5752804989591223
673,3675166101,0.7385311001022254,0.48985843170406385,0.5778382024890014
674,1070236974,0.7450719509318235,0.4843518065253555,0.5746100329852705
675,4089360360,0.7454965793819297,0.4804360952106286,0.5756612574134085
676,3989381647,0.7398977746323818,0.48222623034213363,0.573848516076698
677,2321324359,0.7388786663521272,0.47181726517855327,0.5757936951366385
678,328300728,0.7464905244947708,0.48450351110122214,0.5773001742383796
679,2645130750,0.7375292914995676,0.4717994179635244,0.5718371181551425
680,319859607,0.7402878037272941,0.47580095925032445,0.5737326330688718
681,315214317,0.7357332704254148,0.47114723973086864,0.5710673238888682
682,708475799,0.7415915703389164,0.4641055686060702,0.5721599351055155
683,1835622791,0.7331493276716207,0.4707659276089914,0.5703058069802958
684,1997864734,0.7405331446095779,0.4740366470154835,0.5763731101757698
685,491323507,0.7311441377683416,0.4542033141200061,0.5711335427504832
686,769661659,0.7372981048989541,0.46903817264773373,0.574436208473531
687,3812298537,0.7400927891798381,0.4758081242691757,0.5713570314084337
688,3002187830,0.7347330345207203,0.4626471078405232,0.5720771615284969
689,1252950108,0.7349657938192969,0.4807407863303679,0.5751728933089979
690,1771770338,0.7456035228434379,0.4958114382089703,0.5788149306978226
691,516625607,0.7423983643941181,0.4759085553520891,0.5750073461549604
692,3563667819,0.7452716835731699,0.4793788051400095,0.5742623839617917
693,548392618,0.7363969489659512,0.46877486692961257,0.5705789597844576
694,4136569928,0.7417771486985923,0.47467719167751943,0.5725820803483113
695,3770620014,0.7380687269009987,0.4661680411625748,0.5736581368495549
696,3799602538,0.7355406149249037,0.4887846354821219,0.5746183103429723
697,1813707072,0.7382118424156642,0.4759552661405721,0.5760585705830985
698,367983542,0.7451867578831485,0.4795243734665634,0.5751894480244016
699,1309676608,0.7367932688527168,0.4807624336119388,0.5790880835019845
700,3872928695,0.7390705355036565,0.45885638415165325,0.5663823394296073
701,2608739604,0.7350916096563654,0.4621104018901825,0.5733560132934364
702,625246538,0.7363670677046474,0.47411223682601333,0.5724827520558887
703,3741381092,0.7377824958716679,0.4763796964477828,0.5782437930163933
704,2547339896,0.7426460643233467,0.4769145861370039,0.576356555460366
705,1371378457,0.7438877093654164,0.48202974635507667,0.5796343891103082
706,99305780,0.7359251395769442,0.4606619895257044,0.5693208014137727
707,3517634227,0.7342848156011639,0.47791453086883345,0.576414496964279
708,2262217469,0.739235668789809,0.4760351616044113,0.5730290576642124
709,3277554525,0.7361751985531179,0.4574078516859067,0.5662085149178679
710,2775631123,0.7462750648737909,0.4843747778436142,0.5776643779772621
711,922521909,0.7378501218840922,0.4791814584694234,0.5787073250476983
712,1214541857,0.7418951010458441,0.48768100172735745,0.5775071081809264
713,4118582422,0.7475914130691202,0.48242949267778557,0.5762406724525397
714,3499381322,0.736030510340489,0.45585875308199103,0.566597550729856
715,2590536721,0.7373956121726822,0.4743437254282,0.5801227532147188
716,2754163867,0.7481182668868444,0.4838619208934495,0.573128385956635
717,1469511960,0.7365589368561768,0.4512284460080718,0.5673756223538322
718,729773076,0.7345663285366045,0.4553236034216151,0.5710342144580607
719,3000543304,0.7358071872296926,0.48366271218795076,0.5801641400032281
720,3680064228,0.7408067940552017,0.4660744231465943,0.5694201297061952
721,3472005353,0.7356656444129905,0.46004114483754993,0.5685261750743927
722,738709800,0.7380875992765589,0.4709026141285846,0.5728883425832806
723,4017203175,0.7411873869623339,0.4980706581313881,0.5847332414546629
724,1616569932,0.7405991979240386,0.47884732944074837,0.5764724384681922
725,3176063671,0.744269874970512,0.479749693885146,0.5755039876170729
726,2647406026,0.7390532358260596,0.4691876760027493,0.5765717667606147
727,875830237,0.7384052842651568,0.47969784078884264,0.5726896859984356
728,2190525955,0.7483242903200441,0.4888441721797619,0.5768614742801803
729,3798234051,0.7384414563183141,0.46863707958420353,0.5701071503954508
730,2346754202,0.7385601950145474,0.4731412143603254,0.575429491397756
731,1882102801,0.7467484469607613,0.4915998213512043,0.5794274551677614
732,1702823851,0.7411669418888103,0.48591662347192294,0.5759923517214834
733,590036488,0.7342848156011639,0.4550816437231201,0.5679136506044541
734,4267421389,0.7446426043878271,0.47769753604757775,0.5726400218522243
735,944117217,0.7350192655500511,0.46218174470439094,0.5721102709593043
736,1419325706,0.7414500275222144,0.4750419338272125,0.5736746915649586
737,2344612075,0.7394070928678147,0.48498895163582006,0.574444485831233
738,757481606,0.7386962333883778,0.4747918682869967,0.5748252442855192
739,3599694932,0.7390500904301329,0.4717723988666851,0.5726234671368206
740,1558996248,0.744941417000865,0.4788549508225061,0.573128385956635
741,2259593431,0.7275473775261462,0.4627842791656144,0.5684020147088646
742,28865154,0.7430274435794606,0.48758448089291695,0.5806359493922351
743,2884198504,0.7474828969096485,0.46952863214957835,0.5708272805155139
744,2530414265,0.7423527561531807,0.4747289174832012,0.5716881257165087
745,1722146503,0.7356043091924197,0.45543472348483954,0.5653228376437673
746,2362696481,0.7463631359597389,0.4806557250725729,0.5738319613612942
747,1271561646,0.7427364944562397,0.4813817895759538,0.5792619080137239
748,1630166511,0.7459668160729731,0.4737044516912312,0.573649859491853
749,318580866,0.7383659668160729,0.4767155847345502,0.5715556879932788
750,778752138,0.7412298498073444,0.48215827671642053,0.5740306179461392
751,3637767999,0.7403916017928758,0.47024908419315975,0.5744610405466367
752,2895257514,0.738962019344185,0.48219788201875285,0.5796343891103082
753,4225150932,0.7382134151136273,0.4736675119495846,0.5733767066876911
754,1152317903,0.7417598490209956,0.4770336345199103,0.5746265877006742
755,1387987229,0.7344326492097192,0.4625371556757361,0.568642058082219
756,4029943469,0.7395407721946999,0.4663210524588055,0.5703306390534014
757,1460433931,0.7363717857985375,0.4682806104071163,0.5766297082645278
758,1946476887,0.7417692852087757,0.4921948341984268,0.5763813875334716
759,3119153121,0.7441173232680663,0.48412249088136083,0.5766214309068259
760,866703891,0.73701973735944,0.46745202613375136,0.5725241388443981
761,4117189564,0.741487772273335,0.4791718906146025,0.5809173795540987
762,3213134937,0.7409593457576472,0.47433062361095113,0.574444485831233
763,3135294232,0.7437131398914839,0.4907872023567974,0.5854533715747259
764,350492373,0.7282330738381693,0.452327004345875,0.5669038129648254
765,3663614576,0.7412738853503185,0.48369767172934613,0.5773001742383796
766,4193165601,0.7354784933553512,0.4705571017637224,0.5737243557111699
767,380002233,0.7324054415349531,0.4669490962728745,0.5740554500192449
768,3586055529,0.7413446567586695,0.47005518803571256,0.5737326330688718
769,992329628,0.7440465518597154,0.47517914629770486,0.5763648328180678
770,1371096788,0.7395690807580403,0.4665758237146328,0.5710921559619738
771,1833635485,0.741475190689628,0.47400034053218876,0.5757026442019179
772,406066005,0.7361468899897774,0.4783766083454266,0.5777140421234733
773,2891873799,0.7331626956043091,0.46925339586494047,0.5756695347711104
774,1498324533,0.7477408193756389,0.48264881603074083,0.5738899028652074
775,2773755212,0.7333569238027837,0.45710353975474416,0.5705706824267557
776,269744046,0.7357143980498545,0.4700716471809302,0.5742789386771955
777,3219987701,0.7453676181489346,0.46518681979673426,0.5691883636905427
778,769635368,0.7361799166470079,0.46806116334932624,0.5714563597008563
779,296953733,0.741722104269875,0.4795475795153574,0.5747093612776929
780,1470552752,0.7452528111976096,0.4840715755301833,0.579121192932792
781,3384199327,0.7341322638987183,0.47621159231140886,0.5791791344367051
782,69176765,0.7383235039710624,0.4701695871884491,0.5758599139982534
783,3311441326,0.7377463238185107,0.46756288883292496,0.5728800652255787
784,2407677745,0.7469041440591333,0.47876555088551576,0.5720357747399875
785,2463828100,0.7418243296374931,0.47475365174755557,0.5748169669278174
786,3151746618,0.7423480380592907,0.4766462307156779,0.575893023429061
787,3903312477,0.736043091924196,0.46699778126169206,0.5736746915649586
788,2701271610,0.7363049461350948,0.46052654802373905,0.5708355578732157
789,1918108668,0.7373924667767554,0.4713265200469694,0.579518506102482
790,1270943665,0.7362208067940551,0.4718458100060419,0.5727724595754543
791,2722026568,0.7412754580482819,0.4737637412212933,0.5767373139146522
792,345593912,0.7381426437052764,0.47234783453373974,0.5753798272515448
793,343195315,0.7420728159157033,0.46723001364210875,0.5728883425832806
794,1829280047,0.7462215931430369,0.47907024920798613,0.5739643990845242
795,175007048,0.7476165762365337,0.4826316492180359,0.5734015387607968
796,1905713434,0.744941417000865,0.48664410253472334,0.573120108598933
797,314387652,0.7426610049539986,0.4809963509448256,0.5740057858730336
798,1431614283,0.7411575057010302,0.464445078729306,0.5748086895701154
799,30801740,0.7336808995832349,0.47279674636955393,0.5737243557111699
800,1549097569,0.7447825745065659,0.4849812938476902,0.575164615951296
801,3971088753,0.7460690414405913,0.47132894974198125,0.5686586127976228
802,1801212326,0.7421042698749705,0.48523442118614246,0.5767621459877578
803,2529027633,0.7408555476920656,0.4771128813975797,0.5726151897791187
804,460228138,0.7420901155933003,0.4688984652872693,0.5724496426250812
805,2590702128,0.7345160022017773,0.4637787737904793,0.5747921348547117
806,340513449,0.7340300385311002,0.46194093278248993,0.5705706824267558
807,1068817931,0.7361248722182906,0.46043422880530777,0.5672017978420929
808,1793546650,0.7417189588739482,0.492630743753172,0.5832267623529217
809,2735382255,0.742676731933632,0.48586110184895354,0.5768863063532859
810,2897795403,0.7296123299520327,0.47527069277030953,0.573186327460548
811,3129962988,0.7360320830384526,0.4657767445381772,0.5750652876588735
812,3675438717,0.7440308248800819,0.4684490934422282,0.5715060238470675
813,1885320823,0.7338161516080837,0.49442758185228264,0.5812898606506831
814,1768902618,0.7425021624596996,0.47101854012161626,0.5728469557947712
815,1578180581,0.7376472438468191,0.4623482956943704,0.5690642033250146
816,2760269229,0.7460643233467011,0.48163932142493066,0.5741465009539655
817,985911309,0.7430699064244712,0.4753985192776895,0.5715805200663844
818,1894504967,0.7388645120704569,0.47816352024360514,0.5753218857476317
819,478672673,0.7408429661083589,0.4716872454054587,0.5717295125050181
820,1435421730,0.7443406463788629,0.4903526428508016,0.575102535768532
821,748448702,0.7424376818432019,0.47634299891012183,0.5710590465311663
822,3977374513,0.7354942203349848,0.4695597595176588,0.5708686673040232
823,3982943062,0.7376928520877565,0.4695933650843658,0.5728221237216655
824,1388934598,0.7404497916175198,0.47931505929992435,0.5755453744055823
825,3406355934,0.7321270739954391,0.4690372899731843,0.5735256991263249
826,3611433634,0.7347770700636943,0.46562813073669346,0.569039371251909
827,1364703520,0.7386726429189274,0.462529028251209,0.5711169880350795
828,4179189377,0.7422835574427931,0.46947176868837154,0.5729793935180012
829,2588066707,0.7375874813242116,0.47619759695999175,0.574444485831233
830,1025191836,0.7476102854446802,0.4825392105537099,0.5787569891939095
831,1516682161,0.7406369426751592,0.4680378891461796,0.5720192200245837
832,3670814566,0.7375811905323583,0.4709927544209925,0.5719695558783725
833,1584195315,0.741810175355823,0.46872475089441473,0.5742292745309843
834,2005177980,0.7430447432570575,0.4685317984348937,0.5691552542597352
835,2568729062,0.7347267437288668,0.4638176326159867,0.5764807158258941
836,3211252532,0.736648580640088,0.4627752506597202,0.571804008724335
837,2513921607,0.7370323189431469,0.4712878802719945,0.5724910294135905
838,3452200450,0.7344326492097194,0.4835584490799738,0.5765634894029128
839,3411626544,0.7386836518046709,0.47198213953666224,0.5752804989591223
840,2124720610,0.7472202563497681,0.4788541130294586,0.575694366844216
841,502021985,0.7367948415506801,0.47831373582328224,0.5773746704576965
842,1269722664,0.7409341825902336,0.47256354064572215,0.5776147138310509
843,496200249,0.7458064008807108,0.48794527289258033,0.5759509649329742
844,355144552,0.7387418416293151,0.47294018644270097,0.5736250274187474
845,3900425302,0.7470158056145318,0.47365625571798353,0.5721019936016025
846,2272870741,0.7409593457576472,0.4672304567545795,0.5715805200663844
847,694208668,0.7302304002516316,0.45119261902195124,0.5651241810589224
848,1254028766,0.7395753715498938,0.4709317134724053,0.5715556879932788
849,1444745789,0.7381064716521191,0.4690452381209132,0.5747507480662023
850,1670312976,0.7299378784304474,0.4646117226574987,0.5702975296225938
851,1955287194,0.7399591098529528,0.4618475895228644,0.5687993278785546
852,168856409,0.7409766454352442,0.49276744094196134,0.5797419947604326
853,2672174296,0.7424392545411653,0.49420539743237096,0.5836902943842266
854,2631984846,0.7405378627034678,0.47590275419278494,0.575561929120986
855,743054212,0.7385436816859322,0.4816567219635887,0.5754543234708617
856,3888179007,0.7391680427773846,0.4725261289517827,0.5745769235544629
857,952360341,0.7344389400015725,0.4731269420333126,0.5732194368913556
858,2666486028,0.7305480852402296,0.46016390666282625,0.5695442900717232
859,780003290,0.740640088071086,0.4602175628252112,0.5706451786460726
860,2295198564,0.7328033341196823,0.46326219686673903,0.568310963774144
861,618431053,0.7510277581190533,0.486911927228903,0.5750487329434698
862,1009684393,0.7492317370449006,0.485589021121251,0.5725075841289944
863,2280438145,0.7453849178265314,0.4951122860630056,0.5802303588648432
864,2108378861,0.7424769992922859,0.48322911925831935,0.58056973053062
865,1325107356,0.7376708343162695,0.48178018422188607,0.5755702064786878
866,2589871921,0.7427270582684595,0.47348141505053193,0.574767302781606
867,3222491488,0.7424251002594952,0.4723616274776685,0.5712411484006076
868,4188992668,0.7360761185814264,0.47063646240526247,0.5743617122542142
869,1978430594,0.743766611622238,0.4986494419778704,0.5826307925983867
870,4206804589,0.7348855862231658,0.4690069533709207,0.5758019724943404
871,220044710,0.7443626641503498,0.48350417567350434,0.5737326330688718
872,2317005122,0.7452701108752064,0.49335113588043567,0.5774160572462059
873,4209969868,0.7445152158527955,0.4827625198062754,0.5764393290373847
874,663481704,0.7394998820476528,0.4786779104800194,0.5765055478989997
875,2760810651,0.7379161751985531,0.4692701300533294,0.5724082558365718
876,3150039727,0.7420696705197767,0.48234253270456867,0.5753715498938429
877,1351976943,0.7383250766690257,0.46610923941714144,0.5707113975076876
878,2856207181,0.7392592592592593,0.4683955595769144,0.5741299462385617
879,2590302394,0.7403695840213886,0.4756721093334212,0.5754874329016691
880,1718222517,0.7432963749311945,0.48151809284329106,0.5764393290373847
881,3100312029,0.7404993316033656,0.4766406916724551,0.5750818423742773
882,4290693056,0.7424974443658096,0.4726684037492322,0.5714398049854525
883,1598271293,0.7304663049461352,0.4623895582525769,0.5729545614448955
884,139144983,0.7406337972792326,0.47833613882911596,0.5736912462803624
885,865689010,0.7387261146496814,0.47472099034247184,0.5755950385517935
886,77011420,0.7355712825351891,0.45999417443544965,0.5684765109281815
887,1250236815,0.7404482189195565,0.47995879308497663,0.5746183103429723
888,3429162212,0.7347094440512699,0.4653373825519971,0.5723503143326587
889,1389460616,0.7467704647322482,0.4845400841617471,0.5766793724107391
890,2833051423,0.7366045450971141,0.4750373791939551,0.5751563385935942
891,3549518714,0.7338979319021782,0.460916136731061,0.5723503143326587
892,1304520272,0.7379413383659669,0.4762282008743609,0.5786162741129777
893,1633773552,0.7422599669733427,0.4766836646240482,0.5717543445781238
894,1991944482,0.7425383345128568,0.47137788962104876,0.5713404766930301
895,1744179982,0.7422568215774161,0.4753251903511376,0.5708272805155138
896,2658893501,0.7408240937327987,0.4851190056483416,0.576811810133969
897,854586782,0.7384351655264606,0.4705422627366401,0.5698174428758852
898,1541637803,0.7395588582212785,0.4822878441570575,0.5778133704158959
899,3978839606,0.7357175434457812,0.47345935773157966,0.5745520914813573
900,1479528618,0.7388487850908233,0.48277115797379244,0.5767042044838446
901,265851521,0.7489470787135332,0.47585966034401256,0.5751273678416375
902,1611422038,0.7416481874655974,0.4685789676040546,0.5698588296643945
903,4279082754,0.7418998191397344,0.4772278336253085,0.5718288407974407
904,2967171030,0.7378689942596525,0.47822130544576513,0.5753798272515448
905,2208261404,0.7475080600770622,0.49823466273786476,0.5768366422070746
906,1421388749,0.7419013918376975,0.4687370251445764,0.5724910294135905
907,955676318,0.7365636549500668,0.4673587080809854,0.5709928276695513
908,2649700394,0.737813949830935,0.46388431284055875,0.5729380067294918
909,3154691353,0.7384210112447904,0.47941076833897295,0.5727062407138394
910,1176614556,0.7437996382794685,0.4799071803021304,0.5733767066876911
911,46751082,0.7413871196036801,0.4710032906452597,0.5695608447871271
912,85817147,0.7412471494849414,0.47381485127542544,0.5733270425414799
913,2907002903,0.7351403632932295,0.4660629702686768,0.5716550162857013
914,2565056756,0.7369521113470158,0.467790435644787,0.5748086895701154
915,3396775846,0.7366737438075017,0.46427002605310763,0.5720274973822856
916,2777351848,0.7355303923881418,0.4740005670934633,0.574899740504836
917,1888225508,0.7375465911771645,0.47717993100528955,0.5739975085153317
918,576191262,0.744291892741999,0.47513681222288073,0.5714977464893657
919,1206873866,0.7378768577494692,0.4646258165466433,0.5742706613194936
920,2074248369,0.7366501533380514,0.4694048620680948,0.5731946048182499
921,3347328723,0.7325296846740583,0.47350778692633283,0.5772670648075722
922,4021124363,0.7367224974443659,0.476039627979816,0.577738874196579
923,3358228725,0.7372556420539436,0.47390396725575656,0.5765055478989997
924,2579837143,0.7415050719509317,0.4728269285112358,0.5734015387607968
925,2996460989,0.7394023747739247,0.46661764985543475,0.5697346692988664
926,4279001029,0.7426295509947314,0.4690788603072822,0.5709183314502344
927,2063599123,0.7403758748132421,0.47953770056214784,0.5731946048182499
928,2416860465,0.7466745301564833,0.4823381480602058,0.5789473684210527
929,3364898756,0.7348494141700087,0.463953810300909,0.5734098161184986
930,2335157247,0.7377667688920343,0.46884806155501346,0.5782686250894989
931,3302662592,0.736065109695683,0.4724215088917703,0.575098397089681
932,2338150057,0.737403475662499,0.4634724838255746,0.571083878604272
933,2598526610,0.737916175198553,0.47697846595895643,0.5718867823013538
934,421357602,0.7487158921129197,0.48216154186827265,0.5781279100085671
935,3179242112,0.7392073602264685,0.46475806047801205,0.5698671070220964
936,2455758167,0.7341589997640954,0.46979545150829005,0.5736664142072567
937,806415109,0.743761893528348,0.47412479972636123,0.5725572482752056
938,302938192,0.7383675395140363,0.472391921368583,0.5734594802647099
939,4021976077,0.7341275458048282,0.46737165229083466,0.5750156235126622
940,4089277512,0.7422772666509397,0.48288756538568856,0.5770104667188141
941,3398217194,0.7413698199260833,0.4838358242855073,0.5771015176535347
942,2929457335,0.7316143744593849,0.47015939417889163,0.5739230122960148
943,2048559643,0.7344420853974993,0.4717850230147548,0.5724910294135906
944,3971518222,0.7451112683809075,0.48563185911013307,0.5739064575806111
945,520469149,0.7377007155775733,0.47005774565106684,0.5770849629381308
946,2482398594,0.7405771801525517,0.4761519160509405,0.5759095781444648
947,780013359,0.7317920893292442,0.46596383927900364,0.5642053943540143
948,624520050,0.7427569395297633,0.4751278602209504,0.5717626219358256
949,1774348633,0.7306566013997012,0.45187205658294405,0.5660264130484267
950,3249528744,0.733610128174884,0.47030330984083946,0.5716964030742107
951,2208479287,0.7411150428560195,0.4767951847357722,0.575098397089681
952,3781440195,0.7349878115907839,0.461082500928144,0.5692463051944558
953,265220922,0.7438955728552332,0.4806346824137129,0.5771511817997459
954,3407800919,0.7401037980655816,0.4783841190107428,0.5772339553767646
955,4170562625,0.7456931666273492,0.4851058554613603,0.5781775741547783
956,2806701067,0.7466336400094362,0.47817878728563984,0.5794771193139726
957,3400035777,0.747696783832665,0.47675957699967797,0.5747838574970098
958,828565585,0.742694031611229,0.47816758004779686,0.5752060027398054
959,1681372248,0.741536525910199,0.4695828838371751,0.5721019936016025
960,3492390792,0.7346622631123693,0.4621989268057851,0.5740306179461392
961,3270618539,0.7392340960918458,0.4688408881719841,0.5715474106355769
962,2512866757,0.7344593850750962,0.4703514135808671,0.5729545614448955
963,123462896,0.7374019029645357,0.4746402202304456,0.5741299462385617
964,407177533,0.7381143351419358,0.48965911541427976,0.5805614531729182
965,3990300813,0.7426893135173391,0.47100250160466317,0.5742706613194936
966,3887157684,0.7383329401588425,0.4718171422946244,0.574502427335146
967,2137315722,0.7363953762679877,0.4729124091203089,0.5732359916067593
968,1655734477,0.7358229142093261,0.47521700764766306,0.573587779309089
969,3632220555,0.737977510419124,0.47239045689096126,0.5751232291627867
970,3556459918,0.7393158763859401,0.4701272977481818,0.5701154277531526
971,3722788665,0.7398270032240308,0.47871285300779054,0.5767704233454597
972,3463800474,0.741880946764174,0.47997118563662067,0.5735919179879398
973,2573891217,0.7358244869072894,0.46681600674689877,0.5771842912305534
974,3884541202,0.7426987497051191,0.48626707518841594,0.5731449406720387
975,3920019800,0.7380325548478415,0.4812658024437226,0.5783762307396233
976,2912938683,0.740251631674137,0.48040779501134356,0.5783596760242196
977,586999737,0.7382448690728945,0.46599311943152527,0.5690807580404184
978,4120858110,0.7424471180309822,0.4993697603987188,0.58136435687
979,2015653597,0.7401305339309585,0.47820978429138666,0.5780492751103993
980,2574978486,0.731746481088307,0.4646002886247037,0.5753384404630354
981,1387308715,0.7412455767869781,0.46460506148841524,0.5690973127558221
982,618096502,0.7383337265078244,0.46719126875795464,0.5745686461967611
983,4250957542,0.7272627191947786,0.4662901891542077,0.5749245725779417
984,2566181886,0.7342376346622631,0.46828189882964477,0.5749576820087492
985,896424654,0.7428497287096013,0.4716482675437977,0.5718371181551425
986,3826226988,0.7441723676967837,0.48044780439082185,0.5752225574552091
987,1487110206,0.7412691672564283,0.47860865508655837,0.5761578988755209
988,1607591973,0.7347833608555476,0.4609313863757567,0.5652483414244505
989,1588674338,0.7453251553039237,0.48035702690001997,0.5757523083481291
990,3012920591,0.7322151450813872,0.4538195733266485,0.5693125240560708
991,3661058152,0.7383879845875599,0.46660583944610146,0.574245829246388
992,1495800669,0.7414909176692616,0.47791441181307276,0.573120108598933
993,354189656,0.7399528190610993,0.4794588170323111,0.5766048761914222
994,3219418813,0.7375308641975309,0.4715078525867906,0.5718867823013538
995,3063342605,0.7355697098372258,0.4729982028957812,0.5755122649747747
996,618529728,0.73218840921601,0.4840802847196321,0.5802469135802469
997,2324316651,0.7432067311472832,0.4707121188203317,0.5709017767348307
998,447677812,0.7370464732248172,0.4923877301661242,0.5844352565773954
999,4085666369,0.7376378076590391,0.47546838612790243,0.576878028995584
1000,1994208040,0.7381001808602659,0.4704085881087423,0.5736167500610455
