library,mapping_status,alpha,candidate_order,candidate,trigger_threshold,regular_quantile_threshold,regular_quantile_index_zero_based,plus_one_threshold,plus_one_index_zero_based,plus_one_attainable,plus_one_minus_regular_threshold,candidate_minus_trigger_gap,absolute_gap,exact_coincidence,candidate_threshold_tie_count,candidate_threshold_tie_mass,candidate_lower_spacing,candidate_upper_spacing,trigger_lower_spacing,trigger_upper_spacing,gap_in_local_score_spacings,regularity_classification
high_dependency_linear_20,historical_surrogate_20_candidate,0.2,1,logreg_l2_c003,0.5118555555555555,0.5255222222222222,7999,0.5255333333333334,8000,True,1.1111111111183902e-05,0.013666666666666716,0.013666666666666716,False,3,0.0003,1.111111111107288e-05,1.1111111111183902e-05,1.111111111107288e-05,1.1102230246251565e-16,123098389814794.0,empirically_separated
high_dependency_linear_20,historical_surrogate_20_candidate,0.2,2,logreg_l2_c01,0.5118555555555555,0.5256222222222222,7999,0.5256666666666666,8000,True,4.444444444440254e-05,0.013766666666666705,0.013766666666666705,False,1,0.0001,2.222222222214576e-05,4.444444444440254e-05,1.111111111107288e-05,1.1102230246251565e-16,123999109740268.0,empirically_separated
high_dependency_linear_20,historical_surrogate_20_candidate,0.2,3,logreg_l2_c1,0.5118555555555555,0.5254888888888889,7999,0.5255111111111112,8000,True,2.2222222222256782e-05,0.013633333333333386,0.013633333333333386,False,1,0.0001,1.1111111111183902e-05,2.2222222222256782e-05,1.111111111107288e-05,1.1102230246251565e-16,122798149839636.0,empirically_separated
high_dependency_linear_20,historical_surrogate_20_candidate,0.2,4,logreg_l2_c10,0.5118555555555555,0.5255333333333333,7999,0.5255333333333334,8000,True,1.1102230246251565e-16,0.013677777777777789,0.013677777777777789,False,2,0.0002,1.111111111107288e-05,1.1102230246251565e-16,1.111111111107288e-05,1.1102230246251565e-16,123198469806513.0,empirically_separated
high_dependency_linear_20,historical_surrogate_20_candidate,0.2,5,logreg_l1_c01,0.5118555555555555,0.5253388888888889,7999,0.5253444444444444,8000,True,5.555555555480929e-06,0.013483333333333403,0.013483333333333403,False,1,0.0001,5.555555555480929e-06,5.555555555480929e-06,1.111111111107288e-05,1.1102230246251565e-16,121447069951425.0,empirically_separated
high_dependency_linear_20,historical_surrogate_20_candidate,0.2,6,elastic_net_logreg,0.5118555555555555,0.5256111111111111,7999,0.5256111111111111,8000,True,0.0,0.013755555555555632,0.013755555555555632,False,2,0.0002,1.1111111111183902e-05,1.111111111107288e-05,1.111111111107288e-05,1.1102230246251565e-16,123899029748549.0,empirically_separated
high_dependency_linear_20,historical_surrogate_20_candidate,0.2,7,linear_svm_c1,0.5118555555555555,0.5256,7999,0.5256111111111111,8000,True,1.1111111111183902e-05,0.013744444444444448,0.013744444444444448,False,1,0.0001,1.111111111107288e-05,1.1111111111183902e-05,1.111111111107288e-05,1.1102230246251565e-16,123798949756829.0,empirically_separated
high_dependency_linear_20,historical_surrogate_20_candidate,0.1,1,logreg_l2_c003,0.5118555555555555,0.5385,8999,0.5385444444444445,9000,True,4.4444444444513564e-05,0.02664444444444447,0.02664444444444447,False,1,0.0001,1.111111111107288e-05,4.4444444444513564e-05,1.111111111107288e-05,1.1102230246251565e-16,239991820142988.0,empirically_separated
high_dependency_linear_20,historical_surrogate_20_candidate,0.1,2,logreg_l2_c01,0.5118555555555555,0.5385444444444445,8999,0.5385555555555556,9000,True,1.111111111107288e-05,0.026688888888888984,0.026688888888888984,False,1,0.0001,1.1111111111183902e-05,1.111111111107288e-05,1.111111111107288e-05,1.1102230246251565e-16,240392140109866.0,empirically_separated
high_dependency_linear_20,historical_surrogate_20_candidate,0.1,3,logreg_l2_c1,0.5118555555555555,0.5385333333333333,8999,0.5385555555555556,9000,True,2.2222222222256782e-05,0.0266777777777778,0.0266777777777778,False,1,0.0001,2.222222222214576e-05,2.2222222222256782e-05,1.111111111107288e-05,1.1102230246251565e-16,240292060118146.0,empirically_separated
high_dependency_linear_20,historical_surrogate_20_candidate,0.1,4,logreg_l2_c10,0.5118555555555555,0.5385111111111112,8999,0.5385111111111112,9000,True,0.0,0.026655555555555654,0.026655555555555654,False,3,0.0003,8.88888888889161e-05,4.444444444429152e-05,1.111111111107288e-05,1.1102230246251565e-16,240091900134708.0,empirically_separated
high_dependency_linear_20,historical_surrogate_20_candidate,0.1,5,logreg_l1_c01,0.5118555555555555,0.5381111111111112,8999,0.5381222222222222,9000,True,1.1111111110961858e-05,0.0262555555555557,0.0262555555555557,False,1,0.0001,1.1102230246251565e-16,1.1111111110961858e-05,1.111111111107288e-05,1.1102230246251565e-16,236489020432812.0,empirically_separated
high_dependency_linear_20,historical_surrogate_20_candidate,0.1,6,elastic_net_logreg,0.5118555555555555,0.5385222222222222,8999,0.5385333333333334,9000,True,1.1111111111183902e-05,0.026666666666666727,0.026666666666666727,False,1,0.0001,4.4444444444513564e-05,1.1111111111183902e-05,1.111111111107288e-05,1.1102230246251565e-16,240191980126427.0,empirically_separated
high_dependency_linear_20,historical_surrogate_20_candidate,0.1,7,linear_svm_c1,0.5118555555555555,0.5383444444444445,8999,0.5383666666666667,9000,True,2.222222222214576e-05,0.026488888888889006,0.026488888888889006,False,2,0.0002,2.222222222214576e-05,2.222222222214576e-05,1.111111111107288e-05,1.1102230246251565e-16,238590700258918.0,empirically_separated
high_dependency_linear_20,historical_surrogate_20_candidate,0.05,1,logreg_l2_c003,0.5118555555555555,0.5500222222222222,9499,0.5500222222222222,9500,True,0.0,0.03816666666666668,0.03816666666666668,False,2,0.0002,5.5555555555586444e-05,1.1102230246251565e-16,1.111111111107288e-05,1.1102230246251565e-16,343774771555948.0,empirically_separated
high_dependency_linear_20,historical_surrogate_20_candidate,0.05,2,logreg_l2_c01,0.5118555555555555,0.5498888888888889,9499,0.5499,9500,True,1.1111111111183902e-05,0.03803333333333336,0.03803333333333336,False,2,0.0002,2.222222222214576e-05,1.1111111111183902e-05,1.111111111107288e-05,1.1102230246251565e-16,342573811655316.0,empirically_separated
high_dependency_linear_20,historical_surrogate_20_candidate,0.05,3,logreg_l2_c1,0.5118555555555555,0.5496222222222222,9499,0.5496444444444444,9500,True,2.222222222214576e-05,0.037766666666666726,0.037766666666666726,False,1,0.0001,1.111111111107288e-05,2.222222222214576e-05,1.111111111107288e-05,1.1102230246251565e-16,340171891854052.0,empirically_separated
high_dependency_linear_20,historical_surrogate_20_candidate,0.05,4,logreg_l2_c10,0.5118555555555555,0.5498333333333333,9499,0.5498888888888889,9500,True,5.5555555555586444e-05,0.03797777777777778,0.03797777777777778,False,1,0.0001,5.555555555547542e-05,5.5555555555586444e-05,1.111111111107288e-05,1.1102230246251565e-16,342073411696719.0,empirically_separated
high_dependency_linear_20,historical_surrogate_20_candidate,0.05,5,logreg_l1_c01,0.5118555555555555,0.5492,9499,0.5492222222222222,9500,True,2.222222222214576e-05,0.03734444444444451,0.03734444444444451,False,1,0.0001,1.1111111111183902e-05,2.222222222214576e-05,1.111111111107288e-05,1.1102230246251565e-16,336368852168717.0,empirically_separated
high_dependency_linear_20,historical_surrogate_20_candidate,0.05,6,elastic_net_logreg,0.5118555555555555,0.5493222222222223,9499,0.5495444444444444,9500,True,0.00022222222222212373,0.03746666666666676,0.03746666666666676,False,1,0.0001,1.1111111111183902e-05,0.00022222222222212373,1.111111111107288e-05,1.1102230246251565e-16,337469732077630.0,empirically_separated
high_dependency_linear_20,historical_surrogate_20_candidate,0.05,7,linear_svm_c1,0.5118555555555555,0.5495222222222221,9499,0.5495333333333333,9500,True,1.1111111111183902e-05,0.037666666666666626,0.037666666666666626,False,1,0.0001,4.444444444440254e-05,1.1111111111183902e-05,1.111111111107288e-05,1.1102230246251565e-16,339271171928577.0,empirically_separated
high_dependency_linear_20,historical_surrogate_20_candidate,0.025,1,logreg_l2_c003,0.5118555555555555,0.5595555555555556,9749,0.5596333333333333,9750,True,7.77777777777322e-05,0.047700000000000076,0.047700000000000076,False,1,0.0001,2.2222222222256782e-05,7.77777777777322e-05,1.111111111107288e-05,1.1102230246251565e-16,429643404451146.0,empirically_separated
high_dependency_linear_20,historical_surrogate_20_candidate,0.025,2,logreg_l2_c01,0.5118555555555555,0.5597333333333333,9749,0.5597666666666666,9750,True,3.333333333332966e-05,0.0478777777777778,0.0478777777777778,False,1,0.0001,6.666666666665932e-05,3.333333333332966e-05,1.111111111107288e-05,1.1102230246251565e-16,431244684318655.0,empirically_separated
high_dependency_linear_20,historical_surrogate_20_candidate,0.025,3,logreg_l2_c1,0.5118555555555555,0.5598555555555556,9749,0.5599999999999999,9750,True,0.00014444444444439153,0.04800000000000004,0.04800000000000004,False,1,0.0001,0.00012222222222224577,0.00014444444444439153,1.111111111107288e-05,1.1102230246251565e-16,432345564227568.0,empirically_separated
high_dependency_linear_20,historical_surrogate_20_candidate,0.025,4,logreg_l2_c10,0.5118555555555555,0.5598222222222222,9749,0.5598666666666666,9750,True,4.444444444440254e-05,0.04796666666666671,0.04796666666666671,False,1,0.0001,4.4444444444513564e-05,4.444444444440254e-05,1.111111111107288e-05,1.1102230246251565e-16,432045324252410.0,empirically_separated
high_dependency_linear_20,historical_surrogate_20_candidate,0.025,5,logreg_l1_c01,0.5118555555555555,0.5594444444444445,9749,0.5594666666666667,9750,True,2.222222222214576e-05,0.047588888888889014,0.047588888888889014,False,1,0.0001,4.444444444462459e-05,2.222222222214576e-05,1.111111111107288e-05,1.1102230246251565e-16,428642604533953.0,empirically_separated
high_dependency_linear_20,historical_surrogate_20_candidate,0.025,6,elastic_net_logreg,0.5118555555555555,0.5597777777777777,9749,0.5598666666666667,9750,True,8.888888888902713e-05,0.0479222222222222,0.0479222222222222,False,1,0.0001,9.999999999987796e-05,8.888888888902713e-05,1.111111111107288e-05,1.1102230246251565e-16,431645004285532.0,empirically_separated
high_dependency_linear_20,historical_surrogate_20_candidate,0.025,7,linear_svm_c1,0.5118555555555555,0.5596777777777778,9749,0.5596777777777778,9750,True,0.0,0.04782222222222232,0.04782222222222232,False,2,0.0002,2.2222222222256782e-05,1.111111111107288e-05,1.111111111107288e-05,1.1102230246251565e-16,430744284360059.0,empirically_separated
high_dependency_linear_20,historical_surrogate_20_candidate,0.01,1,logreg_l2_c003,0.5118555555555555,0.5701222222222222,9899,0.5702222222222223,9900,True,0.00010000000000010001,0.05826666666666669,0.05826666666666669,False,1,0.0001,5.555555555547542e-05,0.00010000000000010001,1.111111111107288e-05,1.1102230246251565e-16,524819476576242.0,empirically_separated
high_dependency_linear_20,historical_surrogate_20_candidate,0.01,2,logreg_l2_c01,0.5118555555555555,0.5702333333333334,9899,0.5702444444444444,9900,True,1.111111111107288e-05,0.05837777777777786,0.05837777777777786,False,1,0.0001,1.1111111111183902e-05,1.111111111107288e-05,1.111111111107288e-05,1.1102230246251565e-16,525820276493436.0,empirically_separated
high_dependency_linear_20,historical_surrogate_20_candidate,0.01,3,logreg_l2_c1,0.5118555555555555,0.5700666666666667,9899,0.5701,9900,True,3.333333333332966e-05,0.05821111111111121,0.05821111111111121,False,1,0.0001,0.00016666666666675933,3.333333333332966e-05,1.111111111107288e-05,1.1102230246251565e-16,524319076617646.0,empirically_separated
high_dependency_linear_20,historical_surrogate_20_candidate,0.01,4,logreg_l2_c10,0.5118555555555555,0.5698444444444445,9899,0.5701111111111111,9900,True,0.0002666666666666373,0.05798888888888898,0.05798888888888898,False,1,0.0001,8.88888888889161e-05,0.0002666666666666373,1.111111111107288e-05,1.1102230246251565e-16,522317476783259.0,empirically_separated
high_dependency_linear_20,historical_surrogate_20_candidate,0.01,5,logreg_l1_c01,0.5118555555555555,0.5692,9899,0.5693,9900,True,9.999999999998899e-05,0.05734444444444453,0.05734444444444453,False,1,0.0001,0.00012222222222224577,9.999999999998899e-05,1.111111111107288e-05,1.1102230246251565e-16,516512837263537.0,empirically_separated
high_dependency_linear_20,historical_surrogate_20_candidate,0.01,6,elastic_net_logreg,0.5118555555555555,0.5696444444444444,9899,0.5696666666666665,9900,True,2.222222222214576e-05,0.05778888888888889,0.05778888888888889,False,1,0.0001,4.444444444440254e-05,2.222222222214576e-05,1.111111111107288e-05,1.1102230246251565e-16,520516036932310.0,empirically_separated
high_dependency_linear_20,historical_surrogate_20_candidate,0.01,7,linear_svm_c1,0.5118555555555555,0.5699222222222222,9899,0.5700111111111111,9900,True,8.88888888889161e-05,0.05806666666666671,0.05806666666666671,False,1,0.0001,0.00022222222222223476,8.88888888889161e-05,1.111111111107288e-05,1.1102230246251565e-16,523018036725294.0,empirically_separated
high_dependency_linear_20,historical_surrogate_20_candidate,0.005,1,logreg_l2_c003,0.5118555555555555,0.5766666666666667,9949,0.5766777777777777,9950,True,1.111111111107288e-05,0.06481111111111115,0.06481111111111115,False,1,0.0001,0.00018888888888879407,1.111111111107288e-05,1.111111111107288e-05,1.1102230246251565e-16,583766591698936.0,empirically_separated
high_dependency_linear_20,historical_surrogate_20_candidate,0.005,2,logreg_l2_c01,0.5118555555555555,0.5768666666666666,9949,0.5769888888888889,9950,True,0.00012222222222224577,0.06501111111111113,0.06501111111111113,False,1,0.0001,0.0002555555555555644,0.00012222222222224577,1.111111111107288e-05,1.1102230246251565e-16,585568031549884.0,empirically_separated
high_dependency_linear_20,historical_surrogate_20_candidate,0.005,3,logreg_l2_c1,0.5118555555555555,0.5763111111111111,9949,0.5765,9950,True,0.0001888888888889051,0.0644555555555556,0.0644555555555556,False,1,0.0001,0.00021111111111105085,0.0001888888888889051,1.111111111107288e-05,1.1102230246251565e-16,580564031963917.0,empirically_separated
high_dependency_linear_20,historical_surrogate_20_candidate,0.005,4,logreg_l2_c10,0.5118555555555555,0.5762111111111111,9949,0.5762555555555555,9950,True,4.444444444440254e-05,0.06435555555555561,0.06435555555555561,False,1,0.0001,1.1102230246251565e-16,4.444444444440254e-05,1.111111111107288e-05,1.1102230246251565e-16,579663312038443.0,empirically_separated
high_dependency_linear_20,historical_surrogate_20_candidate,0.005,5,logreg_l1_c01,0.5118555555555555,0.5758222222222222,9949,0.5760222222222222,9950,True,0.00019999999999997797,0.06396666666666673,0.06396666666666673,False,1,0.0001,0.0002555555555555644,0.00019999999999997797,1.111111111107288e-05,1.1102230246251565e-16,576160512328266.0,empirically_separated
high_dependency_linear_20,historical_surrogate_20_candidate,0.005,6,elastic_net_logreg,0.5118555555555555,0.5759666666666666,9949,0.5759777777777777,9950,True,1.111111111107288e-05,0.06411111111111112,0.06411111111111112,False,1,0.0001,4.444444444440254e-05,1.111111111107288e-05,1.111111111107288e-05,1.1102230246251565e-16,577461552220617.0,empirically_separated
high_dependency_linear_20,historical_surrogate_20_candidate,0.005,7,linear_svm_c1,0.5118555555555555,0.5753666666666667,9949,0.5761555555555555,9950,True,0.000788888888888839,0.06351111111111118,0.06351111111111118,False,1,0.0001,9.999999999998899e-05,0.000788888888888839,1.111111111107288e-05,1.1102230246251565e-16,572057232667773.0,empirically_separated
mixed_realistic_20,historical_surrogate_20_candidate,0.2,1,logistic_regression,0.5283444444444445,0.5254888888888889,7999,0.5255111111111112,8000,True,2.2222222222256782e-05,-0.002855555555555611,0.002855555555555611,False,1,0.0001,1.1111111111183902e-05,2.2222222222256782e-05,1.1102230246251565e-16,5.555555555480929e-06,25720557871872.0,empirically_separated
mixed_realistic_20,historical_surrogate_20_candidate,0.2,2,linear_svm,0.5283444444444445,0.5256,7999,0.5256111111111111,8000,True,1.1111111111183902e-05,-0.0027444444444445493,0.0027444444444445493,False,1,0.0001,1.111111111107288e-05,1.1111111111183902e-05,1.1102230246251565e-16,5.555555555480929e-06,24719757954679.0,empirically_separated
mixed_realistic_20,historical_surrogate_20_candidate,0.2,3,rbf_svm,0.5283444444444445,0.5258222222222223,7999,0.5258333333333334,8000,True,1.111111111107288e-05,-0.0025222222222222035,0.0025222222222222035,False,1,0.0001,1.1102230246251565e-16,1.111111111107288e-05,1.1102230246251565e-16,5.555555555480929e-06,22718158120291.0,empirically_separated
mixed_realistic_20,historical_surrogate_20_candidate,0.2,4,gaussian_nb,0.5283444444444445,0.5261666666666667,7999,0.5261777777777777,8000,True,1.111111111107288e-05,-0.002177777777777834,0.002177777777777834,False,2,0.0002,1.111111111107288e-05,1.111111111107288e-05,1.1102230246251565e-16,5.555555555480929e-06,19615678376992.0,empirically_separated
mixed_realistic_20,historical_surrogate_20_candidate,0.2,5,decision_tree,0.5283444444444445,0.5185055555555557,7999,0.5185222222222222,8000,True,1.666666666655381e-05,-0.009838888888888841,0.009838888888888841,False,1,0.0001,1.1102230246251565e-16,1.666666666655381e-05,1.1102230246251565e-16,5.555555555480929e-06,88620832667479.0,empirically_separated
mixed_realistic_20,historical_surrogate_20_candidate,0.2,6,random_forest,0.5283444444444445,0.52565,7999,0.5256555555555555,8000,True,5.555555555591951e-06,-0.0026944444444445548,0.0026944444444445548,False,1,0.0001,1.111111111107288e-05,5.555555555591951e-06,1.1102230246251565e-16,5.555555555480929e-06,24269397991942.0,empirically_separated
mixed_realistic_20,historical_surrogate_20_candidate,0.2,7,hist_gradient_boosting,0.5283444444444445,0.5254000000000001,7999,0.5254222222222222,8000,True,2.222222222214576e-05,-0.0029444444444444162,0.0029444444444444162,False,1,0.0001,1.1111111111183902e-05,2.222222222214576e-05,1.1102230246251565e-16,5.555555555480929e-06,26521197805626.0,empirically_separated
mixed_realistic_20,historical_surrogate_20_candidate,0.1,1,logistic_regression,0.5283444444444445,0.5385333333333333,8999,0.5385555555555556,9000,True,2.2222222222256782e-05,0.010188888888888803,0.010188888888888803,False,1,0.0001,2.222222222214576e-05,2.2222222222256782e-05,1.1102230246251565e-16,5.555555555480929e-06,91773352406638.0,empirically_separated
mixed_realistic_20,historical_surrogate_20_candidate,0.1,2,linear_svm,0.5283444444444445,0.5383444444444445,8999,0.5383666666666667,9000,True,2.222222222214576e-05,0.010000000000000009,0.010000000000000009,False,2,0.0002,2.222222222214576e-05,2.222222222214576e-05,1.1102230246251565e-16,5.555555555480929e-06,90071992547410.0,empirically_separated
mixed_realistic_20,historical_surrogate_20_candidate,0.1,3,rbf_svm,0.5283444444444445,0.5393777777777777,8999,0.5393888888888889,9000,True,1.1111111111183902e-05,0.011033333333333228,0.011033333333333228,False,1,0.0001,1.1111111110961858e-05,1.1111111111183902e-05,1.1102230246251565e-16,5.555555555480929e-06,99379431777308.0,empirically_separated
mixed_realistic_20,historical_surrogate_20_candidate,0.1,4,gaussian_nb,0.5283444444444445,0.5393555555555556,8999,0.5393555555555556,9000,True,0.0,0.011011111111111083,0.011011111111111083,False,2,0.0002,5.5555555555586444e-05,8.888888888880508e-05,1.1102230246251565e-16,5.555555555480929e-06,99179271793870.0,empirically_separated
mixed_realistic_20,historical_surrogate_20_candidate,0.1,5,decision_tree,0.5283444444444445,0.5287944444444445,8999,0.5288166666666667,9000,True,2.2222222222256782e-05,0.00044999999999995044,0.00044999999999995044,False,1,0.0001,1.111111111107288e-05,2.2222222222256782e-05,1.1102230246251565e-16,5.555555555480929e-06,4053239664633.0,empirically_separated
mixed_realistic_20,historical_surrogate_20_candidate,0.1,6,random_forest,0.5283444444444445,0.5385444444444445,8999,0.5385500000000001,9000,True,5.555555555591951e-06,0.010199999999999987,0.010199999999999987,False,1,0.0001,2.2222222222256782e-05,5.555555555591951e-06,1.1102230246251565e-16,5.555555555480929e-06,91873432398358.0,empirically_separated
mixed_realistic_20,historical_surrogate_20_candidate,0.1,7,hist_gradient_boosting,0.5283444444444445,0.5390666666666667,8999,0.5390777777777778,9000,True,1.111111111107288e-05,0.010722222222222189,0.010722222222222189,False,1,0.0001,2.2222222222256782e-05,1.111111111107288e-05,1.1102230246251565e-16,5.555555555480929e-06,96577192009167.0,empirically_separated
mixed_realistic_20,historical_surrogate_20_candidate,0.05,1,logistic_regression,0.5283444444444445,0.5496222222222222,9499,0.5496444444444444,9500,True,2.222222222214576e-05,0.02127777777777773,0.02127777777777773,False,1,0.0001,1.111111111107288e-05,2.222222222214576e-05,1.1102230246251565e-16,5.555555555480929e-06,191653184142544.0,empirically_separated
mixed_realistic_20,historical_surrogate_20_candidate,0.05,2,linear_svm,0.5283444444444445,0.5495222222222221,9499,0.5495333333333333,9500,True,1.1111111111183902e-05,0.02117777777777763,0.02117777777777763,False,1,0.0001,4.444444444440254e-05,1.1111111111183902e-05,1.1102230246251565e-16,5.555555555480929e-06,190752464217069.0,empirically_separated
mixed_realistic_20,historical_surrogate_20_candidate,0.05,3,rbf_svm,0.5283444444444445,0.5501333333333334,9499,0.5501444444444444,9500,True,1.111111111107288e-05,0.021788888888888858,0.021788888888888858,False,1,0.0001,3.333333333332966e-05,1.111111111107288e-05,1.1102230246251565e-16,5.555555555480929e-06,196256863761634.0,empirically_separated
mixed_realistic_20,historical_surrogate_20_candidate,0.05,4,gaussian_nb,0.5283444444444445,0.5504888888888888,9499,0.5504888888888889,9500,True,1.1102230246251565e-16,0.0221444444444443,0.0221444444444443,False,1,0.0001,1.1111111110961858e-05,1.1102230246251565e-16,1.1102230246251565e-16,5.555555555480929e-06,199459423496652.0,empirically_separated
mixed_realistic_20,historical_surrogate_20_candidate,0.05,5,decision_tree,0.5283444444444445,0.5374777777777778,9499,0.5374777777777778,9500,True,0.0,0.009133333333333327,0.009133333333333327,False,2,0.0002,1.1102230246251565e-16,2.222222222214576e-05,1.1102230246251565e-16,5.555555555480929e-06,82265753193301.0,empirically_separated
mixed_realistic_20,historical_surrogate_20_candidate,0.05,6,random_forest,0.5283444444444445,0.5492777777777778,9499,0.5493666666666667,9500,True,8.88888888889161e-05,0.02093333333333325,0.02093333333333325,False,1,0.0001,1.1111111110961858e-05,8.88888888889161e-05,1.1102230246251565e-16,5.555555555480929e-06,188550704399244.0,empirically_separated
mixed_realistic_20,historical_surrogate_20_candidate,0.05,7,hist_gradient_boosting,0.5283444444444445,0.5511555555555556,9499,0.5512222222222223,9500,True,6.666666666665932e-05,0.022811111111111115,0.022811111111111115,False,1,0.0001,1.1102230246251565e-16,6.666666666665932e-05,1.1102230246251565e-16,5.555555555480929e-06,205464222999814.0,empirically_separated
mixed_realistic_20,historical_surrogate_20_candidate,0.025,1,logistic_regression,0.5283444444444445,0.5598555555555556,9749,0.5599999999999999,9750,True,0.00014444444444439153,0.031511111111111045,0.031511111111111045,False,1,0.0001,0.00012222222222224577,0.00014444444444439153,1.1102230246251565e-16,5.555555555480929e-06,283826856516060.0,empirically_separated
mixed_realistic_20,historical_surrogate_20_candidate,0.025,2,linear_svm,0.5283444444444445,0.5596777777777778,9749,0.5596777777777778,9750,True,0.0,0.031333333333333324,0.031333333333333324,False,2,0.0002,2.2222222222256782e-05,1.111111111107288e-05,1.1102230246251565e-16,5.555555555480929e-06,282225576648551.0,empirically_separated
mixed_realistic_20,historical_surrogate_20_candidate,0.025,3,rbf_svm,0.5283444444444445,0.5606,9749,0.5606888888888888,9750,True,8.888888888880508e-05,0.03225555555555548,0.03225555555555548,False,1,0.0001,4.4444444444513564e-05,8.888888888880508e-05,1.1102230246251565e-16,5.555555555480929e-06,290532215961256.0,empirically_separated
mixed_realistic_20,historical_surrogate_20_candidate,0.025,4,gaussian_nb,0.5283444444444445,0.5592666666666666,9749,0.5593,9750,True,3.3333333333440684e-05,0.030922222222222073,0.030922222222222073,False,1,0.0001,1.1111111110961858e-05,3.3333333333440684e-05,1.1102230246251565e-16,5.555555555480929e-06,278522616954934.0,empirically_separated
mixed_realistic_20,historical_surrogate_20_candidate,0.025,5,decision_tree,0.5283444444444445,0.5452277777777779,9749,0.5453055555555556,9750,True,7.77777777777322e-05,0.01688333333333336,0.01688333333333336,False,1,0.0001,0.00010555555555558094,7.77777777777322e-05,1.1102230246251565e-16,5.555555555480929e-06,152071547417544.0,empirically_separated
mixed_realistic_20,historical_surrogate_20_candidate,0.025,6,random_forest,0.5283444444444445,0.5593277777777778,9749,0.5593888888888889,9750,True,6.11111111111784e-05,0.03098333333333325,0.03098333333333325,False,1,0.0001,8.333333333332416e-05,6.11111111111784e-05,1.1102230246251565e-16,5.555555555480929e-06,279073056909391.0,empirically_separated
mixed_realistic_20,historical_surrogate_20_candidate,0.025,7,hist_gradient_boosting,0.5283444444444445,0.5602666666666666,9749,0.5604333333333333,9750,True,0.00016666666666675933,0.031922222222222074,0.031922222222222074,False,2,0.0002,6.66666666665483e-05,0.00016666666666675933,1.1102230246251565e-16,5.555555555480929e-06,287529816209675.0,empirically_separated
mixed_realistic_20,historical_surrogate_20_candidate,0.01,1,logistic_regression,0.5283444444444445,0.5700666666666667,9899,0.5701,9900,True,3.333333333332966e-05,0.041722222222222216,0.041722222222222216,False,1,0.0001,0.00016666666666675933,3.333333333332966e-05,1.1102230246251565e-16,5.555555555480929e-06,375800368906138.0,empirically_separated
mixed_realistic_20,historical_surrogate_20_candidate,0.01,2,linear_svm,0.5283444444444445,0.5699222222222222,9899,0.5700111111111111,9900,True,8.88888888889161e-05,0.041577777777777714,0.041577777777777714,False,1,0.0001,0.00022222222222223476,8.88888888889161e-05,1.1102230246251565e-16,5.555555555480929e-06,374499329013786.0,empirically_separated
mixed_realistic_20,historical_surrogate_20_candidate,0.01,3,rbf_svm,0.5283444444444445,0.5719777777777778,9899,0.5720555555555555,9900,True,7.77777777777322e-05,0.0436333333333333,0.0436333333333333,False,1,0.0001,5.5555555555586444e-05,7.77777777777322e-05,1.1102230246251565e-16,5.555555555480929e-06,393014127481865.0,empirically_separated
mixed_realistic_20,historical_surrogate_20_candidate,0.01,4,gaussian_nb,0.5283444444444445,0.5708222222222222,9899,0.5710222222222223,9900,True,0.000200000000000089,0.042477777777777725,0.042477777777777725,False,1,0.0001,0.00015555555555557543,0.000200000000000089,1.1102230246251565e-16,5.555555555480929e-06,382605808343053.0,empirically_separated
mixed_realistic_20,historical_surrogate_20_candidate,0.01,5,decision_tree,0.5283444444444445,0.5542277777777779,9899,0.5542666666666667,9900,True,3.888888888881059e-05,0.02588333333333337,0.02588333333333337,False,1,0.0001,1.6666666666775853e-05,3.888888888881059e-05,1.1102230246251565e-16,5.555555555480929e-06,233136340710213.0,empirically_separated
mixed_realistic_20,historical_surrogate_20_candidate,0.01,6,random_forest,0.5283444444444445,0.5701055555555555,9899,0.5701277777777778,9900,True,2.2222222222256782e-05,0.04176111111111103,0.04176111111111103,False,1,0.0001,5.555555555480929e-06,2.2222222222256782e-05,1.1102230246251565e-16,5.555555555480929e-06,376150648877155.0,empirically_separated
mixed_realistic_20,historical_surrogate_20_candidate,0.01,7,hist_gradient_boosting,0.5283444444444445,0.5707,9899,0.5707,9900,True,0.0,0.04235555555555548,0.04235555555555548,False,2,0.0002,0.0004111111111110288,6.666666666665932e-05,1.1102230246251565e-16,5.555555555480929e-06,381504928434140.0,empirically_separated
mixed_realistic_20,historical_surrogate_20_candidate,0.005,1,logistic_regression,0.5283444444444445,0.5763111111111111,9949,0.5765,9950,True,0.0001888888888889051,0.0479666666666666,0.0479666666666666,False,1,0.0001,0.00021111111111105085,0.0001888888888889051,1.1102230246251565e-16,5.555555555480929e-06,432045324252409.0,empirically_separated
mixed_realistic_20,historical_surrogate_20_candidate,0.005,2,linear_svm,0.5283444444444445,0.5753666666666667,9949,0.5761555555555555,9950,True,0.000788888888888839,0.04702222222222219,0.04702222222222219,False,1,0.0001,9.999999999998899e-05,0.000788888888888839,1.1102230246251565e-16,5.555555555480929e-06,423538524956265.0,empirically_separated
mixed_realistic_20,historical_surrogate_20_candidate,0.005,3,rbf_svm,0.5283444444444445,0.5778888888888889,9949,0.5786,9950,True,0.0007111111111111068,0.04954444444444439,0.04954444444444439,False,1,0.0001,0.00012222222222224577,0.0007111111111111068,1.1102230246251565e-16,5.555555555480929e-06,446256683076556.0,empirically_separated
mixed_realistic_20,historical_surrogate_20_candidate,0.005,4,gaussian_nb,0.5283444444444445,0.5780888888888889,9949,0.5782666666666667,9950,True,0.0001777777777778322,0.04974444444444437,0.04974444444444437,False,1,0.0001,0.00012222222222224577,0.0001777777777778322,1.1102230246251565e-16,5.555555555480929e-06,448058122927504.0,empirically_separated
mixed_realistic_20,historical_surrogate_20_candidate,0.005,5,decision_tree,0.5283444444444445,0.5616333333333332,9949,0.5617277777777777,9950,True,9.444444444450806e-05,0.0332888888888887,0.0332888888888887,False,1,0.0001,3.888888888881059e-05,9.444444444450806e-05,1.1102230246251565e-16,5.555555555480929e-06,299839655191154.0,empirically_separated
mixed_realistic_20,historical_surrogate_20_candidate,0.005,6,random_forest,0.5283444444444445,0.5774222222222223,9949,0.5775722222222222,9950,True,0.00014999999999987246,0.049077777777777776,0.049077777777777776,False,1,0.0001,0.0001666666666666483,0.00014999999999987246,1.1102230246251565e-16,5.555555555480929e-06,442053323424344.0,empirically_separated
mixed_realistic_20,historical_surrogate_20_candidate,0.005,7,hist_gradient_boosting,0.5283444444444445,0.5783444444444444,9949,0.5784222222222223,9950,True,7.777777777784323e-05,0.04999999999999993,0.04999999999999993,False,1,0.0001,0.0001888888888889051,7.777777777784323e-05,1.1102230246251565e-16,5.555555555480929e-06,450359962737049.0,empirically_separated
