B,alpha,count_ceiling,quantile_index,plus_one_index,plus_one_attainable,index_gap,tau_quantile,tau_plus_one,tail_probability_gap
500,0.01,6,495,496,True,1,0.011976047904191617,0.00998003992015968,0.001996007984031937
500,0.05,26,475,476,True,1,0.05189620758483034,0.0499001996007984,0.0019960079840319334
500,0.1,51,450,451,True,1,0.10179640718562874,0.0998003992015968,0.0019960079840319334
1000,0.01,11,990,991,True,1,0.01098901098901099,0.00999000999000999,0.0009990009990009999
1000,0.05,51,950,951,True,1,0.05094905094905095,0.04995004995004995,0.0009990009990009999
1000,0.1,101,900,901,True,1,0.1008991008991009,0.0999000999000999,0.000999000999000993
3000,0.01,31,2970,2971,True,1,0.010329890036654448,0.009996667777407531,0.0003332222592469167
3000,0.05,151,2850,2851,True,1,0.05031656114628457,0.049983338887037654,0.0003332222592469167
3000,0.1,301,2700,2701,True,1,0.10029990003332223,0.09996667777407531,0.0003332222592469236
