cell_index,dgp,B,n,alpha,outer_repetitions,delta_pi_bridge_mean,delta_pi_bridge_mean_mcse,delta_pi_bridge_median,delta_pi_bridge_sd,delta_pi_bridge_rms,delta_pi_bridge_rms_mcse,delta_pi_bridge_mean_abs,delta_pi_bridge_maximum_abs,delta_pi_bridge_q0p01,delta_pi_bridge_q0p05,delta_pi_bridge_q0p25,delta_pi_bridge_q0p75,delta_pi_bridge_q0p95,delta_pi_bridge_q0p99,delta_tess_bridge_mean,delta_tess_bridge_mean_mcse,delta_tess_bridge_median,delta_tess_bridge_sd,delta_tess_bridge_rms,delta_tess_bridge_rms_mcse,delta_tess_bridge_mean_abs,delta_tess_bridge_maximum_abs,delta_tess_bridge_q0p01,delta_tess_bridge_q0p05,delta_tess_bridge_q0p25,delta_tess_bridge_q0p75,delta_tess_bridge_q0p95,delta_tess_bridge_q0p99,sqrt_n_delta_pi_bridge_mean,sqrt_n_delta_pi_bridge_mean_mcse,sqrt_n_delta_pi_bridge_median,sqrt_n_delta_pi_bridge_sd,sqrt_n_delta_pi_bridge_rms,sqrt_n_delta_pi_bridge_rms_mcse,sqrt_n_delta_pi_bridge_mean_abs,sqrt_n_delta_pi_bridge_maximum_abs,sqrt_n_delta_pi_bridge_q0p01,sqrt_n_delta_pi_bridge_q0p05,sqrt_n_delta_pi_bridge_q0p25,sqrt_n_delta_pi_bridge_q0p75,sqrt_n_delta_pi_bridge_q0p95,sqrt_n_delta_pi_bridge_q0p99,sqrt_n_delta_tess_bridge_mean,sqrt_n_delta_tess_bridge_mean_mcse,sqrt_n_delta_tess_bridge_median,sqrt_n_delta_tess_bridge_sd,sqrt_n_delta_tess_bridge_rms,sqrt_n_delta_tess_bridge_rms_mcse,sqrt_n_delta_tess_bridge_mean_abs,sqrt_n_delta_tess_bridge_maximum_abs,sqrt_n_delta_tess_bridge_q0p01,sqrt_n_delta_tess_bridge_q0p05,sqrt_n_delta_tess_bridge_q0p25,sqrt_n_delta_tess_bridge_q0p75,sqrt_n_delta_tess_bridge_q0p95,sqrt_n_delta_tess_bridge_q0p99,sqrt_B_delta_pi_bridge_mean,sqrt_B_delta_pi_bridge_mean_mcse,sqrt_B_delta_pi_bridge_median,sqrt_B_delta_pi_bridge_sd,sqrt_B_delta_pi_bridge_rms,sqrt_B_delta_pi_bridge_rms_mcse,sqrt_B_delta_pi_bridge_mean_abs,sqrt_B_delta_pi_bridge_maximum_abs,sqrt_B_delta_pi_bridge_q0p01,sqrt_B_delta_pi_bridge_q0p05,sqrt_B_delta_pi_bridge_q0p25,sqrt_B_delta_pi_bridge_q0p75,sqrt_B_delta_pi_bridge_q0p95,sqrt_B_delta_pi_bridge_q0p99,sqrt_B_delta_tess_bridge_mean,sqrt_B_delta_tess_bridge_mean_mcse,sqrt_B_delta_tess_bridge_median,sqrt_B_delta_tess_bridge_sd,sqrt_B_delta_tess_bridge_rms,sqrt_B_delta_tess_bridge_rms_mcse,sqrt_B_delta_tess_bridge_mean_abs,sqrt_B_delta_tess_bridge_maximum_abs,sqrt_B_delta_tess_bridge_q0p01,sqrt_B_delta_tess_bridge_q0p05,sqrt_B_delta_tess_bridge_q0p25,sqrt_B_delta_tess_bridge_q0p75,sqrt_B_delta_tess_bridge_q0p95,sqrt_B_delta_tess_bridge_q0p99,B_delta_pi_bridge_mean,B_delta_pi_bridge_mean_mcse,B_delta_pi_bridge_median,B_delta_pi_bridge_sd,B_delta_pi_bridge_rms,B_delta_pi_bridge_rms_mcse,B_delta_pi_bridge_mean_abs,B_delta_pi_bridge_maximum_abs,B_delta_pi_bridge_q0p01,B_delta_pi_bridge_q0p05,B_delta_pi_bridge_q0p25,B_delta_pi_bridge_q0p75,B_delta_pi_bridge_q0p95,B_delta_pi_bridge_q0p99,B_delta_tess_bridge_mean,B_delta_tess_bridge_mean_mcse,B_delta_tess_bridge_median,B_delta_tess_bridge_sd,B_delta_tess_bridge_rms,B_delta_tess_bridge_rms_mcse,B_delta_tess_bridge_mean_abs,B_delta_tess_bridge_maximum_abs,B_delta_tess_bridge_q0p01,B_delta_tess_bridge_q0p05,B_delta_tess_bridge_q0p25,B_delta_tess_bridge_q0p75,B_delta_tess_bridge_q0p95,B_delta_tess_bridge_q0p99,delta_pi_exact_equality_frequency,delta_pi_exact_equality_mcse,delta_pi_strict_sign_reversal_frequency,delta_pi_strict_sign_reversal_mcse,delta_pi_zero_status_change_frequency,delta_pi_zero_status_change_mcse,delta_tess_exact_equality_frequency,delta_tess_exact_equality_mcse,delta_tess_strict_sign_reversal_frequency,delta_tess_strict_sign_reversal_mcse,delta_tess_zero_status_change_frequency,delta_tess_zero_status_change_mcse,quantile_delta_pi_empirical_sd,quantile_delta_tess_empirical_sd,delta_pi_bridge_rms_to_d4_sd,delta_tess_bridge_rms_to_d4_sd,delta_pi_bridge_label,delta_tess_bridge_label
0,independent_normal,500,500,0.01,3000,-1.1333333333333281e-06,1.814667593744988e-05,0.0,0.0009939343754677508,0.0009937693521805415,2.1513586054022015e-05,0.0005888400000000003,0.0066919999999999966,-0.0029402400000000033,-0.0018084000000000036,-2.399999999999798e-05,1.6000000000000823e-05,0.0018323999999999912,0.0029280000000000018,-0.0001458519565312155,0.0018416413588429814,0.0,0.10087085150727672,0.10085414376068884,0.0021978194872489523,0.05987522665965282,0.6840846093052311,-0.2991959575784441,-0.1837478538392911,-0.003306247478613522,0.003099018595215386,0.18552377882845325,0.29619816832432966,-2.5342103744997448e-05,0.00040577200961797654,0.0,0.0222250482871969,0.022221358254316197,0.0004810584085658468,0.013166862678709767,0.14963766905428585,-0.06574576510163989,-0.04043705330510628,-0.0005366563145999044,0.0003577708763999848,0.04097370961970595,0.06547207038119389,-0.003261348894551419,0.041180352685479905,0.0,2.255540809185579,2.2551672126143654,0.04914473775762389,1.3388507697919136,15.296596887678819,-6.690224997385445,-4.108726919043507,-0.07392994112617118,0.06929616242437509,4.148437809030578,6.623192391841262,-2.5342103744997448e-05,0.00040577200961797654,0.0,0.0222250482871969,0.022221358254316197,0.0004810584085658468,0.013166862678709767,0.14963766905428585,-0.06574576510163989,-0.04043705330510628,-0.0005366563145999044,0.0003577708763999848,0.04097370961970595,0.06547207038119389,-0.003261348894551419,0.041180352685479905,0.0,2.255540809185579,2.2551672126143654,0.04914473775762389,1.3388507697919136,15.296596887678819,-6.690224997385445,-4.108726919043507,-0.07392994112617118,0.06929616242437509,4.148437809030578,6.623192391841262,-0.0005666666666666614,0.00907333796872494,0.0,0.4969671877338753,0.49688467609027076,0.010756793027011005,0.2944200000000001,3.3459999999999983,-1.4701200000000016,-0.9042000000000019,-0.01199999999999899,0.008000000000000411,0.9161999999999957,1.4640000000000009,-0.07292597826560747,0.9208206794214906,0.0,50.435425753638356,50.42707188034442,1.098909743624476,29.93761332982641,342.04230465261554,-149.59797878922205,-91.87392691964556,-1.653123739306761,1.549509297607693,92.76188941422663,148.09908416216484,0.37866666666666665,0.008855849709320617,0.085,0.005091659847240387,0.019333333333333334,0.002513931552738032,0.25466666666666665,0.007954276743898123,0.085,0.005091659847240387,0.019333333333333334,0.002513931552738032,0.002373501766216104,0.240876670491538,0.41869332743949605,0.4186961881982334,material,material
1,independent_normal,500,500,0.05,3000,6.226666666668049e-07,1.8486348669341082e-05,0.0,0.0010125390172103723,0.0010123704381302331,2.260922041088115e-05,0.0005988973333333344,0.00695599999999999,-0.002959999999999991,-0.0018719999999999987,-1.3877787807814457e-17,4.800000000000984e-05,0.001871999999999999,0.0029281199999999833,2.0934117705579512e-05,0.00039095980511826396,0.0,0.021413750434109688,0.02141019141255862,0.0004808509900432547,0.012724025906954154,0.1451808048204558,-0.06257446841463486,-0.0393256552434467,-0.0007743910047061653,0.001334647504233566,0.03929268985724114,0.061440192341634184,1.3923249939901804e-05,0.0004133673228040945,0.0,0.02264106072353222,0.022637291180704462,0.0005055575375700599,0.013391751488766868,0.15554088851488515,-0.06618761213399356,-0.04185919253879603,-3.1031676915590914e-16,0.0010733126292001192,0.04185919253879604,0.06547475366276648,0.00046810110238657465,0.008742127007145085,0.0,0.47882601623884896,0.47874643409763323,0.01075215500784792,0.28451786875417906,3.2463414860666835,-1.3992076503103705,-0.8793483838406786,-0.017315909276873452,0.02984362545466692,0.878611255396077,1.3738444662655602,1.3923249939901804e-05,0.0004133673228040945,0.0,0.02264106072353222,0.022637291180704462,0.0005055575375700599,0.013391751488766868,0.15554088851488515,-0.06618761213399356,-0.04185919253879603,-3.1031676915590914e-16,0.0010733126292001192,0.04185919253879604,0.06547475366276648,0.00046810110238657465,0.008742127007145085,0.0,0.47882601623884896,0.47874643409763323,0.01075215500784792,0.28451786875417906,3.2463414860666835,-1.3992076503103705,-0.8793483838406786,-0.017315909276873452,0.02984362545466692,0.878611255396077,1.3738444662655602,0.00031133333333340266,0.009243174334670541,0.0,0.5062695086051862,0.5061852190651165,0.011304610205440576,0.29944866666666725,3.477999999999995,-1.4799999999999953,-0.9359999999999993,-6.938893903907228e-15,0.02400000000000492,0.9359999999999995,1.4640599999999917,0.010467058852789734,0.195479902559132,0.0,10.706875217054845,10.70509570627931,0.24042549502162727,6.362012953477078,72.59040241022791,-31.287234207317432,-19.662827621723352,-0.38719550235308264,0.667323752116783,19.646344928620568,30.720096170817094,0.4066666666666667,0.008968256777636867,0.048,0.0039028194936481498,0.0023333333333333335,0.0008808875995057276,0.26,0.0080083289975708,0.048,0.0039028194936481498,0.0023333333333333335,0.0008808875995057276,0.004773109388846013,0.1008659078715551,0.21209872970772042,0.21226390427004174,small,small
2,independent_normal,500,500,0.1,3000,-4.597333333333065e-06,1.806162073449093e-05,0.0,0.000989275710138371,0.0009891215011311803,2.0295738623166137e-05,0.0006027546666666677,0.006336000000000008,-0.0024632399999999894,-0.00187240000000001,-6.399999999998074e-05,3.199999999998343e-05,0.0018563999999999933,0.002880119999999991,-5.9362761811063e-05,0.00020157935989450012,0.0,0.011040956254166992,0.011039275551664772,0.0002279633039770207,0.006780051997099054,0.07189253474636526,-0.0283253130813035,-0.02085418497525372,-0.0009262428176173287,0.0007011076199924249,0.020482654287969644,0.0318948995182615,-0.00010279949848558438,0.0004038701174614141,0.0,0.022120877363587758,0.022117429145359545,0.00045382651214967467,0.013478004084218956,0.14167726705438688,-0.055079720848965584,-0.04186813681070629,-0.0014310835055994348,0.0007155417527995623,0.04151036593430595,0.06440144103356674,-0.0013273917074166548,0.004507451515849971,0.0,0.2468832872091884,0.24684570555873928,0.005097414440680664,0.15160657156496693,1.6075659476763833,-0.6333732553375866,-0.46631375220022087,-0.02071141903863287,0.015677242978461528,0.45800607347527683,0.71319163458358,-0.00010279949848558438,0.0004038701174614141,0.0,0.022120877363587758,0.022117429145359545,0.00045382651214967467,0.013478004084218956,0.14167726705438688,-0.055079720848965584,-0.04186813681070629,-0.0014310835055994348,0.0007155417527995623,0.04151036593430595,0.06440144103356674,-0.0013273917074166548,0.004507451515849971,0.0,0.2468832872091884,0.24684570555873928,0.005097414440680664,0.15160657156496693,1.6075659476763833,-0.6333732553375866,-0.46631375220022087,-0.02071141903863287,0.015677242978461528,0.45800607347527683,0.71319163458358,-0.002298666666666527,0.009030810367245465,0.0,0.4946378550691855,0.4945607505655902,0.010147869311583069,0.3013773333333339,3.168000000000004,-1.2316199999999948,-0.936200000000005,-0.03199999999999037,0.015999999999991715,0.9281999999999967,1.4400599999999955,-0.02968138090553152,0.10078967994725006,0.0,5.520478127083496,5.519637775832386,0.11398165198851032,3.3900259985495267,35.94626737318263,-14.16265654065175,-10.42709248762686,-0.46312140880866437,0.35055380999621244,10.241327143984822,15.94744975913075,0.43766666666666665,0.009057493316872233,0.035666666666666666,0.0033859787140281686,0.0013333333333333333,0.0006662220739752263,0.261,0.008018291588611628,0.035666666666666666,0.0033859787140281686,0.0013333333333333333,0.0006662220739752263,0.006441327890512736,0.07182483986008119,0.15355863231058794,0.15369718294074725,small,small
3,independent_normal,1000,1000,0.01,3000,1.4525666666666654e-05,8.711681507593607e-06,0.0,0.0004771584475509632,0.0004772999954605768,1.015318184330932e-05,0.0002786403333333336,0.003152000000000002,-0.0014281800000000022,-0.0006380999999999981,-3.469446951953614e-18,2.499999999999898e-06,0.0009501000000000055,0.0014400599999999971,0.0014618696746678597,0.0008819947609913683,0.0,0.048308842619635,0.04832290785368737,0.0010299540244706694,0.028267480516576085,0.31941873693729095,-0.14434649728131282,-0.06554148328849337,-0.0004943028179506537,0.0010360688234301585,0.09596894883360191,0.14561359347570746,0.0004593419119905246,0.0002754875581396525,0.0,0.015089074990510362,0.01509355112843451,0.0003210718012272427,0.008811381013218714,0.09967499184850738,-0.04516301708699283,-0.020178493749534367,-1.097135458930219e-16,7.905694150420626e-05,0.030044800049259943,0.04553869567302068,0.0462283781427979,0.027891123290685535,0.0,1.5276597380466186,1.5281045198009071,0.03257000602584114,0.8938962214681347,10.100907360559955,-4.564637036762512,-2.0726036841750175,-0.015631227585636294,0.03276337294730128,3.0348046296634155,4.604706136650698,0.0004593419119905246,0.0002754875581396525,0.0,0.015089074990510362,0.01509355112843451,0.0003210718012272427,0.008811381013218714,0.09967499184850738,-0.04516301708699283,-0.020178493749534367,-1.097135458930219e-16,7.905694150420626e-05,0.030044800049259943,0.04553869567302068,0.0462283781427979,0.027891123290685535,0.0,1.5276597380466186,1.5281045198009071,0.03257000602584114,0.8938962214681347,10.100907360559955,-4.564637036762512,-2.0726036841750175,-0.015631227585636294,0.03276337294730128,3.0348046296634155,4.604706136650698,0.014525666666666657,0.008711681507593607,0.0,0.4771584475509632,0.47729999546057683,0.01015318184330932,0.2786403333333336,3.152000000000002,-1.428180000000002,-0.638099999999998,-3.469446951953614e-15,0.002499999999999898,0.9501000000000054,1.4400599999999972,1.46186967466786,0.8819947609913683,0.0,48.308842619635,48.32290785368737,1.0299540244706695,28.267480516576082,319.41873693729093,-144.34649728131285,-65.54148328849337,-0.4943028179506537,1.0360688234301585,95.96894883360191,145.61359347570746,0.39,0.008905054744357275,0.06333333333333334,0.0044468049287183795,0.0033333333333333335,0.0010523342660045845,0.25533333333333336,0.007961118477161824,0.06333333333333334,0.0044468049287183795,0.003,0.0009984988733093294,0.0016520951208765283,0.16729879567849557,0.28890588043583265,0.288841934920747,material,material
4,independent_normal,1000,1000,0.05,3000,-1.0870666666666606e-05,9.397571511770851e-06,0.0,0.0005147261902764821,0.0005147551923001847,1.331286232795583e-05,0.0003010473333333341,0.004265999999999992,-0.001554089999999993,-0.00097,-2.1999999999994246e-05,3.999999999991857e-06,0.000876199999999987,0.0014910899999999903,-0.00023477239204204234,0.00019818320432829332,0.0,0.010854941152926173,0.010855670818842911,0.0002790252320990503,0.00637598357360853,0.08965349224589891,-0.032585980408428576,-0.02040994576216052,-0.0005405157305562458,0.0003726341030351188,0.018284939436458196,0.03131343522390017,-0.0003437606635113687,0.0002971773045150774,0.0,0.016277071326148976,0.016277988450665522,0.00042098967132591915,0.009519952568532658,0.1349027649827828,-0.049144640888910546,-0.03067409330363328,-0.0006957010852368615,0.00012649110640647768,0.027707876858394927,0.04715240596300438,-0.007424154905788432,0.006267103196679473,0.0,0.3432633791034083,0.3432864531656871,0.008823552580901239,0.20162630416422803,2.8350923568528517,-1.0304591788025816,-0.6454191552892851,-0.01709260819707607,0.011783724994448382,0.5782205549744355,0.9902177667166913,-0.0003437606635113687,0.0002971773045150774,0.0,0.016277071326148976,0.016277988450665522,0.00042098967132591915,0.009519952568532658,0.1349027649827828,-0.049144640888910546,-0.03067409330363328,-0.0006957010852368615,0.00012649110640647768,0.027707876858394927,0.04715240596300438,-0.007424154905788432,0.006267103196679473,0.0,0.3432633791034083,0.3432864531656871,0.008823552580901239,0.20162630416422803,2.8350923568528517,-1.0304591788025816,-0.6454191552892851,-0.01709260819707607,0.011783724994448382,0.5782205549744355,0.9902177667166913,-0.010870666666666608,0.009397571511770852,0.0,0.5147261902764821,0.5147551923001847,0.013312862327955827,0.3010473333333341,4.265999999999992,-1.554089999999993,-0.97,-0.021999999999994246,0.003999999999991857,0.876199999999987,1.4910899999999903,-0.2347723920420423,0.19818320432829334,0.0,10.854941152926173,10.855670818842912,0.2790252320990503,6.375983573608529,89.65349224589892,-32.585980408428576,-20.40994576216052,-0.5405157305562458,0.3726341030351188,18.284939436458195,31.313435223900168,0.427,0.009030891428867916,0.032,0.0032133056706969746,0.0006666666666666666,0.00047124735975289457,0.25566666666666665,0.00796453016446926,0.032,0.0032133056706969746,0.0006666666666666666,0.00047124735975289457,0.003319874490145439,0.07001944570955324,0.15505260630429255,0.15503794280053546,small,small
5,independent_normal,1000,1000,0.1,3000,4.541333333333457e-06,9.108928932240931e-06,0.0,0.0004989165850899806,0.000498854096906099,1.022568574229384e-05,0.0003020133333333337,0.003047999999999995,-0.0014461400000000029,-0.0009460999999999761,-7.999999999987184e-06,2.8500000000000747e-05,0.0009521000000000079,0.0014849999999999865,5.242045574809695e-05,0.00010142306475155206,0.0,0.005555170041573216,0.005554491466994059,0.00011417776419947501,0.0033815107649038077,0.034329639505906284,-0.01634508839739069,-0.010536310893532875,-0.000256876189926758,0.0004224025665719999,0.010534332436958949,0.016444422002080208,0.0001436095694737839,0.00028804962470486907,0.0,0.015777127713175416,0.015775151663296287,0.0003233645758275812,0.009550500170729873,0.09638622308193205,-0.04573096215475909,-0.02991830894285228,-0.0002529822128130651,0.0009012491331480117,0.030108045602463388,0.046959823253500003,0.0016576803614805212,0.0032072789188964407,0.0,0.17566990120903628,0.17564844279671202,0.003610617930159727,0.106932759494742,1.0855985209116128,-0.5168770789254595,-0.3331874055920774,-0.008123138368345564,0.01335754199868422,0.333124841301824,0.5200182833155962,0.0001436095694737839,0.00028804962470486907,0.0,0.015777127713175416,0.015775151663296287,0.0003233645758275812,0.009550500170729873,0.09638622308193205,-0.04573096215475909,-0.02991830894285228,-0.0002529822128130651,0.0009012491331480117,0.030108045602463388,0.046959823253500003,0.0016576803614805212,0.0032072789188964407,0.0,0.17566990120903628,0.17564844279671202,0.003610617930159727,0.106932759494742,1.0855985209116128,-0.5168770789254595,-0.3331874055920774,-0.008123138368345564,0.01335754199868422,0.333124841301824,0.5200182833155962,0.004541333333333459,0.009108928932240933,0.0,0.49891658508998055,0.498854096906099,0.010225685742293841,0.30201333333333374,3.047999999999995,-1.4461400000000029,-0.9460999999999761,-0.007999999999987184,0.028500000000000747,0.9521000000000079,1.4849999999999866,0.05242045574809695,0.10142306475155206,0.0,5.555170041573216,5.554491466994059,0.11417776419947501,3.3815107649038074,34.329639505906286,-16.34508839739069,-10.536310893532875,-0.256876189926758,0.4224025665719999,10.534332436958948,16.44442200208021,0.4543333333333333,0.009090554723733046,0.028666666666666667,0.0030465767066708877,0.001,0.0005770615218501404,0.26166666666666666,0.008024903368519404,0.028666666666666667,0.0030465767066708877,0.001,0.0005770615218501404,0.004597213002235978,0.051209821235059697,0.10851228704510056,0.10846535553206142,small,small
6,independent_normal,3000,3000,0.01,3000,6.74081481481478e-06,3.1130004813201366e-06,0.0,0.00017050605851434784,0.00017061085487878294,3.5058868855391987e-06,0.00010077281481481507,0.0010246666666666685,-0.0004989066666666634,-0.0003193444444444424,-3.469446951953614e-18,5.166666666669376e-06,0.00033088888888888935,0.0005046866666666684,0.0006805322184441565,0.000314534249425775,0.0,0.01722775035184533,0.01723831704348732,0.0003541188627394546,0.010196066577269894,0.10352952195563558,-0.05048489833356512,-0.03222618341399026,-0.00011941232094170307,0.0005186836621429713,0.03346155605501898,0.050845716703111214,0.00036920963300390646,0.0001705060585143478,0.0,0.00933900144396041,0.009344741377234974,0.00019202533312713516,0.005519554385736502,0.05612330472569613,-0.027326243542304226,-0.01749121558361764,-1.9002943576525368e-16,0.00028298998804448427,0.01812353084722652,0.027642827180542492,0.03727428471508978,0.01722775035184533,0.0,0.9436027482773249,0.9441815098143771,0.01939588891604749,0.5584615662195211,5.670545454282797,-2.765171763064859,-1.7651007598141313,-0.0065404821823817315,0.02840947419650938,1.8327649060557472,2.784934599081122,0.00036920963300390646,0.0001705060585143478,0.0,0.00933900144396041,0.009344741377234974,0.00019202533312713516,0.005519554385736502,0.05612330472569613,-0.027326243542304226,-0.01749121558361764,-1.9002943576525368e-16,0.00028298998804448427,0.01812353084722652,0.027642827180542492,0.03727428471508978,0.01722775035184533,0.0,0.9436027482773249,0.9441815098143771,0.01939588891604749,0.5584615662195211,5.670545454282797,-2.765171763064859,-1.7651007598141313,-0.0065404821823817315,0.02840947419650938,1.8327649060557472,2.784934599081122,0.020222444444444345,0.009339001443960411,0.0,0.5115181755430436,0.5118325646363489,0.010517660656617595,0.3023184444444453,3.0740000000000056,-1.49671999999999,-0.9580333333333272,-1.0408340855860843e-14,0.015500000000008129,0.9926666666666679,1.5140600000000053,2.0415966553324694,0.9436027482773248,0.0,51.68325105553598,51.71495113046197,1.0623565882183637,30.588199731809684,310.5885658669068,-151.45469500069535,-96.67855024197078,-0.3582369628251092,1.556050986428914,100.38466816505694,152.53715010933362,0.37966666666666665,0.008860396697080195,0.043666666666666666,0.0037309466577482666,0.001,0.0005770615218501404,0.255,0.007957700672933107,0.043666666666666666,0.0037309466577482666,0.0013333333333333333,0.0006662220739752263,0.0009145703477042217,0.09246209675756001,0.18654754695147807,0.18643657939844263,small,small
7,independent_normal,3000,3000,0.05,3000,1.5862962962963102e-06,3.0284903731778625e-06,0.0,0.00016587724925767538,0.00016585718677010103,4.102316222540417e-06,9.712125925926078e-05,0.001169666666666666,-0.00048836666666666,-0.00032133333333332696,-2.7755575615628914e-17,2.7755575615628914e-17,0.00032111111111111923,0.00047513222222221726,3.413471205280394e-05,6.379528497616504e-05,0.0,0.003494211664391602,0.0034937960008781374,8.658223019174807e-05,0.0020509849029562315,0.02479693085270296,-0.010310218750168701,-0.006752536895534877,-5.291593348366597e-05,7.407429332756399e-05,0.006734932304187391,0.009986902979420358,8.688502643683874e-05,0.0001658772492576754,0.0,0.009085471119533589,0.009084372251833176,0.00022469311331047684,0.005319550450960461,0.0640652818095209,-0.026748943966693597,-0.01760015151449899,-1.5202354861220295e-15,1.5202354861220295e-15,0.01758797990211078,0.026024063590866574,0.001869635178526419,0.0034942116643916017,0.0,0.19138585492849514,0.1913630881002295,0.004742304055512526,0.1123370696451672,1.3581838384921225,-0.5647139382280119,-0.3698516778070358,-0.002898325042044678,0.004057216138676122,0.3688874346273679,0.5470052041444082,8.688502643683874e-05,0.0001658772492576754,0.0,0.009085471119533589,0.009084372251833176,0.00022469311331047684,0.005319550450960461,0.0640652818095209,-0.026748943966693597,-0.01760015151449899,-1.5202354861220295e-15,1.5202354861220295e-15,0.01758797990211078,0.026024063590866574,0.001869635178526419,0.0034942116643916017,0.0,0.19138585492849514,0.1913630881002295,0.004742304055512526,0.1123370696451672,1.3581838384921225,-0.5647139382280119,-0.3698516778070358,-0.002898325042044678,0.004057216138676122,0.3688874346273679,0.5470052041444082,0.00475888888888893,0.009085471119533587,0.0,0.49763174777302616,0.49757156031030314,0.012306948667621246,0.29136377777778233,3.508999999999998,-1.46509999999998,-0.9639999999999809,-8.326672684688674e-14,8.326672684688674e-14,0.9633333333333577,1.425396666666652,0.10240413615841185,0.19138585492849514,0.0,10.482634993174806,10.481388002634413,0.25974669057524413,6.152954708868694,74.39079255810887,-30.9306562505061,-20.257610686604632,-0.1587478004509979,0.22222287998269197,20.204796912562173,29.960708938261075,0.39566666666666667,0.008927757380879694,0.023,0.002736847334677865,0.0003333333333333333,0.0003332777731473764,0.25933333333333336,0.00800165723575551,0.023,0.002736847334677865,0.0003333333333333333,0.0003332777731473764,0.0019208273021679007,0.040470814940068545,0.08634674579172727,0.08632877806023789,negligible,negligible
8,independent_normal,3000,3000,0.1,3000,1.0944814814816176e-06,2.9876559027186987e-06,0.0,0.00016364065319824915,0.0001636170381747265,3.337360138290672e-06,9.687811111111388e-05,0.0008333333333333526,-0.0005022300000000148,-0.00031867777777779964,-2.7755575615628914e-17,1.3333333333323538e-06,0.00032689999999998686,0.0004929999999999938,1.2541866992946164e-05,3.319815511689242e-05,0.0,0.0018183378425077532,0.0018180780209936687,3.723716132002882e-05,0.0010797172930101875,0.00946182691603692,-0.00558387227958127,-0.0034830522569589736,-3.7540201144103946e-05,4.92166843048536e-05,0.0035991093192406626,0.005465497216639703,5.994721961791542e-05,0.00016364065319824915,0.0,0.008962967708156097,0.008961674260048161,0.00018279474302603614,0.005306232678404896,0.0456435464587649,-0.027508270005582775,-0.017454700746451942,-1.5202354861220295e-15,7.30296743339685e-05,0.01790505040484316,0.027002722085004344,0.0006869463465266097,0.0018183378425077534,0.0,0.09959446535067727,0.09958023434025834,0.002039563323243863,0.059138551711009464,0.518245603712296,-0.3058412805754456,-0.190774629010571,-0.002056161497990698,0.0026957088199378782,0.19713133610751732,0.29935761135352656,5.994721961791542e-05,0.00016364065319824915,0.0,0.008962967708156097,0.008961674260048161,0.00018279474302603614,0.005306232678404896,0.0456435464587649,-0.027508270005582775,-0.017454700746451942,-1.5202354861220295e-15,7.30296743339685e-05,0.01790505040484316,0.027002722085004344,0.0006869463465266097,0.0018183378425077534,0.0,0.09959446535067727,0.09958023434025834,0.002039563323243863,0.059138551711009464,0.518245603712296,-0.3058412805754456,-0.190774629010571,-0.002056161497990698,0.0026957088199378782,0.19713133610751732,0.29935761135352656,0.003283444444444851,0.008962967708156097,0.0,0.4909219595947475,0.4908511145241795,0.010012080414872017,0.29063433333334165,2.5000000000000577,-1.5066900000000447,-0.9560333333333989,-8.326672684688674e-14,0.0039999999999970615,0.9806999999999606,1.4789999999999812,0.037625600978838485,0.09959446535067726,0.0,5.45501352752326,5.454234062981007,0.11171148396008643,3.2391518790305622,28.38548074811076,-16.75161683874381,-10.44915677087692,-0.11262060343231184,0.1476500529145608,10.797327957721988,16.39649164991911,0.39866666666666667,0.008939268343579273,0.014,0.002145071871367795,0.0003333333333333333,0.0003332777731473764,0.27166666666666667,0.008121245571316608,0.014,0.002145071871367795,0.0003333333333333333,0.0003332777731473764,0.002576695210506344,0.02861338609715475,0.06349879392315642,0.06353942224176166,negligible,negligible
9,independent_normal,3000,5000,0.01,3000,-4.173880000000017e-06,2.4430244862000516e-06,0.0,0.00013380996196292368,0.0001338527505363013,2.837967201316381e-06,8.358164000000019e-05,0.0007995999999999993,-0.00040272160000000046,-0.00020416400000000329,-9.632000000000087e-05,1.700000000000139e-05,0.00020337199999999952,0.0003777119999999944,-0.0004233240310430676,0.0002470099890821518,0.0,0.013529294294939936,0.013533661493463123,0.0002873865501869801,0.008455846097841061,0.080803429653999,-0.04059157961264949,-0.020614623662097244,-0.009741508469983007,0.0016836274829849507,0.02052513037868639,0.038211721943272825,-0.00029513788518589193,0.00017274791807968376,0.0,0.009461793149429732,0.009464818758468994,0.0002006745852835821,0.005910114442669292,0.05654025822367629,-0.028476717429029668,-0.014436574887417262,-0.006810852516388887,0.001202081528017229,0.01438057203034702,0.02670827165355293,-0.02993352929897777,0.017466243830080462,0.0,0.95666557406205,0.9569743816311034,0.020321297845902173,0.597918611645322,5.713665305147286,-2.8702581203178066,-1.457674018307762,-0.6888286698111173,0.11905044102106974,1.4513458875507157,2.7019767706903015,-0.0002286128228319672,0.00013380996196292366,0.0,0.0073290734586001546,0.007331417085284394,0.0001554418653620787,0.00457795496212762,0.04379589569811304,-0.02205797047145728,-0.011182522823048654,-0.0052756636738898076,0.0009311283477588585,0.011139143196494037,0.020688138264038827,-0.023186412093630534,0.013529294294939936,0.0,0.7410299672464555,0.7412691685608808,0.015740809626099955,0.4631457650579585,4.425786114527711,-2.223292379861494,-1.1291094394210417,-0.5335643933137331,0.09221607508665028,1.124207690414109,2.0929422069445667,-0.012521640000000047,0.0073290734586001546,0.0,0.401429885888771,0.4015582516089039,0.008513901603949145,0.2507449200000006,2.398799999999998,-1.2081648000000014,-0.6124920000000098,-0.2889600000000026,0.05100000000000417,0.6101159999999985,1.1331359999999833,-1.269972093129203,0.7410299672464554,0.0,40.587882884819805,40.60098448038937,0.8621596505609405,25.36753829352318,242.41028896199703,-121.77473883794848,-61.843870986291726,-29.22452540994902,5.050882448954852,61.575391136059174,114.63516582981848,0.26066666666666666,0.008014976721853398,0.049,0.0039411927128725896,0.0003333333333333333,0.0003332777731473764,0.14433333333333334,0.006416157266937437,0.049,0.0039411927128725896,0.0003333333333333333,0.0003332777731473764,0.0007280603349988395,0.07359706050872991,0.1838484313755599,0.18388861457120007,small,small
10,independent_normal,3000,5000,0.05,3000,1.2759866666666707e-06,2.3237814512743263e-06,0.0,0.00012727875195750406,0.0001272639339388818,2.5285334101356505e-06,8.152604000000181e-05,0.0006129599999999957,-0.00030770319999999074,-0.00020096799999999996,-9.632000000000043e-05,9.473000000000467e-05,0.0002026440000000025,0.00039961359999999955,2.6264085867848898e-05,4.89249845534177e-05,0.0,0.002679731766549869,0.002679413833051812,5.320115046271014e-05,0.0017203393148075552,0.012952743116369625,-0.00648557620148881,-0.004247697314377019,-0.0020220031053736487,0.001984112940773941,0.0042754805699037664,0.00844131525663272,9.022588247036218e-05,0.0001643161622191593,0.0,0.008999966861011168,0.008998919068866013,0.00017879431207636645,0.0057647615727287,0.04334281725961032,-0.021757901931279394,-0.014210583560149807,-0.006810852516388857,0.006698422538180495,0.01432909465667685,0.02825694864143682,0.0018571513218821724,0.003459518834716875,0.0,0.18948565038884188,0.1894631690955976,0.003761889425910818,0.12164635954422412,0.9158972492552336,-0.45859949119748283,-0.30035755754238763,-0.14297721073899644,0.14029797150612366,0.3023221303810278,0.5968911260098458,6.988866804091608e-05,0.0001272787519575041,0.0,0.0069713443538229804,0.006970532737517286,0.00013849347861367577,0.004465365113206946,0.03357320188483643,-0.016853598365651853,-0.011007470693669821,-0.005275663673889784,0.005188575787246695,0.011099268994307826,0.021887738300584623,0.0014385432282073489,0.0026797317665498686,0.0,0.1467749536602531,0.14675753972538588,0.0029139470193652746,0.09422686492830792,0.7094509586405406,-0.3552296383974091,-0.23265596365384067,-0.11074967121586428,0.10867434142997992,0.2341777152311336,0.4623498781070251,0.0038279600000000135,0.006971344353822979,0.0,0.3818362558725122,0.3817918018166454,0.007585600230406953,0.24457812000000542,1.8388799999999872,-0.9231095999999722,-0.6029039999999999,-0.2889600000000013,0.28419000000001404,0.6079320000000075,1.1988407999999986,0.07879225760354665,0.14677495366025312,0.0,8.039195299649608,8.038241499155436,0.1596034513881304,5.1610179444226665,38.858229349108875,-19.456728604466427,-12.743091943131057,-6.066009316120946,5.952338822321823,12.826441709711299,25.32394576989816,0.2623333333333333,0.00803149125952658,0.021666666666666667,0.0026581461097427922,0.0003333333333333333,0.0003332777731473764,0.12966666666666668,0.006133330314008919,0.021666666666666667,0.0026581461097427922,0.0003333333333333333,0.0003332777731473764,0.001501546152277771,0.03162523314839404,0.08475525960079797,0.08472392347209858,negligible,negligible
11,independent_normal,3000,5000,0.1,3000,-6.117893333333536e-06,2.291434994236015e-06,0.0,0.00012550706353997858,0.0001256351899068627,2.9135878833946806e-06,7.91945066666699e-05,0.0010966400000000098,-0.0003880271999999993,-0.00020375999999999728,-9.617999999998739e-05,7.168999999999925e-05,0.00020000000000000573,0.00030660360000001795,-6.773355977582011e-05,2.546343675333813e-05,0.0,0.0013946898701409404,0.001396101458484435,3.2477144378624034e-05,0.0008819012351445514,0.012248909590194978,-0.004284556741603927,-0.0022600992626463424,-0.0010635677354404183,0.0008112609094358958,0.0022191954117171783,0.0034366182477656927,-0.0004326003862576114,0.00016202892230724437,0.0,0.008874689571592976,0.008883749473880232,0.00020602177499313382,0.005599897269672553,0.07754415805204225,-0.02743766644048282,-0.0144080077734569,-0.006800953021451323,0.0050692485143263065,0.014142135623731357,0.021680148469622042,-0.004789485943138677,0.001800536880060016,0.0,0.09861946648288444,0.09871928085187734,0.0022964809023699622,0.06235983437075043,0.8661287033367805,-0.3029639126366675,-0.15981315147719447,-0.07520559579811398,0.05736480903736876,0.15692081244032893,0.2430056067344552,-0.00033509081830772504,0.00012550706353997858,0.0,0.0068743049827080455,0.006881322752843407,0.0001595837807008998,0.004337661773182837,0.06006544654624708,-0.02125312503655682,-0.011160394831725116,-0.005267995558083997,0.003926623014754495,0.010954451150103637,0.016793370793230077,-0.003709919858934123,0.0013946898701409404,0.0,0.07639031026001439,0.07646762613777873,0.001778846457952449,0.04830371999803386,0.670900408739115,-0.2346748376287304,-0.12379073483521948,-0.05825400401354038,0.04443459001201958,0.12155033865094632,0.1882313335835148,-0.01835368000000061,0.006874304982708045,0.0,0.3765211906199357,0.3769055697205881,0.00874076365018404,0.23758352000000968,3.2899200000000297,-1.1640815999999978,-0.6112799999999918,-0.28853999999996216,0.21506999999999776,0.6000000000000172,0.9198108000000538,-0.20320067932746033,0.07639031026001439,0.0,4.184069610422822,4.188304375453305,0.0974314331358721,2.6457037054336543,36.74672877058494,-12.85367022481178,-6.780297787939027,-3.190703206321255,2.4337827283076874,6.657586235151535,10.309854743297079,0.286,0.008250333326599598,0.01633333333333333,0.0023141993255807757,0.0003333333333333333,0.0003332777731473764,0.165,0.006776798654231953,0.01633333333333333,0.0023141993255807757,0.0003333333333333333,0.0003332777731473764,0.0020562255427707034,0.022841453757980846,0.061099907229813406,0.06112139241560466,negligible,negligible
12,gaussian_factor,500,500,0.01,3000,-0.0008172053333333335,2.4673870572332013e-05,-1.734723475976807e-18,0.0013514435493429148,0.0015791185591968705,4.2389164751123256e-05,0.0009076960000000002,0.012,-0.0055201999999999985,-0.0033246,-0.001061000000000003,0.0,3.469446951953614e-18,0.0010440000000000002,-0.0847077172282656,0.0025343380379187807,-0.002542106830209334,0.13881141117114992,0.16259637868064408,0.004398887768999446,0.09367618326887495,1.2580504188258206,-0.5680905186204546,-0.33923360801369645,-0.10893125897488473,0.0,0.0,0.1045988308691369,-0.018273266769087082,0.0005517245186776604,-3.878959614448864e-17,0.03021919644084349,0.035310164428957284,0.0009478505389294954,0.020296699589046497,0.2683281572999748,-0.12343542449394337,-0.07434031597995802,-0.023724681241272836,0.0,7.757919228897728e-17,0.02334454968509781,-1.8941221394123198,0.05666952130749833,-0.05684323678414588,3.1039175143136495,3.635765556252178,0.09836212076875153,2.094663136619328,28.13086255616616,-12.702890170084466,-7.585494077711427,-2.435776999424763,0.0,0.0,2.338900961903936,-0.018273266769087082,0.0005517245186776604,-3.878959614448864e-17,0.03021919644084349,0.035310164428957284,0.0009478505389294954,0.020296699589046497,0.2683281572999748,-0.12343542449394337,-0.07434031597995802,-0.023724681241272836,0.0,7.757919228897728e-17,0.02334454968509781,-1.8941221394123198,0.05666952130749833,-0.05684323678414588,3.1039175143136495,3.635765556252178,0.09836212076875153,2.094663136619328,28.13086255616616,-12.702890170084466,-7.585494077711427,-2.435776999424763,0.0,0.0,2.338900961903936,-0.40860266666666667,0.012336935286166008,-8.673617379884035e-16,0.6757217746714574,0.7895592795984352,0.021194582375561627,0.4538480000000001,6.0,-2.760099999999999,-1.6623,-0.5305000000000015,0.0,1.734723475976807e-15,0.5220000000000001,-42.35385861413281,1.2671690189593903,-1.271053415104667,69.40570558557496,81.29818934032204,2.1994438844997233,46.83809163443746,629.0252094129103,-284.04525931022727,-169.61680400684824,-54.46562948744237,0.0,0.0,52.29941543456845,0.391,0.008909152597189027,0.0003333333333333333,0.0003332777731473764,0.027,0.0029592228709578463,0.2743333333333333,0.008146053350254047,0.0003333333333333333,0.0003332777731473764,0.027,0.0029592228709578463,0.0032544134829037784,0.334526571215017,0.4852237023636862,0.4860492190204384,material,material
13,gaussian_factor,500,500,0.05,3000,-0.0006196319999999998,2.3113602049988697e-05,0.0,0.001265984122797646,0.0014092996047682692,3.422559469809714e-05,0.0008300506666666677,0.008736000000000008,-0.005180400000000004,-0.0030239999999999924,-0.001028000000000008,0.0,0.0009999999999999874,0.0019840800000000113,-0.014519813956653735,0.0005046861772615588,-0.0014881636481411942,0.027642800374720663,0.031220100924804428,0.0007589983744995903,0.018683388207890797,0.19561093883312974,-0.1144541337639421,-0.0669746719988984,-0.02319168913977998,0.0,0.01988192611374333,0.03886767809012859,-0.013855392730341495,0.0005168358538865322,0.0,0.02830826557010978,0.03151289716925437,0.0007653075631530159,0.018560497154356877,0.1953428985143818,-0.1158372655063992,-0.06761869563959348,-0.02298677880869802,0.0,0.022360679774997616,0.04436537752797808,-0.3246729102772793,0.011285125996613542,-0.03327635078887789,0.6181118072633206,0.6981026793226676,0.016971719601929263,0.417773260828618,4.373993563734315,-2.559272234020284,-1.4975991936028852,-0.5185819342959166,0.0,0.444573383139583,0.8691077033710672,-0.013855392730341495,0.0005168358538865322,0.0,0.02830826557010978,0.03151289716925437,0.0007653075631530159,0.018560497154356877,0.1953428985143818,-0.1158372655063992,-0.06761869563959348,-0.02298677880869802,0.0,0.022360679774997616,0.04436537752797808,-0.3246729102772793,0.011285125996613542,-0.03327635078887789,0.6181118072633206,0.6981026793226676,0.016971719601929263,0.417773260828618,4.373993563734315,-2.559272234020284,-1.4975991936028852,-0.5185819342959166,0.0,0.444573383139583,0.8691077033710672,-0.309816,0.011556801024994349,0.0,0.632992061398823,0.7046498023841347,0.017112797349048574,0.4150253333333338,4.368000000000004,-2.590200000000002,-1.5119999999999962,-0.514000000000004,0.0,0.49999999999999367,0.9920400000000057,-7.259906978326867,0.2523430886307794,-0.7440818240705971,13.82140018736033,15.610050462402215,0.37949918724979503,9.341694103945398,97.80546941656488,-57.22706688197105,-33.48733599944919,-11.59584456988999,0.0,9.940963056871665,19.433839045064293,0.408,0.008972847931398369,0.0,0.0,0.0,0.0,0.2673333333333333,0.008080144846519815,0.0,0.0,0.0,0.0,0.005684542507393684,0.12452901716701537,0.24791785846182746,0.25070543103165077,small,material
14,gaussian_factor,500,500,0.1,3000,-0.0004340146666666667,2.1768612717635505e-05,0.0,0.0011923160231042803,0.0012686655813622968,2.892201295031557e-05,0.0007618413333333348,0.008031999999999984,-0.004304640000000002,-0.0028445999999999975,-0.0009970000000000118,0.0,0.0010520000000000251,0.002000000000000002,-0.006026218945223718,0.0002537233722452153,-0.0009214908075678707,0.01389700143449846,0.015145216673808337,0.000352832308803895,0.009302827274943252,0.1005548485440162,-0.05124930706375561,-0.03430466379433243,-0.012233997751260828,0.0,0.01110580172429485,0.021078004260487157,-0.009704862978985786,0.00048676097812499423,0.0,0.026660996783233807,0.028368224806403858,0.0006467158700303487,0.017035290094024127,0.17960097995278276,-0.096254676586647,-0.06360718968795898,-0.022293597735673167,0.0,0.02352343512329835,0.04472135954999584,-0.13475035208817315,0.005673427078207848,-0.020605160863629367,0.3107463989095065,0.33865734016598703,0.007889570271437066,0.2080175416971224,2.24847476811616,-1.1459693439431768,-0.767075601894032,-0.27356050608398774,0.0,0.24833327600157662,0.47131850356479466,-0.009704862978985786,0.00048676097812499423,0.0,0.026660996783233807,0.028368224806403858,0.0006467158700303487,0.017035290094024127,0.17960097995278276,-0.096254676586647,-0.06360718968795898,-0.022293597735673167,0.0,0.02352343512329835,0.04472135954999584,-0.13475035208817315,0.005673427078207848,-0.020605160863629367,0.3107463989095065,0.33865734016598703,0.007889570271437066,0.2080175416971224,2.24847476811616,-1.1459693439431768,-0.767075601894032,-0.27356050608398774,0.0,0.24833327600157662,0.47131850356479466,-0.2170073333333333,0.010884306358817753,0.0,0.5961580115521402,0.6343327906811483,0.014461006475157788,0.38092066666666735,4.015999999999992,-2.152320000000001,-1.4222999999999988,-0.4985000000000059,0.0,0.5260000000000126,1.000000000000001,-3.013109472611859,0.12686168612260765,-0.46074540378393536,6.94850071724923,7.572608336904168,0.17641615440194747,4.6514136374716255,50.2774242720081,-25.624653531877804,-17.15233189716622,-6.116998875630414,0.0,5.552900862147425,10.539002130243578,0.44133333333333336,0.009065653538166681,0.0,0.0,0.0,0.0,0.2786666666666667,0.008185588057791075,0.0,0.0,0.0,0.0,0.006767860331816786,0.07982703646004125,0.18745445667637353,0.18972540313944297,small,small
15,gaussian_factor,1000,1000,0.01,3000,-0.00041627933333333335,1.2086306605874178e-05,-3.469446951953614e-18,0.0006619942764960989,0.0007819071726660825,1.875216126812444e-05,0.00045780733333333366,0.004779000000000002,-0.0028262999999999986,-0.0018440000000000002,-0.0005230000000000009,0.0,3.469446951953614e-18,0.0005229999999999992,-0.042994107752151636,0.0012352420835775792,-0.0016347603111512843,0.06765699531551218,0.08015258257549673,0.001923714681919985,0.04713298247361254,0.4929008541762221,-0.2899016036297729,-0.1888243626014205,-0.05387499834391768,0.0,0.0,0.05216291459466708,-0.013163908361897863,0.0003822025737370143,-1.097135458930219e-16,0.02093409711722943,0.02472607584447372,0.0005929954065806467,0.014477139028612598,0.1511252493794469,-0.08937545350933886,-0.058312400053504916,-0.01653871216268065,0.0,1.097135458930219e-16,0.016538712162680595,-1.3595930646350125,0.03906178445797221,-0.05169566011683615,2.139502048403609,2.5346472128329465,0.06083319963173488,1.4904757753341271,15.586893598393791,-9.167493648054192,-5.971150635500056,-1.703677037045793,0.0,0.0,1.6495361951198682,-0.013163908361897863,0.0003822025737370143,-1.097135458930219e-16,0.02093409711722943,0.02472607584447372,0.0005929954065806467,0.014477139028612598,0.1511252493794469,-0.08937545350933886,-0.058312400053504916,-0.01653871216268065,0.0,1.097135458930219e-16,0.016538712162680595,-1.3595930646350125,0.03906178445797221,-0.05169566011683615,2.139502048403609,2.5346472128329465,0.06083319963173488,1.4904757753341271,15.586893598393791,-9.167493648054192,-5.971150635500056,-1.703677037045793,0.0,0.0,1.6495361951198682,-0.4162793333333334,0.012086306605874179,-3.469446951953614e-15,0.6619942764960989,0.7819071726660825,0.018752161268124443,0.4578073333333336,4.779000000000002,-2.8262999999999985,-1.844,-0.5230000000000009,0.0,3.469446951953614e-15,0.5229999999999991,-42.994107752151635,1.2352420835775793,-1.6347603111512843,67.65699531551219,80.15258257549674,1.923714681919985,47.13298247361254,492.9008541762221,-289.90160362977286,-188.8243626014205,-53.874998343917675,0.0,0.0,52.16291459466707,0.365,0.00878967196960918,0.0,0.0,0.001,0.0005770615218501404,0.242,0.007819548154038911,0.0,0.0,0.001,0.0005770615218501404,0.0021956726907172383,0.2246924313347784,0.35611281042561255,0.356721328348057,material,material
16,gaussian_factor,1000,1000,0.05,3000,-0.0002990816666666667,1.1015204386940827e-05,0.0,0.0006033275918257355,0.0006732998527154646,1.5400461191460908e-05,0.00039577700000000064,0.0036639999999999867,-0.0024700500000000136,-0.0015031500000000037,-0.0005080000000000015,0.0,0.0004969999999999842,0.000550039999999994,-0.006984219691881916,0.0002391585888952145,-0.000757271624599265,0.01309925539590135,0.014842931644418477,0.0003414897608385473,0.008880390200144925,0.08144974452717291,-0.05351318819475341,-0.03339380805693556,-0.011467469466473867,0.0,0.00980427836997052,0.011527611488294757,-0.00945779273065926,0.000348331347550117,0.0,0.0190788936539371,0.021291610828367738,0.00048700534382046916,0.012515567655084629,0.115865853468569,-0.0781098393449895,-0.04753377664882111,-0.016064370513655415,0.0,0.015716519971036347,0.017393792041989962,-0.22086041905346263,0.007562858629007301,-0.02394703141149671,0.4142348270329893,0.4693747115055086,0.010798854418759806,0.28082259543496496,2.575667075447006,-1.6922355955265493,-1.0560049320639815,-0.3626332251249331,0.0,0.3100385046342983,0.36453508284534875,-0.00945779273065926,0.000348331347550117,0.0,0.0190788936539371,0.021291610828367738,0.00048700534382046916,0.012515567655084629,0.115865853468569,-0.0781098393449895,-0.04753377664882111,-0.016064370513655415,0.0,0.015716519971036347,0.017393792041989962,-0.22086041905346263,0.007562858629007301,-0.02394703141149671,0.4142348270329893,0.4693747115055086,0.010798854418759806,0.28082259543496496,2.575667075447006,-1.6922355955265493,-1.0560049320639815,-0.3626332251249331,0.0,0.3100385046342983,0.36453508284534875,-0.2990816666666667,0.011015204386940826,0.0,0.6033275918257355,0.6732998527154647,0.015400461191460907,0.3957770000000005,3.663999999999987,-2.470050000000014,-1.5031500000000038,-0.5080000000000016,0.0,0.49699999999998423,0.550039999999994,-6.984219691881915,0.23915858889521446,-0.757271624599265,13.099255395901348,14.842931644418476,0.3414897608385473,8.880390200144925,81.44974452717291,-53.513188194753404,-33.393808056935555,-11.467469466473867,0.0,9.80427836997052,11.527611488294758,0.44966666666666666,0.009082337356201422,0.0,0.0,0.0,0.0,0.271,0.008114986136771894,0.0,0.0,0.0,0.0,0.00402536470777111,0.08794167320810123,0.1672643105892083,0.1687815469384444,small,small
17,gaussian_factor,1000,1000,0.1,3000,-0.0002211620000000002,1.128701108514517e-05,0.0,0.0006182150578144873,0.0006564869315784845,1.6537353378557144e-05,0.000381844000000001,0.004608000000000029,-0.0023402500000000086,-0.0014579999999999877,-0.0004979999999999984,0.0,0.0005160000000000164,0.001020019999999993,-0.003067788177418387,0.00013145745450349308,-0.0004659065503310744,0.007200221318377225,0.00782542205077639,0.00019977163845340756,0.00467673572789958,0.05663042401150098,-0.028391572267767333,-0.017496757968698196,-0.006115564140502627,0.0,0.005465499330008726,0.010916052854375306,-0.006993756518781597,0.00035692663004627424,0.0,0.01954967666506456,0.020759939579231286,0.0005229570314732134,0.012074967508693376,0.14571775458055983,-0.07400520294209077,-0.04610600828525458,-0.01574814274763848,0.0,0.016317352726469357,0.03225586458924928,-0.09701198019578834,0.004157049716389974,-0.014733258758380711,0.2276909902337242,0.24746157332559204,0.006317333894164451,0.14789136914848144,1.7908112473743252,-0.8978203471941673,-0.5532960684978737,-0.19339111860838293,0.0,0.1728342643295184,0.345195900786083,-0.006993756518781597,0.00035692663004627424,0.0,0.01954967666506456,0.020759939579231286,0.0005229570314732134,0.012074967508693376,0.14571775458055983,-0.07400520294209077,-0.04610600828525458,-0.01574814274763848,0.0,0.016317352726469357,0.03225586458924928,-0.09701198019578834,0.004157049716389974,-0.014733258758380711,0.2276909902337242,0.24746157332559204,0.006317333894164451,0.14789136914848144,1.7908112473743252,-0.8978203471941673,-0.5532960684978737,-0.19339111860838293,0.0,0.1728342643295184,0.345195900786083,-0.2211620000000002,0.01128701108514517,0.0,0.6182150578144873,0.6564869315784844,0.016537353378557145,0.38184400000000096,4.608000000000029,-2.3402500000000086,-1.4579999999999878,-0.49799999999999844,0.0,0.5160000000000164,1.020019999999993,-3.067788177418387,0.1314574545034931,-0.4659065503310744,7.200221318377226,7.82542205077639,0.19977163845340756,4.67673572789958,56.63042401150098,-28.39157226776733,-17.496757968698194,-6.115564140502627,0.0,5.4654993300087265,10.916052854375305,0.47933333333333333,0.009120908011977917,0.0,0.0,0.0,0.0,0.2843333333333333,0.00823585431490239,0.0,0.0,0.0,0.0,0.004880814799231069,0.05704853024768278,0.13450355290717206,0.13717131741696792,small,small
18,gaussian_factor,3000,3000,0.01,3000,-0.00014438444444444447,4.196708866641241e-06,-3.469446951953614e-18,0.0002298632113541348,0.0002714154589669777,6.775604110116643e-06,0.00015711437037037068,0.002055999999999999,-0.0010020799999999994,-0.0006516444444444435,-0.00017247222222222403,0.0,3.469446951953614e-18,0.00016955777777778378,-0.01488354411122574,0.0004280121053334582,-0.0005203762442756998,0.023443188497641227,0.027765442151790568,0.0006921282223190966,0.01614736591544537,0.2100823356947361,-0.10208124642981334,-0.06685360377979095,-0.017764607167809726,0.0,0.0,0.016966547231475455,-0.00790826171750737,0.00022986321135413476,-1.9002943576525368e-16,0.012590126599923724,0.014866036933183151,0.0003711151211835603,0.008605508476007332,0.1126117578230621,-0.05488618204247766,-0.03569203616951438,-0.009446692665415589,0.0,1.9002943576525368e-16,0.009287061968934035,-0.8152052845341519,0.023443188497641227,-0.028502180737961937,1.2840363160003747,1.5207758985640472,0.03790942400501199,0.8844276556179484,11.506683419337971,-5.591220136785247,-3.661722684070414,-0.9730076071027349,0.0,0.0,0.9292960641655933,-0.00790826171750737,0.00022986321135413476,-1.9002943576525368e-16,0.012590126599923724,0.014866036933183151,0.0003711151211835603,0.008605508476007332,0.1126117578230621,-0.05488618204247766,-0.03569203616951438,-0.009446692665415589,0.0,1.9002943576525368e-16,0.009287061968934035,-0.8152052845341519,0.023443188497641227,-0.028502180737961937,1.2840363160003747,1.5207758985640472,0.03790942400501199,0.8844276556179484,11.506683419337971,-5.591220136785247,-3.661722684070414,-0.9730076071027349,0.0,0.0,0.9292960641655933,-0.43315333333333333,0.012590126599923722,-1.0408340855860843e-14,0.6895896340624043,0.814246376900933,0.02032681233034993,0.47134311111111205,6.167999999999997,-3.0062399999999982,-1.9549333333333307,-0.5174166666666721,0.0,1.0408340855860843e-14,0.5086733333333513,-44.65063233367722,1.2840363160003745,-1.5611287328270995,70.32956549292368,83.2963264553717,2.07638466695729,48.442097746336096,630.2470070842083,-306.24373928944004,-200.56081133937283,-53.29382150342918,0.0,0.0,50.899641694426364,0.378,0.008852796168443052,0.0,0.0,0.0,0.0,0.25933333333333336,0.00800165723575551,0.0,0.0,0.0,0.0,0.0012255818881778888,0.12504653195678242,0.22145844482941865,0.22204088124080593,small,small
19,gaussian_factor,3000,3000,0.05,3000,-0.0001001508518518518,3.7734773002609113e-06,0.0,0.0002066818637586596,0.00022963742465562776,5.3445209600638e-06,0.00013591707407407564,0.0012942222222222244,-0.000836683333333319,-0.0005019999999999892,-0.0001683333333333415,0.0,0.0001665555555555455,0.0003257799999999942,-0.0023421543595851324,8.190302482007268e-05,-0.00026749498676781336,0.004486013422185931,0.0050599698974086085,0.00011795876745065733,0.003049574425088896,0.029016880902341224,-0.01856762164749146,-0.011078686692879725,-0.003797476211091666,0.0,0.003341592703732665,0.0063853695312547296,-0.005485488071261728,0.00020668186375865958,0.0,0.011320431900782734,0.012577759753128033,0.0002927314688886111,0.00744448474204718,0.07088747055355762,-0.04582703351552729,-0.027495672386758752,-0.009219996384670744,0.0,0.009122623485557715,0.01784370547840299,-0.12828507759038432,0.00448601342218593,-0.01465130382722773,0.245709074460218,0.2771459653107796,0.006460867778823117,0.1670320703412037,1.5893200218653147,-1.0169905215552308,-0.6068046609222533,-0.20799633824041555,0.0,0.18302657018290583,0.3497410930274404,-0.005485488071261728,0.00020668186375865958,0.0,0.011320431900782734,0.012577759753128033,0.0002927314688886111,0.00744448474204718,0.07088747055355762,-0.04582703351552729,-0.027495672386758752,-0.009219996384670744,0.0,0.009122623485557715,0.01784370547840299,-0.12828507759038432,0.00448601342218593,-0.01465130382722773,0.245709074460218,0.2771459653107796,0.006460867778823117,0.1670320703412037,1.5893200218653147,-1.0169905215552308,-0.6068046609222533,-0.20799633824041555,0.0,0.18302657018290583,0.3497410930274404,-0.3004525555555554,0.011320431900782734,0.0,0.6200455912759788,0.6889122739668833,0.016033562880191404,0.4077512222222269,3.8826666666666734,-2.510049999999957,-1.5059999999999676,-0.5050000000000245,0.0,0.49966666666663645,0.9773399999999827,-7.026463078755397,0.24570907446021803,-0.8024849603034401,13.458040266557791,15.179909692225825,0.3538763023519719,9.148723275266688,87.05064270702367,-55.70286494247438,-33.23606007863918,-11.392428633274998,0.0,10.024778111197996,19.156108593764188,0.37866666666666665,0.008855849709320617,0.0,0.0,0.0,0.0,0.25333333333333335,0.007940519621023039,0.0,0.0,0.0,0.0,0.0023057719697348548,0.05036587584595723,0.09959242616781147,0.10046424910557297,negligible,small
20,gaussian_factor,3000,3000,0.1,3000,-6.67657037037037e-05,3.617165787075886e-06,0.0,0.00019812032958173916,0.0002090364568593156,4.99828983765431e-06,0.00012482800000000318,0.0014633333333333165,-0.0006822844444444179,-0.0004760166666666704,-0.0001662222222222065,0.0,0.0001704444444444453,0.0003404511111111154,-0.0009443247165236297,4.185379519673708e-05,-0.000145250962458654,0.002292426774645427,0.002478955011123901,6.0371283377677405e-05,0.0015192557900113202,0.017360940661666158,-0.008179617598416955,-0.005737088293218151,-0.0020133390955405783,0.0,0.0018178028714272208,0.0035823881065313104,-0.0036569081986224734,0.00019812032958173919,0.0,0.01085149736122766,0.011449398276280267,0.00027376760930320995,0.006837111140825661,0.0801500675815884,-0.0373702580857088,-0.02607250660817529,-0.009104366066973901,0.0,0.009335626702365879,0.01864727532832556,-0.05172279488496635,0.002292426774645427,-0.007955722863794083,0.12556138559021124,0.13577795786330304,0.00330667137314906,0.08321306668095318,0.9508978819903219,-0.44801610704191996,-0.3142332672594394,-0.11027512385346236,0.0,0.0995651637778352,0.19621547756854188,-0.0036569081986224734,0.00019812032958173919,0.0,0.01085149736122766,0.011449398276280267,0.00027376760930320995,0.006837111140825661,0.0801500675815884,-0.0373702580857088,-0.02607250660817529,-0.009104366066973901,0.0,0.009335626702365879,0.01864727532832556,-0.05172279488496635,0.002292426774645427,-0.007955722863794083,0.12556138559021124,0.13577795786330304,0.00330667137314906,0.08321306668095318,0.9508978819903219,-0.44801610704191996,-0.3142332672594394,-0.11027512385346236,0.0,0.0995651637778352,0.19621547756854188,-0.2002971111111111,0.01085149736122766,0.0,0.5943609887452176,0.6271093705779468,0.014994869512962927,0.37448400000000953,4.389999999999949,-2.0468533333332535,-1.4280500000000111,-0.4986666666666195,0.0,0.5113333333333359,1.0213533333333462,-2.8329741495708887,0.12556138559021124,-0.43575288737596196,6.877280323936281,7.436865033371703,0.18111385013303224,4.557767370033961,52.082821984998475,-24.538852795250865,-17.21126487965445,-6.040017286621735,0.0,5.4534086142816625,10.747164319593931,0.391,0.008909152597189027,0.0,0.0,0.0,0.0,0.2783333333333333,0.008182580866061124,0.0,0.0,0.0,0.0,0.002825123021244529,0.033060939816623655,0.07399198381358645,0.07498138361685158,negligible,negligible
21,gaussian_factor,3000,5000,0.01,3000,-0.00013481132000000003,3.4834518265883797e-06,-9.89999999999984e-05,0.000190796514340503,0.00023359209628752428,5.410845860963435e-06,0.0001465340400000003,0.001548800000000003,-0.0008111999999999998,-0.0005010300000000015,-0.00020255999999999746,0.0,9.564799999999727e-05,0.00010368079999999833,-0.013906172605190123,0.0003551682059680121,-0.010192584831354656,0.01945336381173212,0.02391001580222018,0.0005533820991215757,0.015058990884060923,0.15852872455740163,-0.08263225500397385,-0.0512118558468593,-0.020801724260527454,-9.670291037483514e-05,0.009108810425713192,0.010279602043001402,-0.009532599855270966,0.0002463172408517309,-0.007000357133746707,0.013491350911692603,0.016517455531648937,0.00038260458002424086,0.010361521335866103,0.1095166982701727,-0.05736050208985272,-0.03542817105778969,-0.014323154959714528,0.0,0.006763334940692897,0.007331339675884502,-0.9833148949480535,0.025114184690184182,-0.7207245852070021,1.3755605468164769,1.6906934312027397,0.03913002348761125,1.064831457194588,11.209673614739307,-5.842982785804593,-3.6212250546462155,-1.4709040284991686,-0.006837928368652086,0.6440901620564522,0.7268776312505378,-0.007383920097104737,0.000190796514340503,-0.005422453319301057,0.01045035547976514,0.012794366039159582,0.00029636423332331355,0.008025999915036448,0.08483126970640029,-0.04443125386481907,-0.027442543298681416,-0.011094668124824507,0.0,0.0052388567180252634,0.005678831294018072,-0.7616724424423014,0.01945336381173212,-0.5582708631417934,1.0655046179040364,1.3096055005180973,0.03030998586084468,0.8248149000464831,8.682975845261206,-4.525955004319561,-2.804988865902767,-1.1393573612493357,-0.0052966365388697565,0.49891009422013505,0.5630369921128058,-0.4044339600000001,0.01045035547976514,-0.29699999999999516,0.572389543021509,0.7007762888625728,0.016232537582890304,0.43960212000000093,4.646400000000009,-2.4335999999999993,-1.5030900000000043,-0.6076799999999924,0.0,0.2869439999999918,0.311042399999995,-41.71851781557038,1.0655046179040364,-30.577754494063967,58.36009143519636,71.73004740666053,1.6601462973647274,45.17697265218277,475.5861736722049,-247.89676501192153,-153.63556754057788,-62.405172781582365,-0.2901087311245054,27.326431277139577,30.838806129004205,0.2633333333333333,0.008041328432725713,0.0,0.0,0.0,0.0,0.14666666666666667,0.006458987422074649,0.0,0.0,0.0,0.0,0.0010718196948418135,0.10934445772871898,0.21793973129221086,0.2186669201061874,small,small
22,gaussian_factor,3000,5000,0.05,3000,-0.00010694430666666664,3.3605925357381682e-06,-9.661999999999865e-05,0.00018406723384072808,0.0002128533244278793,5.115636609450358e-06,0.00013292684000000142,0.0014156799999999886,-0.0007820896000000044,-0.0004587459999999936,-0.00019871999999999945,0.0,0.00010084000000000517,0.00020168719999999569,-0.002484554421338421,7.286085717882291e-05,-0.00213752231463038,0.003990753503600353,0.00470040588615302,0.00011230114767345958,0.0029774453382867346,0.03117429023573992,-0.017223065420851492,-0.010124292578114842,-0.004400337865080983,0.0,0.0019950636983368628,0.0040453938704391665,-0.007562104445329368,0.0002376297770825354,-0.006832065719824327,0.01301551892430288,0.015051002910105367,0.0003617301336628507,0.009399346996570022,0.10010369279901636,-0.055302085965547754,-0.03243824074421994,-0.014051625955739035,0.0,0.00713046478148551,0.01426143867985244,-0.17568452795554163,0.005152040619421023,-0.1511456523612707,0.2821888864439783,0.33236888764279643,0.007940890305493515,0.21053717893148238,2.2043552024369273,-1.2178546351903632,-0.715895593670164,-0.31115087439106986,0.0,0.14107230699931084,0.28605254383580286,-0.005857580915808344,0.00018406723384072808,-0.005292095350614841,0.010081777607214504,0.01165845672291149,0.0002801949566995207,0.00728070287658808,0.07753998702089074,-0.04283681159101948,-0.025126553236526142,-0.010884342662742632,0.0,0.005523234269882378,0.011046862900005358,-0.1360846501916248,0.003990753503600354,-0.11707691888937141,0.2185825715364688,0.2574518333276069,0.006150987181447264,0.16308139755182446,1.7074861976327798,-0.943346144038757,-0.5545303423815633,-0.24101643093489789,0.0,0.10927413912387818,0.2215753476832663,-0.3208329199999999,0.010081777607214503,-0.28985999999999595,0.5522017015221842,0.638559973283638,0.015346909828351074,0.39878052000000425,4.2470399999999655,-2.346268800000013,-1.3762379999999808,-0.5961599999999984,0.0,0.3025200000000155,0.605061599999987,-7.453663264015263,0.21858257153646876,-6.41256694389114,11.97226051080106,14.101217658459062,0.3369034430203788,8.932336014860203,93.52287070721977,-51.66919626255448,-30.372877734344527,-13.20101359524295,0.0,5.985191095010588,12.1361816113175,0.273,0.00813369534713466,0.0,0.0,0.0,0.0,0.15166666666666667,0.006548890208498152,0.0,0.0,0.0,0.0,0.0020698469319986477,0.04520810585728782,0.10283529720835335,0.10397263492947882,small,small
23,gaussian_factor,3000,5000,0.1,3000,-6.93967200000002e-05,2.9751633820603365e-06,-6.938893903907228e-18,0.00016295640966178072,0.00017709275704970708,3.7399685610470997e-06,0.0001129927466666686,0.0010015999999999914,-0.0006027047999999876,-0.00039744799999999887,-0.00010321000000001329,0.0,0.00010383999999999672,0.00029377080000000336,-0.0009732721433083607,3.44900038133257e-05,-0.0002655372857589544,0.0018890953096997686,0.0021247941532550095,4.54476261076294e-05,0.0013808472539516797,0.011926714657231718,-0.007298859747293655,-0.004744008681977741,-0.001500197909578782,0.0,0.0011145689094552596,0.002677593407803204,-0.004907089130410425,0.0002103758202592767,-4.906538933386797e-16,0.011522758230965819,0.012522348940886965,0.00026445571309408994,0.007989793739289503,0.07082381520364399,-0.04261766511336732,-0.028103817596903016,-0.007298049088627297,0.0,0.007342596815840877,0.02077273247945994,-0.06882073324733072,0.0024388115579552488,-0.01877632154180267,0.13357921037964077,0.15024563543921454,0.0032136324609535537,0.09764064570520552,0.8433460811405539,-0.5161073222240875,-0.3354520709034316,-0.10608001149850399,0.0,0.07881192339755091,0.18933444559180426,-0.003801014896087003,0.00016295640966178075,-3.8005887153050736e-16,0.008925490146181011,0.00969976978069066,0.0002048465145245634,0.006188867618380106,0.054859891359716965,-0.03301150144766329,-0.021769123503531263,-0.005653044516011547,0.0,0.005687551037133465,0.01609048938963405,-0.053308310748139,0.0018890953096997688,-0.014544076126887465,0.10347001143997712,0.11637976877928576,0.002489269000420934,0.07563211894583995,0.6532530654693308,-0.39977501276591915,-0.259840056811956,-0.08216922357983945,0.0,0.061047453360257874,0.14665783092809442,-0.20819016000000057,0.00892549014618101,-2.0816681711721685e-14,0.4888692289853422,0.5312782711491213,0.0112199056831413,0.3389782400000058,3.004799999999974,-1.808114399999963,-1.1923439999999965,-0.3096300000000399,0.0,0.31151999999999014,0.8813124000000101,-2.9198164299250826,0.1034700114399771,-0.7966118572768632,5.667285929099306,6.374382459765028,0.13634287832288822,4.142541761855038,35.78014397169515,-21.896579241880968,-14.232026045933221,-4.500593728736346,0.0,3.343706728365779,8.032780223409613,0.29333333333333333,0.00831241819787096,0.0,0.0,0.0,0.0,0.167,0.006809576589872041,0.0,0.0,0.0,0.0,0.0024197753409205243,0.02822964091058085,0.07318561936511757,0.07526819629004236,negligible,negligible
24,nonlinear_smooth,500,500,0.01,3000,2.282e-05,1.797256580385388e-05,0.0,0.000984397970701674,0.0009844984022333403,1.9822711049749256e-05,0.0005799000000000003,0.00588,-0.0028801200000000073,-0.0018079999999999988,-3.469446951953614e-18,6.938893903907228e-18,0.0018959999999999984,0.0029523599999999877,0.002269960865322006,0.0018236294979549117,0.0,0.09988430125617263,0.09989344690828389,0.0020137044470183323,0.059000243651599664,0.5915041940861538,-0.29230880366672657,-0.1839296363090306,-0.0015983088746940322,0.002507364971963688,0.19035345937773893,0.29893319623516446,0.0005102707124654519,0.0004018787886750543,0.0,0.022011807794017894,0.022014053511336798,0.00044324929405575555,0.01296695820152129,0.13148079707698765,-0.06440144103356713,-0.04042810903319617,-7.757919228897728e-17,1.5515838457795457e-16,0.04239584885339598,0.06601677654051252,0.05075786801124249,0.04077759523200997,0.0,2.2334808749386967,2.2336853779368897,0.04502780030126615,1.3192855549402727,13.226435869528691,-6.536223554204404,-4.112791698638059,-0.0357392729285705,0.05606638521712662,4.256432749208691,6.684349475131119,0.0005102707124654519,0.0004018787886750543,0.0,0.022011807794017894,0.022014053511336798,0.00044324929405575555,0.01296695820152129,0.13148079707698765,-0.06440144103356713,-0.04042810903319617,-7.757919228897728e-17,1.5515838457795457e-16,0.04239584885339598,0.06601677654051252,0.05075786801124249,0.04077759523200997,0.0,2.2334808749386967,2.2336853779368897,0.04502780030126615,1.3192855549402727,13.226435869528691,-6.536223554204404,-4.112791698638059,-0.0357392729285705,0.05606638521712662,4.256432749208691,6.684349475131119,0.011409999999999998,0.008986282901926941,0.0,0.492198985350837,0.49224920111667014,0.009911355524874627,0.2899500000000002,2.94,-1.4400600000000037,-0.9039999999999995,-1.734723475976807e-15,3.469446951953614e-15,0.9479999999999992,1.476179999999994,1.1349804326610025,0.9118147489774558,0.0,49.94215062808632,49.94672345414195,1.0068522235091661,29.50012182579983,295.7520970430769,-146.1544018333633,-91.9648181545153,-0.7991544373470161,1.253682485981844,95.17672968886946,149.46659811758224,0.394,0.008921210680171161,0.091,0.005250999904780041,0.018,0.002427344227751803,0.25533333333333336,0.007961118477161824,0.091,0.005250999904780041,0.018,0.002427344227751803,0.002507344074938313,0.25450772748010586,0.3926459124911133,0.39249671472585157,material,material
25,nonlinear_smooth,500,500,0.05,3000,1.077333333333351e-05,1.8679285047394412e-05,0.0,0.0010231065778526875,0.0010229927754713943,2.2754671489594257e-05,0.0006016960000000008,0.0058839999999999865,-0.003024120000000006,-0.0018488000000000016,-1.3877787807814457e-17,4.799999999999249e-05,0.0018647999999999863,0.0029000399999999987,0.00024065123032424867,0.00039577798734497026,0.0,0.02167765314328344,0.021675375858330487,0.0004826442644242211,0.01283163526012897,0.12482743683131514,-0.06438560438394363,-0.03948542734307483,-0.0007408631075845884,0.0013933186572838152,0.039499198594376346,0.061027351895967114,0.00024089905677598125,0.00041768151137069285,0.0,0.022877358563057903,0.02287481386445217,0.0005088099225640917,0.013454331577897155,0.13157023979608734,-0.06762137892116678,-0.041340424768016144,-3.1031676915590914e-16,0.0010733126291997313,0.04169819564441578,0.06484686577468488,0.0053811250987397885,0.00884986483701405,0.0,0.4847270602104376,0.48467613857084824,0.010792253842029418,0.2869240870413157,2.7912263421188164,-1.4397058817490644,-0.8829209965974423,-0.0165662027058088,0.031155552320053435,0.8832289311378966,1.3646130732618316,0.00024089905677598125,0.00041768151137069285,0.0,0.022877358563057903,0.02287481386445217,0.0005088099225640917,0.013454331577897155,0.13157023979608734,-0.06762137892116678,-0.041340424768016144,-3.1031676915590914e-16,0.0010733126291997313,0.04169819564441578,0.06484686577468488,0.0053811250987397885,0.00884986483701405,0.0,0.4847270602104376,0.48467613857084824,0.010792253842029418,0.2869240870413157,2.7912263421188164,-1.4397058817490644,-0.8829209965974423,-0.0165662027058088,0.031155552320053435,0.8832289311378966,1.3646130732618316,0.005386666666666753,0.009339642523697206,0.0,0.5115532889263438,0.5114963877356972,0.011377335744797127,0.3008480000000005,2.941999999999993,-1.5120600000000028,-0.9244000000000008,-6.938893903907228e-15,0.023999999999996247,0.9323999999999931,1.4500199999999994,0.12032561516212434,0.1978889936724851,0.0,10.838826571641718,10.837687929165241,0.24132213221211057,6.415817630064485,62.41371841565757,-32.192802191971815,-19.742713671537416,-0.3704315537922942,0.6966593286419076,19.749599297188176,30.51367594798356,0.4176666666666667,0.009004095775853383,0.04666666666666667,0.0038509258146099917,0.002,0.0008156796756897485,0.252,0.00792666386318986,0.04666666666666667,0.0038509258146099917,0.0023333333333333335,0.0008808875995057276,0.005357229389732746,0.11335048150828855,0.19095556696377117,0.19122438272788028,small,small
26,nonlinear_smooth,500,500,0.1,3000,5.031333333333338e-05,1.9073117839103565e-05,0.0,0.0010446776882431213,0.0010457146455893208,2.5397600376918473e-05,0.0006281426666666678,0.009136000000000005,-0.002868840000000009,-0.0017440000000000233,-2.7755575615628914e-17,0.00017800000000000454,0.0019360000000000078,0.0030242400000000205,0.0005750577227738044,0.00021364497923396703,0.0,0.011701817442416653,0.0117139907231915,0.00028680362633670117,0.007079318163797331,0.10267033427148964,-0.032490168625636015,-0.01917214135571813,-0.000495126825310499,0.0018517986900809524,0.021371024969867168,0.03428653697078984,0.0011250403350793953,0.0004264878803109948,0.0,0.023359703254889525,0.023382890326048227,0.0005679076090816398,0.014045697022346603,0.2042871704243809,-0.06414921256570517,-0.03899702552759685,-6.206335383118183e-16,0.003980200999949727,0.04329027604439611,0.06762406220274012,0.012858681591084555,0.004777246966186813,0.0,0.2616605926153637,0.2619327954485812,0.006413124046823127,0.15829836648599827,2.295778467036772,-0.7265022564735305,-0.4287021134562072,-0.011071372388779394,0.041407477516660754,0.4778706458146839,0.766670273797458,0.0011250403350793953,0.0004264878803109948,0.0,0.023359703254889525,0.023382890326048227,0.0005679076090816398,0.014045697022346603,0.2042871704243809,-0.06414921256570517,-0.03899702552759685,-6.206335383118183e-16,0.003980200999949727,0.04329027604439611,0.06762406220274012,0.012858681591084555,0.004777246966186813,0.0,0.2616605926153637,0.2619327954485812,0.006413124046823127,0.15829836648599827,2.295778467036772,-0.7265022564735305,-0.4287021134562072,-0.011071372388779394,0.041407477516660754,0.4778706458146839,0.766670273797458,0.02515666666666669,0.009536558919551782,0.0,0.5223388441215606,0.5228573227946605,0.012698800188459234,0.31407133333333387,4.568000000000002,-1.4344200000000045,-0.8720000000000117,-1.3877787807814457e-14,0.08900000000000227,0.9680000000000039,1.5121200000000103,0.28752886138690215,0.10682248961698351,0.0,5.850908721208326,5.856995361595751,0.14340181316835057,3.5396590818986655,51.33516713574482,-16.245084312818005,-9.586070677859066,-0.2475634126552495,0.9258993450404762,10.685512484933584,17.143268485394916,0.433,0.009046380491666266,0.030333333333333334,0.0031311990366962314,0.0016666666666666668,0.0007447346034861208,0.25066666666666665,0.007912708952246567,0.030333333333333334,0.0031311990366962314,0.0016666666666666668,0.0007447346034861208,0.007485193736329007,0.08373448157267699,0.13970441947467546,0.1398944676456185,small,small
27,nonlinear_smooth,1000,1000,0.01,3000,1.276066666666661e-05,9.055912462831918e-06,0.0,0.0004960127534685206,0.0004960942215614557,1.1332558498526556e-05,0.00029201466666666697,0.003919999999999996,-0.0014050500000000017,-0.0008635000000000012,-3.903127820947816e-18,1.2000000000001593e-05,0.0009480000000000001,0.0015119999999999995,0.0012707675034283183,0.000917465819981748,0.0,0.05025167253439774,0.050259364291853896,0.0011502078839288061,0.029638177848435636,0.39771715446723577,-0.14283270681196106,-0.08763301919083398,-0.0009651189496290846,0.0015428866750210601,0.09597869513038396,0.15252635378678894,0.00040352771128855116,0.0002863730967365378,0.0,0.015685300494521083,0.015687876741824137,0.00035836696572441834,0.00923431456841517,0.12396128427860036,-0.044431582264195864,-0.027306267595553994,-1.2342773912964964e-16,0.0003794733192202559,0.029978392218396238,0.04781363822174588,0.04018519687359315,0.029012816664963456,0.0,1.5890974144162289,1.5893406491439392,0.03637276695897607,0.9372414769820533,12.576920726374762,-4.516766778928444,-2.7711993888028115,-0.030519740938172255,0.04879036064590569,3.035112834629248,4.823306811669014,0.00040352771128855116,0.0002863730967365378,0.0,0.015685300494521083,0.015687876741824137,0.00035836696572441834,0.00923431456841517,0.12396128427860036,-0.044431582264195864,-0.027306267595553994,-1.2342773912964964e-16,0.0003794733192202559,0.029978392218396238,0.04781363822174588,0.04018519687359315,0.029012816664963456,0.0,1.5890974144162289,1.5893406491439392,0.03637276695897607,0.9372414769820533,12.576920726374762,-4.516766778928444,-2.7711993888028115,-0.030519740938172255,0.04879036064590569,3.035112834629248,4.823306811669014,0.012760666666666611,0.009055912462831918,0.0,0.4960127534685206,0.4960942215614557,0.011332558498526556,0.292014666666667,3.9199999999999964,-1.4050500000000017,-0.8635000000000012,-3.903127820947816e-15,0.012000000000001593,0.9480000000000001,1.5119999999999996,1.2707675034283181,0.9174658199817479,0.0,50.251672534397734,50.25936429185389,1.1502078839288061,29.63817784843564,397.7171544672358,-142.83270681196106,-87.63301919083398,-0.9651189496290846,1.5428866750210601,95.97869513038395,152.52635378678897,0.372,0.008824511317914438,0.06266666666666666,0.004424912637764937,0.0026666666666666666,0.0009415511236882033,0.247,0.007873817371516817,0.06233333333333333,0.004413913187822074,0.0033333333333333335,0.0010523342660045845,0.0017313251030356362,0.17531037301175822,0.2865401886056085,0.2866879091545995,material,material
28,nonlinear_smooth,1000,1000,0.05,3000,1.6477333333333502e-05,9.20747751308159e-06,0.0,0.0005043143131636355,0.0005044994066729249,1.1165882927587959e-05,0.0002991233333333339,0.003484999999999988,-0.0014640600000000207,-0.000930100000000001,-1.3877787807814457e-17,3.199999999999037e-05,0.0009681000000000094,0.001482000000000011,0.00034951419059534716,0.00019427498766975447,0.0,0.010640879310576253,0.010644845226720922,0.00023465643528277383,0.006339146219920332,0.0727611597033535,-0.031291453456336195,-0.019776633400527953,-0.000277024467959075,0.0006662843608325475,0.02046453349859818,0.03138616973795473,0.0005210590309914831,0.00029116600446120613,0.0,0.015947818862205244,0.015953672032899924,0.000353096221379669,0.009459110346351014,0.11020537645686763,-0.04629764231146183,-0.029412344517226127,-4.388541835720876e-16,0.0010119288512535768,0.030614010028090374,0.04686495492369573,0.011052609168314997,0.006143514534375518,0.0,0.33649414928383187,0.33661956256409575,0.007420488031094625,0.2004614047579489,2.3009098985785847,-0.9895226421917056,-0.6253920599582935,-0.008760282863470139,0.021069761495803325,0.6471453710838446,0.9925178340058708,0.0005210590309914831,0.00029116600446120613,0.0,0.015947818862205244,0.015953672032899924,0.000353096221379669,0.009459110346351014,0.11020537645686763,-0.04629764231146183,-0.029412344517226127,-4.388541835720876e-16,0.0010119288512535768,0.030614010028090374,0.04686495492369573,0.011052609168314997,0.006143514534375518,0.0,0.33649414928383187,0.33661956256409575,0.007420488031094625,0.2004614047579489,2.3009098985785847,-0.9895226421917056,-0.6253920599582935,-0.008760282863470139,0.021069761495803325,0.6471453710838446,0.9925178340058708,0.0164773333333335,0.00920747751308159,0.0,0.5043143131636355,0.5044994066729249,0.011165882927587956,0.2991233333333339,3.484999999999988,-1.4640600000000206,-0.930100000000001,-1.3877787807814457e-14,0.03199999999999037,0.9681000000000094,1.482000000000011,0.3495141905953472,0.19427498766975446,0.0,10.640879310576253,10.644845226720921,0.2346564352827738,6.339146219920332,72.76115970335351,-31.291453456336193,-19.776633400527952,-0.277024467959075,0.6662843608325475,20.46453349859818,31.386169737954727,0.43733333333333335,0.009056726577317894,0.026,0.002905397276334741,0.0016666666666666668,0.0007447346034861208,0.252,0.00792666386318986,0.026,0.002905397276334741,0.0016666666666666668,0.0007447346034861208,0.00371098173797349,0.07830833010533413,0.1359476931698468,0.13593503031417378,small,small
29,nonlinear_smooth,1000,1000,0.1,3000,2.824200000000028e-05,9.412025387022827e-06,0.0,0.0005155178616283694,0.0005162050852132326,1.1321593252984832e-05,0.0003119873333333346,0.004150000000000015,-0.0014970099999999983,-0.000946100000000001,-1.3877787807814457e-17,0.0002632499999999996,0.0009721000000000252,0.0014969999999999985,0.0003343703635361891,0.00010490286737534186,0.0,0.00574576668084475,0.005754531577733625,0.0001265879511709516,0.003498992738803128,0.04602551804735566,-0.016374100844747237,-0.01046574235379266,-0.00012122415683418764,0.0031052576367484597,0.010846711056751855,0.016792896028421187,0.0008930904567847625,0.0002976343761831993,0.0,0.016302106172451664,0.0163238380903512,0.0003580202142142698,0.009865905744555096,0.1312345228969882,-0.0473396128004866,-0.029918308942853068,-4.388541835720876e-16,0.008324695940393246,0.03074050113449761,0.04733929657272059,0.010573719308328707,0.003317319939886499,0.0,0.1816970961537517,0.1819742665300054,0.004003062500343857,0.11064786571008502,1.4554546751882937,-0.5177945330668837,-0.3309558324247656,-0.003833444430294995,0.0981968685375691,0.3430031206106774,0.5310379996020662,0.0008930904567847625,0.0002976343761831993,0.0,0.016302106172451664,0.0163238380903512,0.0003580202142142698,0.009865905744555096,0.1312345228969882,-0.0473396128004866,-0.029918308942853068,-4.388541835720876e-16,0.008324695940393246,0.03074050113449761,0.04733929657272059,0.010573719308328707,0.003317319939886499,0.0,0.1816970961537517,0.1819742665300054,0.004003062500343857,0.11064786571008502,1.4554546751882937,-0.5177945330668837,-0.3309558324247656,-0.003833444430294995,0.0981968685375691,0.3430031206106774,0.5310379996020662,0.028242000000000284,0.009412025387022828,0.0,0.5155178616283694,0.5162050852132326,0.01132159325298483,0.31198733333333456,4.150000000000015,-1.4970099999999984,-0.946100000000001,-1.3877787807814457e-14,0.2632499999999996,0.9721000000000252,1.4969999999999986,0.33437036353618915,0.10490286737534185,0.0,5.745766680844749,5.7545315777336254,0.12658795117095156,3.498992738803127,46.02551804735566,-16.37410084474724,-10.46574235379266,-0.12122415683418764,3.1052576367484597,10.846711056751856,16.792896028421186,0.454,0.009089994499448282,0.025,0.002850438562747845,0.0006666666666666666,0.00047124735975289457,0.25833333333333336,0.007991604390905542,0.025,0.002850438562747845,0.0006666666666666666,0.00047124735975289457,0.005237041848897962,0.058292886217346525,0.09856806573387576,0.09871756145814613,negligible,negligible
30,nonlinear_smooth,3000,3000,0.01,3000,-5.486962962962939e-06,3.010455063318814e-06,0.0,0.00016488941465353575,0.00016495321454174306,3.266383435565261e-06,9.81868888888892e-05,0.0008512222222222185,-0.0004955666666666692,-0.0003262333333333353,-5.3888888888907124e-06,3.903127820947816e-18,0.0003122555555555538,0.000488673333333335,-0.0005561908603755811,0.0003043613590213826,0.0,0.016670558196893975,0.016677056785666014,0.0003305631579680146,0.009937043186185377,0.0865182797492503,-0.05030641211441436,-0.033093879880284297,-0.0005649146624280288,0.00013460130429548967,0.03157994580586969,0.04929225379508865,-0.00030053333870101853,0.00016488941465353575,0.0,0.009031365189956442,0.009034859653750187,0.00017890718891203157,0.005377917389569798,0.04662336125607844,-0.027143304208097824,-0.01786853556767698,-0.0002951616004334394,2.1378311523591038e-16,0.017102941148408442,0.02676574079179088,-0.030463828050591203,0.016670558196893972,0.0,0.9130840770641477,0.9134400194303876,0.018105689829922517,0.544274270797674,4.73880134552068,-2.7553956702215903,-1.8126264525798075,-0.03094165036772475,0.00737241706322567,1.7297048682665492,2.6998479313839687,-0.00030053333870101853,0.00016488941465353575,0.0,0.009031365189956442,0.009034859653750187,0.00017890718891203157,0.005377917389569798,0.04662336125607844,-0.027143304208097824,-0.01786853556767698,-0.0002951616004334394,2.1378311523591038e-16,0.017102941148408442,0.02676574079179088,-0.030463828050591203,0.016670558196893972,0.0,0.9130840770641477,0.9134400194303876,0.018105689829922517,0.544274270797674,4.73880134552068,-2.7553956702215903,-1.8126264525798075,-0.03094165036772475,0.00737241706322567,1.7297048682665492,2.6998479313839687,-0.016460888888888824,0.009031365189956442,0.0,0.4946682439606073,0.4948596436252292,0.009799150306695783,0.29456066666666764,2.5536666666666554,-1.4867000000000077,-0.9787000000000059,-0.016166666666672137,1.1709383462843448e-14,0.9367666666666614,1.466020000000005,-1.668572581126744,0.9130840770641477,0.0,50.01167459068192,50.03117035699804,0.9916894739040438,29.811129558556132,259.5548392477509,-150.91923634324309,-99.28163964085287,-1.6947439872840864,0.403803912886469,94.73983741760907,147.87676138526595,0.3636666666666667,0.008782809387703957,0.03666666666666667,0.0034313370679771573,0.0,0.0,0.245,0.007852282046216458,0.03666666666666667,0.0034313370679771573,0.0,0.0,0.0009524715606991008,0.09630413095427227,0.17318439872437735,0.17317073131146074,small,small
31,nonlinear_smooth,3000,3000,0.05,3000,3.0097407407405814e-06,3.102909616357268e-06,0.0,0.00016995335907785768,0.00016995168358414816,3.590585555082859e-06,9.995211111111256e-05,0.0009866666666666496,-0.0004996700000000092,-0.00032357777777777157,-2.7755575615628914e-17,3.333333333327415e-06,0.00032623333333332486,0.000498899999999993,6.644537655647276e-05,6.535439360208704e-05,0.0,0.003579607560793438,0.0035796276455229504,7.55314282841368e-05,0.002111755090337945,0.020704048289884813,-0.01048179623516837,-0.0068261633867300105,-4.9487112474544404e-05,0.00010712896754433432,0.0068698636489009385,0.010527069679998252,0.0001648502895945924,0.0001699533590778577,0.0,0.009308728849071806,0.00930863707850184,0.00019666447031710892,0.005474602592581911,0.054041959007175455,-0.027368053030861143,-0.017723084799627937,-1.5202354861220295e-15,0.00018257418583473122,0.017868535567676407,0.027325878393932353,0.003639363158190507,0.003579607560793438,0.0,0.19606318080626114,0.19606428089220265,0.004137026707180546,0.11566558989044526,1.134007428004617,-0.5741116241174441,-0.3738843668127888,-0.002710520780810327,0.005867695208627073,0.3762779287487794,0.5765913528163733,0.0001648502895945924,0.0001699533590778577,0.0,0.009308728849071806,0.00930863707850184,0.00019666447031710892,0.005474602592581911,0.054041959007175455,-0.027368053030861143,-0.017723084799627937,-1.5202354861220295e-15,0.00018257418583473122,0.017868535567676407,0.027325878393932353,0.003639363158190507,0.003579607560793438,0.0,0.19606318080626114,0.19606428089220265,0.004137026707180546,0.11566558989044526,1.134007428004617,-0.5741116241174441,-0.3738843668127888,-0.002710520780810327,0.005867695208627073,0.3762779287487794,0.5765913528163733,0.009029222222221744,0.009308728849071805,0.0,0.5098600772335731,0.5098550507524445,0.010771756665248574,0.2998563333333377,2.959999999999949,-1.4990100000000277,-0.9707333333333148,-8.326672684688674e-14,0.009999999999982245,0.9786999999999746,1.4966999999999788,0.19933612966941822,0.19606318080626114,0.0,10.738822682380315,10.738882936568851,0.2265942848524104,6.335265271013837,62.11214486965444,-31.445388705505113,-20.478490160190034,-0.1484613374236332,0.32138690263300296,20.609590946702813,31.581209039994754,0.385,0.008883974335847668,0.014666666666666666,0.00219480868988283,0.0006666666666666666,0.00047124735975289457,0.253,0.007937064948707424,0.014666666666666666,0.00219480868988283,0.0006666666666666666,0.00047124735975289457,0.002179205399232054,0.045917785560953356,0.07798791414707336,0.07795732311113283,negligible,negligible
32,nonlinear_smooth,3000,3000,0.1,3000,8.702962962966604e-07,3.067234115912113e-06,0.0,0.00016799933144344797,0.00016797358380402265,3.731791656680436e-06,9.950903703703959e-05,0.0011666666666666492,-0.0004996755555555377,-0.0003214222222222021,-2.7777777778653645e-07,3.6666666666726466e-06,0.00032292222222220484,0.000498668888888897,1.6664862624252264e-05,3.408471887898521e-05,0.0,0.00186689693962424,0.001866660154597933,4.1167040587779686e-05,0.0011113914008892066,0.012640583609745182,-0.0055514556233208666,-0.0036288149714943096,-3.3556093030018275e-05,8.867346470470272e-05,0.0035814972253370597,0.005550630057620934,4.766809131948807e-05,0.00016799933144344797,0.0,0.009201702347736339,0.009200292091444762,0.00020439864702734495,0.005450334426080362,0.06390096504226843,-0.027368357321169382,-0.017605020159453838,-1.5214515486734346e-05,0.00020083160441888845,0.01768717854307976,0.02731321991704862,0.0009127721177027706,0.0018668969396242398,0.0,0.10225415663695564,0.10224118738693687,0.002254811675565767,0.06087341404842856,0.6923532783087516,-0.30406574718817414,-0.19875838168999,-0.001837942909428289,0.004856845687090386,0.19616668199592707,0.30402052909251853,4.766809131948807e-05,0.00016799933144344797,0.0,0.009201702347736339,0.009200292091444762,0.00020439864702734495,0.005450334426080362,0.06390096504226843,-0.027368357321169382,-0.017605020159453838,-1.5214515486734346e-05,0.00020083160441888845,0.01768717854307976,0.02731321991704862,0.0009127721177027706,0.0018668969396242398,0.0,0.10225415663695564,0.10224118738693687,0.002254811675565767,0.06087341404842856,0.6923532783087516,-0.30406574718817414,-0.19875838168999,-0.001837942909428289,0.004856845687090386,0.19616668199592707,0.30402052909251853,0.002610888888889982,0.009201702347736339,0.0,0.5039979943303439,0.5039207514120678,0.01119537497004131,0.2985271111111188,3.4999999999999476,-1.499026666666613,-0.9642666666666063,-0.0008333333333596094,0.01100000000001794,0.9687666666666145,1.4960066666666911,0.04999458787275681,0.10225415663695564,0.0,5.60069081887272,5.599980463793799,0.12350112176333906,3.3341742026676195,37.92175082923555,-16.6543668699626,-10.88644491448293,-0.10066827909005482,0.26602039411410816,10.74449167601118,16.6518901728628,0.3953333333333333,0.008926456723114139,0.012666666666666666,0.0020417494314290234,0.0,0.0,0.25633333333333336,0.0079713352197223,0.012666666666666666,0.0020417494314290234,0.0,0.0,0.0030269486505688083,0.03365452108067765,0.05549271005058442,0.05546536080912035,negligible,negligible
33,nonlinear_smooth,3000,5000,0.01,3000,2.9915733333333515e-06,2.3469790288761475e-06,0.0,0.00012854933561070347,0.00012856271966009433,2.7754068258735915e-06,8.130592000000029e-05,0.000828479999999996,-0.0003154132000000021,-0.00020072400000000135,-9.367000000000229e-05,9.620000000000158e-05,0.0002016799999999993,0.00039241040000000257,0.0002993535075255973,0.00023727984158811952,0.0,0.01299635216790655,0.012997633648918294,0.0002804969025537966,0.008225616736072475,0.08379545919067244,-0.031897634323662126,-0.020303847492647954,-0.009474542459193935,0.009740616633807042,0.020379914847932112,0.039631212204166225,0.00021153617904168565,0.00016595647866209418,0.0,0.009089810692735376,0.009090757087943777,0.00019625089871266486,0.005749196738261116,0.05858238260774281,-0.022303081259575027,-0.014193330154688951,-0.006623469219374553,0.006802367235014699,0.014260929562970242,0.02774760548481274,0.021167489514332814,0.01677821850258291,0.0,0.918980874861521,0.9190714892528576,0.019834126189761176,0.5816389373518404,5.925233742636509,-2.255503353407027,-1.4356988246228848,-0.66995132215359,0.6887656074703441,1.4410775988977205,2.8023498896208996,0.0001638552197097598,0.00012854933561070347,0.0,0.007040937086628444,0.007041670161204656,0.0001520152924784779,0.00445330864427106,0.04537771844418779,-0.017275892457488964,-0.010994106263266771,-0.005130517196151017,0.005269091003199784,0.011046468539764154,0.021493202787962663,0.01639626687400622,0.01299635216790655,0.0,0.7118395247643586,0.7119097143700733,0.015363448083904281,0.45053558357389134,4.589666321523489,-1.747105385012079,-1.112087527586799,-0.5189420626940988,0.5335155454346155,1.1162539082246887,2.170690890549588,0.008974720000000054,0.007040937086628443,0.0,0.3856480068321104,0.38568815898028297,0.008326220477620775,0.24391776000000087,2.485439999999988,-0.9462396000000063,-0.602172000000004,-0.28101000000000687,0.28860000000000474,0.6050399999999979,1.1772312000000076,0.8980605225767918,0.7118395247643585,0.0,38.98905650371965,38.99290094675489,0.8414907076613897,24.676850208217424,251.38637757201732,-95.6929029709864,-60.911542477943854,-28.423627377581806,29.221849901421127,61.13974454379634,118.89363661249867,0.25533333333333336,0.007961118477161824,0.04466666666666667,0.0037714522205447402,0.0006666666666666666,0.00047124735975289457,0.135,0.006238990302925627,0.04466666666666667,0.0037714522205447402,0.0006666666666666666,0.00047124735975289457,0.0007512711940484584,0.07595645683109702,0.17112691219703785,0.17111953599706334,small,small
34,nonlinear_smooth,3000,5000,0.05,3000,6.7698533333333305e-06,2.352102745873639e-06,0.0,0.00012882997314848336,0.00012898628031021996,2.4520804070423974e-06,8.268702666666794e-05,0.000598079999999987,-0.00032222879999999516,-0.0002009639999999993,-7.686000000000151e-05,9.760000000000324e-05,0.0002052839999999889,0.0003899287999999881,0.00014520712618033545,4.957541646619868e-05,0.0,0.0027153573896250066,0.0027187852325932043,5.171123955836242e-05,0.0017455753209364103,0.012565097081499887,-0.006758643391705363,-0.00423516216301909,-0.0016796652131916279,0.0020559260593662754,0.004324316817660633,0.008258019219284098,0.00047870091996383507,0.00016631878016547494,0.0,0.009109654763337343,0.00912070734873854,0.00017338826838343488,0.00584685572721538,0.042290642369204115,-0.022785016957360037,-0.014210300717437285,-0.005434822720199911,0.0069013621843809336,0.014515770846909137,0.027572129865992463,0.010267694359872586,0.003505511316339632,0.0,0.19200476235488445,0.19224714745564997,0.0036565368155280116,0.12343081465060197,0.8884865352595868,-0.477908257389651,-0.29947118848954857,-0.11877026623709482,0.14537592581960299,0.3057753745766865,0.5839301389124625,0.0003708001381668205,0.00012882997314848338,0.0,0.007056308237620919,0.007064869533459194,0.00013430597517535706,0.004528954971836524,0.03275819071926826,-0.017649198243781805,-0.011007251604646783,-0.0042097955769847895,0.005345772161250599,0.011243867749488445,0.02135727995809139,0.00795332185194687,0.0027153573896250066,0.0,0.14872624939859605,0.14891400009032277,0.0028323412382668584,0.09560909791011918,0.6882187108779817,-0.3701861443770252,-0.23196938513779275,-0.09199905263217786,0.11260770792776144,0.2368525866831683,0.4523103406713102,0.020309559999999987,0.0070563082376209185,0.0,0.3864899194454501,0.3869588409306599,0.0073562412211271916,0.24806108000000382,1.7942399999999608,-0.9666863999999854,-0.6028919999999979,-0.23058000000000453,0.2928000000000097,0.6158519999999666,1.1697863999999643,0.4356213785410063,0.14872624939859602,0.0,8.146072168875019,8.156355697779613,0.15513371867508727,5.236725962809231,37.695291244499664,-20.27593017511609,-12.705486489057272,-5.038995639574884,6.167778178098827,12.972950452981898,24.774057657852293,0.2683333333333333,0.00808971683796896,0.020666666666666667,0.0025974061135137336,0.0003333333333333333,0.0003332777731473764,0.13966666666666666,0.0063287673599442965,0.020666666666666667,0.0025974061135137336,0.0003333333333333333,0.0003332777731473764,0.001738280856720351,0.03663808222500668,0.07420336006782065,0.07420653777389978,negligible,negligible
35,nonlinear_smooth,3000,5000,0.1,3000,9.112893333333589e-06,2.3855110413883498e-06,0.0,0.00013065982085460392,0.00013095549987584835,2.6369159984560314e-06,8.386902666666931e-05,0.0008727199999999935,-0.0003116496000000293,-0.00020056400000001556,-9.479999999999211e-06,9.792000000000134e-05,0.00020480000000000636,0.00038401279999996816,0.00010752636659301899,2.652358328151975e-05,1.3435918078119613e-07,0.0014527564869155265,0.0014564888703034247,2.922828307788013e-05,0.0009359046154186424,0.009593169696954895,-0.003440599501447852,-0.0022327269021695127,-0.00010204537532959579,0.00109014343626479,0.0023031922894599537,0.004268827602781892,0.0006443788672229862,0.00016868110339610852,0.0,0.009239044535490992,0.009259952199588646,0.00018645811839275558,0.005930435748751725,0.06171062300771192,-0.022036954551409582,-0.014182016446190972,-0.0006703372285647914,0.006923989601378768,0.014481546878700945,0.027153805494241092,0.007603262297427437,0.0018755005599728758,9.500628784505304e-06,0.10272539633107147,0.10298931569142857,0.0020667517166809055,0.06617845001063098,0.6783395345790104,-0.24328712388208307,-0.1578776333061696,-0.007215697688428361,0.07708478162488379,0.1628602886253703,0.30185169456433897,0.0004991337242805251,0.00013065982085460392,0.0,0.00715653312416505,0.007172728131136713,0.00014442983746006262,0.0045936957781337094,0.0478008430385905,-0.01706975159574781,-0.010985342702347467,-0.0005192409845148543,0.0053632992830906605,0.011217357977706151,0.021033247293070243,0.005889461650956641,0.0014527564869155263,7.359155412177571e-06,0.07957074984455925,0.07977518090204021,0.0016008989958901474,0.05126160695379878,0.5254395440997195,-0.1884493958284017,-0.12229148890668724,-0.005589255395710079,0.05970961509584208,0.12615103712091846,0.23381331721443455,0.027338680000000767,0.007156533124165049,0.0,0.3919794625638118,0.3928664996275451,0.007910747995368093,0.251607080000008,2.6181599999999805,-0.934948800000088,-0.6016920000000466,-0.028439999999997634,0.293760000000004,0.614400000000019,1.1520383999999044,0.3225790997790569,0.07957074984455925,0.0004030775423435884,4.3582694607465795,4.369466610910274,0.0876848492336404,2.807713846255927,28.779509090864686,-10.321798504343555,-6.698180706508539,-0.30613612598878737,3.27043030879437,6.909576868379862,12.806482808345677,0.2733333333333333,0.00813679343521804,0.011666666666666667,0.0019604893569000878,0.0,0.0,0.14466666666666667,0.006422310649141325,0.011666666666666667,0.0019604893569000878,0.0,0.0,0.0025065330826851864,0.02785583457776304,0.05224566983794165,0.05228667144175681,negligible,negligible
