dgp,alpha,reference_size,evaluation_size,replications,main_regime,true_delta_pi,mean_delta_pi,bias_delta_pi,standardized_bias_delta_pi,empirical_var_delta_pi,exact_if_var_delta_pi,empirical_exact_var_ratio_delta_pi,mean_estimated_var_delta_pi,estimated_exact_var_ratio_delta_pi,normal_coverage_delta_pi,evaluation_only_coverage_delta_pi,reference_variance_share_delta_pi,true_delta_s,mean_delta_s,bias_delta_s,standardized_bias_delta_s,empirical_var_delta_s,exact_if_var_delta_s,empirical_exact_var_ratio_delta_s,mean_estimated_var_delta_s,estimated_exact_var_ratio_delta_s,normal_coverage_delta_s,evaluation_only_coverage_delta_s,reference_variance_share_delta_s,mean_bridge_delta_pi,rms_bridge_delta_pi,standardized_rms_bridge_delta_pi,mean_bridge_delta_s,rms_bridge_delta_s,standardized_rms_bridge_delta_s,mean_pathwise_disagreement_probability,mean_interval_union_probability,support_violation_count,maximum_covariance_identity_error,maximum_candidate_threshold_gap,monte_carlo_se_coverage
transparent_k3,0.01,500,500,2000,0,0.004651431969591613,0.005495876,0.0008444440304083874,0.2845017626219196,1.0140582675961982e-05,8.80991700320219e-06,1.1510417944092013,9.625523389545117e-06,1.0925782145332896,0.954,0.834,0.4669116314193813,0.47538475410867953,0.5661713497262666,0.09078659561758706,0.29717401833690904,0.10948103127499395,0.0933301122779473,1.1730515329173445,0.10398252183231407,1.1141368985246984,0.9555,0.834,0.4670984907770012,-0.0008657140000000001,0.0015892239439424514,0.5354256729530377,-0.09175735861240188,0.16619994910596406,0.5440264213811018,0.005916,0.006182,0,1.0408340855860843e-17,0.6795755974750541,0.0046842288586276416
transparent_k3,0.01,1000,1000,2000,0,0.004651431969591613,0.0051096385,0.0004582065304083874,0.21831841206184735,4.88936252908229e-06,4.404958501601095e-06,1.1099678980642216,4.624297580469451e-06,1.0497936765553255,0.952,0.841,0.4669116314193813,0.47538475410867953,0.5243577709998934,0.048973016891213916,0.2267049288974647,0.0523255872981831,0.04666505613897365,1.1213012825346609,0.04948063306649048,1.0603358735738309,0.9525,0.8435,0.4670984907770012,-0.000439193,0.0008067866471378912,0.38440390519720585,-0.046325627505819415,0.08397351218094325,0.3887285349509788,0.002896,0.0030090000000000004,0,1.0408340855860843e-17,0.30755330749093934,0.004779958158812692
transparent_k3,0.01,3000,3000,2000,1,0.004651431969591613,0.004794337277777778,0.00014290530818616542,0.11793374166455924,1.4889064359987372e-06,1.4683195005336983e-06,1.0140207464775588,1.490179801863416e-06,1.014887973170534,0.951,0.8355,0.46691163141938125,0.47538475410867953,0.4906026568156633,0.015217902706983755,0.12201677280048952,0.01582873219905579,0.015555018712991217,1.017596474238631,0.015834310660868982,1.0179551020176212,0.9515,0.836,0.4670984907770012,-0.00013691594444444443,0.0002537139479832248,0.20937945257547635,-0.014420134650118752,0.02629075435514146,0.210798627292617,0.0009421666666666667,0.0009836666666666668,0,6.938893903907228e-18,0.14680811852521147,0.004826955562256609
transparent_k3,0.01,3000,5000,2000,1,0.004651431969591613,0.0047892351400000005,0.00013780317040838763,0.12821135975425305,1.1486135939069338e-06,1.155221881695851e-06,0.994279637623193,1.1686923209190848e-06,1.0116604779018377,0.955,0.7975,0.593457814729638,0.47538475410867953,0.49004121592026556,0.01465646181158603,0.13248015377628014,0.012212122986444455,0.012239301533733215,0.9977794037336319,0.012414767644583519,1.0143362846618897,0.9555,0.797,0.5936389216999729,-0.00014553036000000008,0.000244885797736006,0.2278404845054804,-0.015302973004825124,0.025423179917721743,0.22980080924574403,0.0009422,0.0009812,0,8.673617379884035e-18,0.11541752269601657,0.004635461142108735
transparent_k3,0.05,500,500,2000,0,0.019388993994652992,0.019808598,0.00041960400534700806,0.07418712531499777,3.394461787933566e-05,3.1990583713051056e-05,1.0610815414877042,3.2498510579447875e-05,1.015877386638294,0.943,0.8635,0.3803123475483739,0.43087006106621795,0.4440145529094291,0.013144491843211148,0.10152619131942964,0.01835258859904364,0.016762215276961357,1.0948784689734987,0.017370130783676524,1.0362670146320523,0.946,0.8605,0.38277293401797946,-0.0005727999999999997,0.001339137644904362,0.23676316481867746,-0.01500768372735583,0.03179406964887756,0.24557288608021555,0.005170000000000001,0.005811000000000001,0,3.469446951953614e-17,0.17677145514237003,0.005184158562389852
transparent_k3,0.05,1000,1000,2000,1,0.019388993994652992,0.0195312265,0.00014223250534700638,0.03556335914039436,1.6779632796596047e-05,1.5995291856525528e-05,1.0490357379600133,1.6069653752918996e-05,1.0046489865305666,0.94,0.8645,0.3803123475483739,0.43087006106621795,0.43592412605224706,0.0050540649860291165,0.05520648706190607,0.008915095060213632,0.008381107638480679,1.063713227984476,0.008505148531813137,1.0148000596917457,0.9405,0.863,0.38277293401797946,-0.0003023919999999998,0.0006651432898255834,0.16631029340430942,-0.007882493429813339,0.015689194323455335,0.17137597277119326,0.0026775,0.003001,0,2.7755575615628914e-17,0.08673013295099885,0.005310367218940704
transparent_k3,0.05,3000,3000,2000,1,0.019388993994652992,0.01952856822222222,0.0001395742275692273,0.06044630748261412,5.521443440090466e-06,5.331763952175177e-06,1.0355753723564425,5.363434045686512e-06,1.0059398903993892,0.9485,0.873,0.38031234754837384,0.43087006106621795,0.43478000937809463,0.0039099483118766876,0.07397431195324004,0.0029236995071580027,0.0027937025461602263,1.046532141074378,0.0028227706950832766,1.0104048832840142,0.949,0.8695,0.38277293401797946,-0.00010238188888888888,0.00023128890546267764,0.10016577229474599,-0.002649870054037674,0.0054444968470653875,0.10300722057369972,0.0008819999999999999,0.0009835,0,3.122502256758253e-17,0.030217865085423012,0.004942051699446293
transparent_k3,0.05,3000,5000,2000,1,0.019388993994652992,0.01952731732,0.00013832332534700897,0.06907405774438057,4.01179120152478e-06,4.010152637395321e-06,1.0004086039304787,4.028750102502151e-06,1.004637595320788,0.953,0.8285,0.5056504947758285,0.43087006106621795,0.43451377525291035,0.003643714186692404,0.07943744237327083,0.002110735412820141,0.0021039630158430356,1.0032188764375174,0.002120600115109467,1.0079075055697997,0.953,0.829,0.5082569001046678,-0.00010673590000000001,0.0002081664797089096,0.1039514008485957,-0.002758592897594858,0.004937641849006142,0.10764665386566102,0.0009093,0.0010183,0,2.7755575615628914e-17,0.03180920313032787,0.004732388403332932
transparent_k3,0.1,500,500,2000,0,0.03198006594755043,0.032387488000000006,0.00040742205244957697,0.0591878750294688,4.52721770583852e-05,4.738311064318067e-05,0.9554496622078722,4.782833667644203e-05,1.0093963023367998,0.951,0.904,0.2880761322744124,0.3945826617358672,0.40242435832791545,0.007841696592048253,0.0880885149551883,0.0076941785560986535,0.007924675587181457,0.9709140104794141,0.008146116085559449,1.0279431625865143,0.955,0.901,0.2928561756225441,-0.00039744600000000025,0.0012038049443327604,0.17488168884486716,-0.007026287213261443,0.016363205163296115,0.18381359516044823,0.004999000000000001,0.00598,0,5.551115123125783e-17,0.0955081259323387,0.004826955562256609
transparent_k3,0.1,1000,1000,2000,1,0.03198006594755043,0.0318656635,-0.00011440244755042683,-0.0235038241767862,2.4338570502519022e-05,2.3691555321590335e-05,1.027309949564141,2.3734667165998882e-05,1.001819713557145,0.943,0.888,0.2880761322744124,0.3945826617358672,0.39475396478142183,0.00017130304555462716,0.0027213809216347987,0.004136788232851086,0.0039623377935907285,1.0440271497151352,0.004005323772047495,1.0108486405490966,0.939,0.885,0.2928561756225441,-0.00020295650000000026,0.0006133184788509151,0.12600543082727161,-0.003551600461316498,0.008309509308908046,0.13200781123414357,0.0024975000000000006,0.0029950000000000007,0,5.551115123125783e-17,0.05126470336830691,0.005184158562389852
transparent_k3,0.1,3000,3000,2000,1,0.03198006594755043,0.031776408222222226,-0.0002036577253282032,-0.07247107940351559,7.692654824025888e-06,7.897185107196778e-06,0.9741008624725664,7.898056271247705e-06,1.000110313236818,0.954,0.903,0.2880761322744125,0.3945826617358672,0.3924778233939114,-0.0021048383419557948,-0.05791667556069409,0.001285560096954002,0.0013207792645302428,0.9733345544391423,0.0013233020747174984,1.0019100922122313,0.956,0.905,0.2928561756225441,-6.759949999999922e-05,0.00020551758623798245,0.07313290613979527,-0.0011827029743743589,0.002770566213031132,0.07623482586812119,0.0008446666666666666,0.0010106666666666667,0,5.551115123125783e-17,0.016759574757261753,0.0046842288586276416
transparent_k3,0.1,3000,5000,2000,1,0.03198006594755043,0.03192344312,-5.662282755043019e-05,-0.02382497179083524,5.498011017555043e-06,5.648307280932603e-06,0.9733909194556526,5.6527296070256766e-06,1.0007829471509107,0.9555,0.878,0.40277386274932114,0.3945826617358672,0.3943550193227029,-0.00022764241316430844,-0.0073966545876459466,0.0009291046429051008,0.0009471869044188992,0.980909510647329,0.0009504234996987769,1.003417060840662,0.9555,0.872,0.40836540544147926,-6.047011999999998e-05,0.00016751621624666653,0.07048516118397137,-0.0010907619618267862,0.0022937824480577028,0.07453055971270942,0.0008227999999999999,0.0009869,0,5.551115123125783e-17,0.01576398035964277,0.004610843198374891
gain_coupled_k20,0.01,500,500,2000,0,0.021425200678720557,0.023535471999999998,0.002110271321279441,0.34307051770955127,3.934749066654928e-05,3.783639911795294e-05,1.0399375094835424,4.067120649912269e-05,1.0749227581708394,0.9435,0.914,0.2656184210035705,2.34272961610562,2.6190224201752232,0.2762928040696031,0.3973289223800021,0.5239122920525815,0.4835471070197759,1.0834772547427418,0.5415430959703783,1.1199386535637583,0.9445,0.913,0.27566868110864234,-0.0026576620000000003,0.0036891272040958417,0.5997478935733287,-0.33236288729696056,0.4418800612841414,0.6354553067802937,0.019043000000000004,0.036136,0,2.7755575615628914e-17,0.735190532557684,0.005162739098579358
gain_coupled_k20,0.01,1000,1000,2000,0,0.021425200678720557,0.022282816500000004,0.0008576158212794463,0.197175469277068,1.851103926746148e-05,1.891819955897647e-05,0.9784778519623027,1.95484413576129e-05,1.033314047495465,0.947,0.9095,0.2656184210035705,2.34272961610562,2.4585477941258427,0.11581817802022254,0.23554415501491513,0.2427974089628551,0.24177355350988794,1.0042347702554875,0.2549430494948679,1.05447037442183,0.948,0.905,0.27566868110864234,-0.0013792995000000007,0.0018633944347614653,0.4284152216014795,-0.17071671559881993,0.22190363922700188,0.4512944866679945,0.0096715,0.019034500000000003,0,2.0816681711721685e-17,0.38171869615834186,0.005009540897128201
gain_coupled_k20,0.01,3000,3000,2000,1,0.021425200678720557,0.021732043166666666,0.00030684248794610874,0.12219015666798035,6.461633542840157e-06,6.306066519658823e-06,1.024669423117622,6.372610998844737e-06,1.0105524543673088,0.945,0.9025,0.2656184210035705,2.34272961610562,2.383925327035212,0.04119571092959173,0.14511363885480294,0.08302666490008608,0.08059118450329597,1.0302201836565699,0.08204454123758503,1.0180336936756356,0.9445,0.8965,0.2756686811086424,-0.0004508446666666669,0.0006285830928699685,0.2503130094881605,-0.05573800401531845,0.07442786129115364,0.262175297875042,0.003258,0.006562333333333333,0,2.0816681711721685e-17,0.1308845721325138,0.005097793640389931
gain_coupled_k20,0.01,3000,5000,2000,1,0.021425200678720557,0.02179431624,0.0003691155612794428,0.17490598057698314,4.436853828701813e-06,4.453642884473397e-06,0.9962302644807659,4.497655785077708e-06,1.0098824494343164,0.942,0.876,0.3760982806984338,2.34272961610562,2.3907670049721865,0.04803738886656639,0.20078194650142592,0.057487789787364,0.05724129691838033,1.004306206921467,0.05824133485966049,1.0174705674944107,0.9435,0.8715,0.3881195349693954,-0.00044827515999999946,0.0005676172128369607,0.2689662957028844,-0.055471355486455695,0.06788692441342017,0.28374708008345484,0.0032550999999999995,0.0065395,0,2.0816681711721685e-17,0.15536934704745997,0.005226662414964259
gain_coupled_k20,0.05,500,500,2000,0,0.0450471636754628,0.04463016399999999,-0.000416999675462805,-0.048764275547841456,7.375360764092447e-05,7.31253370234056e-05,1.008591695342447,7.33705876195553e-05,1.0033538388489232,0.95,0.9355,0.0793238203632062,1.2636444226743242,1.2677956917747077,0.004151269100383548,0.016316286864145494,0.06679329072624747,0.06473201248139984,1.0318432590897728,0.06671510737620968,1.0306354586979614,0.9515,0.9325,0.09447732751645592,-0.0003567539999999988,0.001978443855154853,0.23136080669998135,-0.02485904117244104,0.06264759712738932,0.24623221028611697,0.011891000000000002,0.037846000000000005,0,8.326672684688674e-17,0.2060965368615093,0.004873397172404485
gain_coupled_k20,0.05,1000,1000,2000,1,0.0450471636754628,0.044847839,-0.00019932467546279753,-0.03296416832716327,3.653308745380591e-05,3.65626685117028e-05,0.9991909491538502,3.661981773002615e-05,1.0015630483400044,0.9525,0.9445,0.0793238203632062,1.2636444226743242,1.2647698976740303,0.0011254749997060554,0.006255921574019165,0.032880723424751186,0.03236600624069992,1.0159030181303004,0.03278888533869065,1.0130655322391602,0.952,0.941,0.09447732751645592,-0.00021104649999999992,0.0010018042116601436,0.16567764421214218,-0.013351375598968972,0.03189348534876397,0.1772790538360309,0.005949000000000002,0.019593000000000003,0,6.938893903907228e-17,0.1098058694104922,0.00475624589355933
gain_coupled_k20,0.05,3000,3000,2000,1,0.0450471636754628,0.04503995738888889,-7.206286573906151e-06,-0.0020642068440439344,1.163916921279686e-05,1.21875561705676e-05,0.9550043544336584,1.2195434483023408e-05,1.0006464226581235,0.956,0.9475,0.07932382036320622,1.2636444226743242,1.2657622965251618,0.002117873850837615,0.0203899499054514,0.0103481754474947,0.010788668746899974,0.9591707457389639,0.010840730566095753,1.0048256017880555,0.9625,0.95,0.09447732751645592,-6.093883333333279e-05,0.0003312253433171365,0.09487793936363363,-0.004147288288533847,0.010410320495825064,0.10022594751128179,0.0019533333333333334,0.006520333333333334,0,6.938893903907228e-17,0.0282024996581296,0.004586065852122058
gain_coupled_k20,0.05,3000,5000,2000,1,0.0450471636754628,0.04506462378000001,1.7460104537209142e-05,0.006292495822613026,7.401982417788205e-06,7.699239108876796e-06,0.9613914197383648,7.713814771578213e-06,1.0018931302814862,0.962,0.941,0.12556611149093488,1.2636444226743242,1.2662285586217703,0.002584135947446109,0.031152453634391234,0.006538970065447794,0.006880915084406952,0.9503052988207846,0.006919724483519711,1.0056401508573627,0.9605,0.9435,0.14813212750979185,-6.536140000000056e-05,0.0002570867764782933,0.0926522211588825,-0.004307014920374466,0.0084729738935191,0.10214397838632512,0.0019901,0.0065842999999999995,0,6.938893903907228e-17,0.03302300623015175,0.004275277768753747
gain_coupled_k20,0.1,500,500,2000,0,0.04593900879990542,0.0453071,-0.0006319087999054201,-0.06809598837870366,8.63997258689345e-05,8.611241142621579e-05,1.0033365044360056,8.576535781223063e-05,0.9959697608249825,0.9465,0.9435,0.03715904562977515,0.824444582141532,0.822095760113308,-0.0023488220282240624,-0.013461747421694223,0.03084312446814936,0.030443693922923072,1.0131203048564856,0.031129168201299243,1.0225161335582877,0.9485,0.944,0.029311497058135735,0.0002403339999999978,0.0016563926321980554,0.1784967917041373,-0.004059791900170442,0.03147448055238324,0.1803889363833877,0.008348000000000001,0.038669,0,1.1102230246251565e-16,0.13774410243034096,0.005031786462082825
gain_coupled_k20,0.1,1000,1000,2000,1,0.04593900879990542,0.045775239499999995,-0.000163769299905428,-0.024958277824370392,4.3913759408844176e-05,4.3056205713107894e-05,1.0199170754025642,4.298190269758837e-05,0.9982742786019135,0.941,0.9375,0.03715904562977515,0.824444582141532,0.8245304871879161,8.590504638406049e-05,0.0006962817321070648,0.015481967775147085,0.015221846961461536,1.017088649908524,0.015352211091082452,1.0085642780374136,0.944,0.939,0.029311497058135735,0.00010727299999999817,0.0008407989676492224,0.12813692334980534,-0.002250640347296387,0.015764564786341743,0.1277757121074642,0.0042255,0.019697000000000003,0,1.1102230246251565e-16,0.052871238557042455,0.005268728499363013
gain_coupled_k20,0.1,3000,3000,2000,1,0.04593900879990542,0.046022043000000006,8.303420009458246e-05,0.021917941120976166,1.3798114360010018e-05,1.4352068571035964e-05,0.9614024829742045,1.4338089239520046e-05,0.9990259709639258,0.957,0.9525,0.03715904562977516,0.824444582141532,0.8273959731307481,0.0029513909892160406,0.04143369823641547,0.00485031814402057,0.005073948987153846,0.9559256816141705,0.005095063674830969,1.0041613913995946,0.958,0.953,0.029311497058135735,1.5969777777776028e-05,0.00027595644416116396,0.07284223956139448,-0.001119881038074101,0.005310857155901476,0.07455754035244905,0.0013865000000000001,0.006628333333333334,0,9.71445146547012e-17,0.018962171866429456,0.004536022486716751
gain_coupled_k20,0.1,3000,5000,2000,1,0.04593900879990542,0.04581949086,-0.00011951793990542386,-0.04023337361495831,9.066007744729624e-06,8.824564810986693e-06,1.027360321887186,8.813992470787121e-06,0.9988019420304547,0.9475,0.9375,0.06043461432214887,0.824444582141532,0.824038061608239,-0.00040652053329304216,-0.007296783588812032,0.003224995008113103,0.0031038594086163435,1.0390274118603717,0.0031154070630903677,1.0037204180195687,0.9485,0.942,0.047916165402733316,3.7214060000000715e-05,0.00022457029886429803,0.07559719272420391,-0.0007282226797774913,0.004240298959748398,0.0761106545111344,0.0013955000000000003,0.0066205,0,1.1102230246251565e-16,0.01994712491372841,0.004987171041783106
loss_coupled_k20,0.01,500,500,2000,0,-0.02221758914754446,-0.0240497,-0.0018321108524555416,-0.2602281352467716,5.314333083941971e-05,4.956726944488695e-05,1.07214562017601,5.449823652144912e-05,1.0994803048823343,0.9535,0.941,0.10699402909687121,-2.436841541634383,-2.684278113728208,-0.2474365720938252,-0.31848401801806797,0.6732630643204011,0.6036045342537678,1.1154042524759222,0.6888827866607821,1.1412816630220368,0.952,0.933,0.11878635385254008,0.0031240140000000005,0.004345279532550236,0.6171919064645957,0.39099172649560915,0.5167976011624348,0.6651877494402881,0.026762000000000005,0.03851800000000001,0,3.469446951953614e-17,0.6962802592729527,0.004708383480558906
loss_coupled_k20,0.01,1000,1000,2000,0,-0.02221758914754446,-0.023334967,-0.001117377852455543,-0.22444894024691053,2.6092095101461737e-05,2.4783634722443475e-05,1.0527953382815698,2.5996873425487476e-05,1.0489532191961062,0.95,0.9315,0.10699402909687121,-2.436841541634383,-2.582013487345516,-0.1451719457111329,-0.26425392624148925,0.32427743545296966,0.3018022671268839,1.0744698459029027,0.32267194891148576,1.0691501822808633,0.9495,0.9305,0.11878635385254008,0.0016017660000000003,0.0022004567614474957,0.4420082133189494,0.19882894325639117,0.2600605471090072,0.473383616217488,0.013376500000000003,0.019381500000000003,0,2.7755575615628914e-17,0.3866356561193376,0.004873397172404485
loss_coupled_k20,0.01,3000,3000,2000,1,-0.02221758914754446,-0.02269534377777778,-0.00047775463023332077,-0.1662199059976861,8.670171852385006e-06,8.261211574147824e-06,1.0495036683864822,8.42109367890339e-06,1.0193533482735015,0.9435,0.929,0.10699402909687124,-2.436841541634383,-2.4962394791463467,-0.05939793751196376,-0.18727109228095712,0.10572928111058283,0.1006007557089613,1.0509789947946155,0.10318705448002387,1.0257085421758136,0.9435,0.928,0.11878635385254008,0.0005295106111111112,0.0007429998133401226,0.2585037408624992,0.0656683874811225,0.08726378472852096,0.27512713348656037,0.004522499999999999,0.00657,0,2.0816681711721685e-17,0.11190355487285242,0.005162739098579358
loss_coupled_k20,0.01,3000,5000,2000,1,-0.02221758914754446,-0.02254449538,-0.00032690623245554273,-0.1418613867189934,5.593679929114411e-06,5.310287069104608e-06,1.0533667683727665,5.403871937680316e-06,1.0176233162836312,0.9485,0.926,0.16645057038108868,-2.436841541634383,-2.4797216807058553,-0.04288013907147237,-0.16800832446007602,0.06926270194568894,0.06514045221156783,1.0632824856777563,0.0666758154558379,1.0235700427636485,0.9475,0.919,0.18344970843410116,0.00053759058,0.0006785923960157524,0.2944760569190144,0.06653758359306508,0.08073582839977805,0.3163303932091743,0.004562299999999999,0.0066611,0,1.734723475976807e-17,0.14396053276766585,0.004942051699446293
loss_coupled_k20,0.05,500,500,2000,0,-0.061186374939495636,-0.0614415,-0.0002551250605043673,-0.02487104288778893,0.0001039097738849425,0.00010522483384043067,0.9875023803080325,0.00010513778289262118,0.9991727147990417,0.9515,0.9475,0.03393972307976501,-1.8232896743624645,-1.853358010833479,-0.03006833647101459,-0.09560264961752753,0.0999716658128228,0.09891882412813247,1.010643491711209,0.10194842663867197,1.0306271585539186,0.9505,0.9415,0.08346526489801723,0.001182846000000001,0.0025562320411105094,0.24919604761646455,0.0622449653236367,0.0926703612716149,0.29464656573603076,0.015479000000000001,0.038790000000000005,0,6.938893903907228e-17,0.19234477020221208,0.004803527349771207
loss_coupled_k20,0.05,1000,1000,2000,1,-0.061186374939495636,-0.061367621500000004,-0.0001812465605043681,-0.024987663411213813,5.273791107977764e-05,5.2612416920215335e-05,1.0023852574526773,5.257978619129023e-05,0.9993797903454125,0.9465,0.944,0.03393972307976501,-1.8232896743624645,-1.841702892566701,-0.01841321820423647,-0.08279521247733561,0.04975142262841192,0.04945941206406623,1.0059040443903264,0.05029919932762152,1.0169793215994458,0.9475,0.938,0.08346526489801723,0.0005977084999999992,0.0012814925109028155,0.17667371693742606,0.031251792396765087,0.04596795149263048,0.2066953353164814,0.007775000000000001,0.0197745,0,6.938893903907228e-17,0.11515203265398033,0.005031786462082825
loss_coupled_k20,0.05,3000,3000,2000,1,-0.061186374939495636,-0.061079361166666665,0.00010701377282897051,0.025553840310169097,1.7731553317927477e-05,1.7537472306738446e-05,1.0110666467661054,1.7533839486391477e-05,0.99979285382275,0.944,0.941,0.03393972307976501,-1.8232896743624645,-1.8237603509560618,-0.00047067659359734115,-0.0036657154866916205,0.01682750176553627,0.016486470688022076,1.0206855114091802,0.01656283064682586,1.0046316740707435,0.949,0.933,0.08346526489801723,0.000191200388888887,0.0004331931790512659,0.10344228624311956,0.010186875164036342,0.015438514728406317,0.12023797932864833,0.0026198333333333334,0.006650666666666667,0,6.938893903907228e-17,0.034366342925535864,0.005141206084179083
loss_coupled_k20,0.05,3000,5000,2000,1,-0.061186374939495636,-0.061266513380000005,-8.013844050436952e-05,-0.02442998751051652,1.0189554855168564e-05,1.0760570165486968e-05,0.9469344745179158,1.0767124722853294e-05,1.00060912732927,0.9455,0.941,0.05531462965771332,-1.8232896743624645,-1.829587708665072,-0.006298034302607558,-0.06163209182086455,0.009861523927767001,0.010442301470096909,0.9443822279989664,0.010502014445334605,1.0057183730434036,0.9535,0.9335,0.1317762800805624,0.00019841815999999989,0.0003721062875512866,0.11343559844999655,0.010454010105147186,0.014133110422750962,0.1383055597091247,0.0026353999999999995,0.0066424,0,6.938893903907228e-17,0.0350246128077929,0.005075911248239078
loss_coupled_k20,0.1,500,500,2000,0,-0.0800147496165664,-0.07954802200000001,0.0004667276165663953,0.0446543033364146,0.00010955382535219212,0.0001092446963370284,1.0028296935734988,0.00010871394597846725,0.9951416372935511,0.9485,0.947,0.01014796347910107,-1.6262919842800425,-1.6318586708244003,-0.0055666865443577684,-0.02461065257777824,0.050959653256618574,0.051161971939066436,0.9960455261050372,0.05240444365108078,1.024285063005275,0.959,0.9455,0.10679186831452238,0.0004149639999999994,0.0018164727534427836,0.17379157019097746,0.028301572976088322,0.0462044795321907,0.20427275440115542,0.009431,0.038989,0,1.1102230246251565e-16,0.11689553639319272,0.004942051699446293
loss_coupled_k20,0.1,1000,1000,2000,1,-0.0800147496165664,-0.07937578399999999,0.0006389656165664143,0.08645543610788893,5.2854245068878486e-05,5.46223481685142e-05,0.9676304084514825,5.454608052687851e-05,0.9986037282505614,0.954,0.953,0.01014796347910107,-1.6262919842800425,-1.6202166984251798,0.006075285854862722,0.03798464548673848,0.02519024574012962,0.025580985969533218,0.9847253647740957,0.025838101580055266,1.010051043803717,0.954,0.943,0.10679186831452238,0.00018604100000000183,0.0009493467585661212,0.12845165045107515,0.013740460607810789,0.023387267917020612,0.1462247377249501,0.004728,0.0198335,0,1.1102230246251565e-16,0.055306227501960015,0.0046842288586276416
loss_coupled_k20,0.1,3000,3000,2000,1,-0.0800147496165664,-0.07970866227777777,0.0003060873387886326,0.07173329988827788,1.8002319601157864e-05,1.820744938950473e-05,0.9887337438672157,1.819854881747119e-05,0.9995111576672199,0.9445,0.944,0.01014796347910107,-1.6262919842800425,-1.622703740839589,0.003588243440453498,0.038858308084200585,0.00836361758578115,0.008526995323177739,0.9808399405412476,0.0085611321213634,1.0040033794897096,0.95,0.934,0.10679186831452238,8.384827777777539e-05,0.0003127715063610438,0.07329977238228189,0.005008213971533926,0.00788714821041561,0.08541260930371733,0.0015776666666666667,0.006636333333333333,0,1.1102230246251565e-16,0.020548015928867125,0.005119558086397692
loss_coupled_k20,0.1,3000,5000,2000,1,-0.0800147496165664,-0.07985460298,0.0001601466365664106,0.04828959020532946,1.134014892996251e-05,1.099837704628375e-05,1.0310747560517797,1.0994508483062261e-05,0.9996482605383313,0.943,0.9405,0.016799617859501067,-1.6262919842800425,-1.6248972752049384,0.0013947090751040836,0.018839779092878668,0.005559824485512116,0.0054804426985751815,1.0144845574167891,0.005499449572095504,1.0034681274060695,0.946,0.921,0.16615697157240394,6.867382000000157e-05,0.0002541959729578738,0.07664862421815806,0.00465703568410313,0.006831255216828625,0.09227683501128847,0.0015585,0.0065804999999999995,0,1.3877787807814457e-16,0.01965471418241882,0.005184158562389852
